DIRECTORIO;SECUENCIA_ENCUESTA;SECUENCIA_P;ORDEN;FEX_C;P784S1A3
7910126;1;1;1;211.63378638;2
7910126;1;1;1;211.63378638;2
7910140;1;1;1;107.84788877;3
7910143;1;1;1;138.4946272;3
7910143;2;1;2;138.4946272;4
7910143;3;1;3;138.4946272;5
7910143;1;1;1;138.4946272;3
7910143;2;1;2;138.4946272;4
7910143;3;1;3;138.4946272;5
7910144;1;1;1;167.70899262;6
7910144;1;1;1;167.70899262;6
7910145;1;1;1;232.37878961;3
7910145;1;1;1;232.37878961;3
7910171;1;1;1;64.918774321;2
7910171;2;1;2;64.918774321;3
7910171;1;1;1;64.918774321;2
7910171;2;1;2;64.918774321;3
7910172;1;1;1;80.866679772;2
7910172;2;1;2;80.866679772;3
7910172;1;1;1;80.866679772;2
7910172;2;1;2;80.866679772;3
7910193;1;1;1;14.730082526;2
7910193;1;1;1;14.730082526;2
7910199;1;1;1;20.128821916;2
7910199;1;1;1;20.128821916;2
7910207;1;1;1;18.239891717;4
7910207;1;1;1;18.239891717;4
7910208;1;1;1;266.53083528;5
7910208;1;1;1;266.53083528;5
7910212;1;1;1;244.35443481;2
7910212;1;1;1;244.35443481;2
7910214;1;1;1;13.127932069;1
7910214;1;1;1;13.127932069;1
7910225;1;1;1;40.931910612;3
7910225;1;1;1;40.931910612;3
7910270;1;1;1;42.654115657;3
7910270;2;1;2;42.654115657;4
7910270;1;1;1;42.654115657;3
7910270;2;1;2;42.654115657;4
7910299;1;1;1;134.53643691;5
7910299;2;1;2;134.53643691;6
7910299;1;1;1;134.53643691;5
7910299;2;1;2;134.53643691;6
7910302;1;1;1;122.50257657;3
7910302;2;1;2;122.50257657;4
7910302;3;1;3;122.50257657;5
7910302;4;1;4;122.50257657;6
7910302;1;1;1;122.50257657;3
7910302;2;1;2;122.50257657;4
7910302;3;1;3;122.50257657;5
7910302;4;1;4;122.50257657;6
7910307;1;1;1;91.934809252;1
7910307;1;1;1;91.934809252;1
7910310;1;1;1;30.836439281;3
7910310;1;1;1;30.836439281;3
7910319;1;1;1;165.80005392;1
7910319;1;1;1;165.80005392;1
7910328;1;1;1;189.81816222;4
7910328;1;1;1;189.81816222;4
7910351;1;1;1;75.888252455;2
7910351;1;1;1;75.888252455;2
7910361;1;1;1;202.3641465;2
7910361;1;1;1;202.3641465;2
7910362;1;1;1;417.44770906;3
7910362;2;1;2;417.44770906;4
7910362;3;1;3;417.44770906;6
7910362;4;1;4;417.44770906;7
7910362;1;1;1;417.44770906;3
7910362;2;1;2;417.44770906;4
7910362;3;1;3;417.44770906;6
7910362;4;1;4;417.44770906;7
7910378;1;1;1;62.842436093;3
7910378;1;1;1;62.842436093;3
7910401;1;1;1;206.43767061;2
7910401;2;1;2;206.43767061;3
7910401;1;1;1;206.43767061;2
7910401;2;1;2;206.43767061;3
7910405;1;1;1;470.55010018;3
7910405;2;1;2;470.55010018;4
7910405;3;1;3;470.55010018;5
7910405;1;1;1;470.55010018;3
7910405;2;1;2;470.55010018;4
7910405;3;1;3;470.55010018;5
7910415;1;1;1;407.089181;2
7910415;2;1;2;407.089181;3
7910415;3;1;3;407.089181;4
7910415;1;1;1;407.089181;2
7910415;2;1;2;407.089181;3
7910415;3;1;3;407.089181;4
7910422;1;1;1;65.562298175;2
7910422;1;1;1;65.562298175;2
7910435;1;1;1;213.70266039;3
7910435;2;1;2;213.70266039;4
7910435;1;1;1;213.70266039;3
7910435;2;1;2;213.70266039;4
7910438;1;1;1;42.654115657;3
7910438;1;1;1;42.654115657;3
7910441;1;1;1;30.046548036;2
7910441;1;1;1;30.046548036;2
7910447;1;1;1;16.278635766;2
7910447;1;1;1;16.278635766;2
7910449;1;1;1;16.278635766;2
7910449;1;1;1;16.278635766;2
7910454;1;1;1;58.867861332;2
7910454;1;1;1;58.867861332;2
7910474;1;1;1;463.61049772;4
7910474;1;1;1;463.61049772;4
7910485;1;1;1;326.52340327;3
7910485;2;1;2;326.52340327;4
7910485;1;1;1;326.52340327;3
7910485;2;1;2;326.52340327;4
7910507;1;1;1;38.362370602;2
7910507;1;1;1;38.362370602;2
7910523;1;1;1;26.221261493;3
7910523;1;1;1;26.221261493;3
7910553;1;1;1;11.375057848;1
7910553;1;1;1;11.375057848;1
7910569;1;1;1;152.32741311;2
7910569;2;1;2;152.32741311;3
7910569;1;1;1;152.32741311;2
7910569;2;1;2;152.32741311;3
7910576;1;1;1;29.318574284;3
7910594;1;1;1;63.204771896;3
7910594;1;1;1;63.204771896;3
7910598;1;1;1;213.70266039;3
7910598;1;1;1;213.70266039;3
7910603;1;1;1;169.19575395;2
7910603;2;1;2;169.19575395;3
7910603;3;1;3;169.19575395;4
7910603;4;1;4;169.19575395;5
7910603;1;1;1;169.19575395;2
7910603;2;1;2;169.19575395;3
7910603;3;1;3;169.19575395;4
7910603;4;1;4;169.19575395;5
7910610;1;1;1;48.11315354;2
7910610;1;1;1;48.11315354;2
7910627;1;1;1;252.79635678;1
7910636;1;1;1;176.69210365;4
7910678;1;1;1;168.90078847;2
7910678;2;1;2;168.90078847;3
7910678;1;1;1;168.90078847;2
7910678;2;1;2;168.90078847;3
7910708;1;1;1;150.87816305;2
7910708;1;1;1;150.87816305;2
7910717;1;1;1;11.654300501;2
7910717;1;1;1;11.654300501;2
7910720;1;1;1;98.066035842;2
7910720;1;1;1;98.066035842;2
7910721;1;1;1;134.30183276;4
7910721;2;1;2;134.30183276;5
7910721;1;1;1;134.30183276;4
7910721;2;1;2;134.30183276;5
7910724;1;1;1;43.699740571;2
7910724;2;1;2;43.699740571;3
7910724;3;1;3;43.699740571;4
7910724;1;1;1;43.699740571;2
7910724;2;1;2;43.699740571;3
7910724;3;1;3;43.699740571;4
7910732;1;1;1;66.783387524;2
7910732;2;1;2;66.783387524;3
7910732;1;1;1;66.783387524;2
7910732;2;1;2;66.783387524;3
7910756;1;1;1;43.699740571;3
7910756;1;1;1;43.699740571;3
7910760;1;1;1;578.57762995;1
7910760;1;1;1;578.57762995;1
7910784;1;1;1;230.49444845;3
7910784;1;1;1;230.49444845;3
7910792;1;1;1;48.087428926;2
7910792;2;1;2;48.087428926;3
7910792;1;1;1;48.087428926;2
7910792;2;1;2;48.087428926;3
7910797;1;1;1;43.699740571;2
7910797;1;1;1;43.699740571;2
7910801;1;1;1;60.319325128;3
7910801;2;1;2;60.319325128;4
7910801;1;1;1;60.319325128;3
7910801;2;1;2;60.319325128;4
7910875;1;1;1;174.2505578;4
7910875;1;1;1;174.2505578;4
7910912;1;1;1;287.58824196;3
7910912;2;1;2;287.58824196;4
7910912;3;1;3;287.58824196;5
7910918;1;1;1;89.394570013;1
7910918;1;1;1;89.394570013;1
7910920;1;1;1;227.51378737;2
7910920;2;1;2;227.51378737;3
7910927;1;1;1;10.147422323;3
7910927;1;1;1;10.147422323;3
7910928;1;1;1;99.239805852;4
7910928;1;1;1;99.239805852;4
7910952;1;1;1;7.6257537272;2
7910952;1;1;1;7.6257537272;2
7910976;1;1;1;952.44182239;4
7910976;1;1;1;952.44182239;4
7910982;1;1;1;9.0595787473;3
7910982;1;1;1;9.0595787473;3
7911010;1;1;1;426.04546764;3
7911010;2;1;2;426.04546764;4
7911010;3;1;3;426.04546764;5
7911010;1;1;1;426.04546764;3
7911010;2;1;2;426.04546764;4
7911010;3;1;3;426.04546764;5
7911011;1;1;1;133.95392126;3
7911011;1;1;1;133.95392126;3
7911016;1;1;1;33.78228037;4
7911016;2;1;2;33.78228037;5
7911016;1;1;1;33.78228037;4
7911016;2;1;2;33.78228037;5
7911052;1;1;1;11.524678445;2
7911052;2;1;2;11.524678445;3
7911052;1;1;1;11.524678445;2
7911052;2;1;2;11.524678445;3
7911062;1;1;1;604.37020385;3
7911062;1;1;1;604.37020385;3
7911065;1;1;1;35.444016422;3
7911065;1;1;1;35.444016422;3
7911079;1;1;1;328.42961219;4
7911079;2;1;2;328.42961219;5
7911079;1;1;1;328.42961219;4
7911079;2;1;2;328.42961219;5
7911082;1;1;1;545.8118688;3
7911082;1;1;1;545.8118688;3
7911090;1;1;1;20.900547456;2
7911090;1;1;1;20.900547456;2
7911098;1;1;1;52.839837387;3
7911098;2;1;2;52.839837387;4
7911098;1;1;1;52.839837387;3
7911098;2;1;2;52.839837387;4
7911125;1;1;1;114.33390356;2
7911125;1;1;1;114.33390356;2
7911129;1;1;1;155.68595311;2
7911129;2;1;2;155.68595311;3
7911129;1;1;1;155.68595311;2
7911129;2;1;2;155.68595311;3
7911134;1;1;1;381.28379446;3
7911134;1;1;1;381.28379446;3
7911165;1;1;1;58.896075728;2
7911165;1;1;1;58.896075728;2
7911170;1;1;1;392.97545455;5
7911170;2;1;2;392.97545455;6
7911170;3;1;3;392.97545455;7
7911185;1;1;1;152.555358;6
7911185;1;1;1;152.555358;6
7911190;1;1;1;19.384869701;2
7911190;1;1;1;19.384869701;2
7911234;1;1;1;444.57535138;3
7911234;1;1;1;444.57535138;3
7911235;1;1;1;465.19067956;1
7911235;1;1;1;465.19067956;1
7911236;1;1;1;522.08196135;3
7911236;1;1;1;522.08196135;3
7911238;1;1;1;210.74817606;5
7911238;1;1;1;210.74817606;5
7911277;1;1;1;168.37609419;3
7911277;2;1;2;168.37609419;4
7911277;1;1;1;168.37609419;3
7911277;2;1;2;168.37609419;4
7911280;1;1;1;86.227470151;3
7911280;2;1;2;86.227470151;4
7911280;1;1;1;86.227470151;3
7911280;2;1;2;86.227470151;4
7911293;1;1;1;133.1021128;2
7911293;2;1;2;133.1021128;3
7911293;1;1;1;133.1021128;2
7911293;2;1;2;133.1021128;3
7911307;1;1;1;1146.2262915;1
7911307;1;1;1;1146.2262915;1
7911314;1;1;1;201.06514944;5
7911314;1;1;1;201.06514944;5
7911315;1;1;1;11.838659377;3
7911315;1;1;1;11.838659377;3
7911319;1;1;1;9.0595787473;2
7911319;2;1;2;9.0595787473;3
7911319;1;1;1;9.0595787473;2
7911319;2;1;2;9.0595787473;3
7911322;1;1;1;47.710467693;4
7911322;1;1;1;47.710467693;4
7911327;1;1;1;201.07509308;2
7911327;2;1;2;201.07509308;3
7911327;3;1;3;201.07509308;4
7911327;1;1;1;201.07509308;2
7911327;2;1;2;201.07509308;3
7911327;3;1;3;201.07509308;4
7911330;1;1;1;69.853178366;2
7911330;2;1;2;69.853178366;3
7911330;1;1;1;69.853178366;2
7911330;2;1;2;69.853178366;3
7911338;1;1;1;42.654115657;2
7911338;1;1;1;42.654115657;2
7911344;1;1;1;97.890455473;2
7911344;1;1;1;97.890455473;2
7911360;1;1;1;127.42987357;3
7911360;1;1;1;127.42987357;3
7911362;1;1;1;60.746414298;3
7911362;1;1;1;60.746414298;3
7911378;1;1;1;9.3563483744;2
7911378;1;1;1;9.3563483744;2
7911385;1;1;1;76.675312313;3
7911385;1;1;1;76.675312313;3
7911398;1;1;1;42.654115657;2
7911398;2;1;2;42.654115657;3
7911398;1;1;1;42.654115657;2
7911398;2;1;2;42.654115657;3
7911403;1;1;1;61.281079923;2
7911403;1;1;1;61.281079923;2
7911406;1;1;1;65.20233916;2
7911406;1;1;1;65.20233916;2
7911424;1;1;1;9.3563483744;2
7911424;1;1;1;9.3563483744;2
7911430;1;1;1;9.3563483744;2
7911430;1;1;1;9.3563483744;2
7911431;1;1;1;127.63299598;4
7911431;2;1;2;127.63299598;5
7911431;1;1;1;127.63299598;4
7911431;2;1;2;127.63299598;5
7911439;1;1;1;111.98771183;3
7911439;1;1;1;111.98771183;3
7911473;1;1;1;190.84187077;3
7911491;1;1;1;15.964955669;3
7911491;1;1;1;15.964955669;3
7911541;1;1;1;47.160064984;2
7911541;1;1;1;47.160064984;2
7911545;1;1;1;376.96642832;3
7911545;1;1;1;376.96642832;3
7911559;1;1;1;94.675708551;2
7911559;2;1;2;94.675708551;3
7911559;1;1;1;94.675708551;2
7911559;2;1;2;94.675708551;3
7911572;1;1;1;104.06640689;3
7911572;1;1;1;104.06640689;3
7911596;1;1;1;51.153813009;3
7911596;1;1;1;51.153813009;3
7911597;1;1;1;20.985065475;2
7911597;1;1;1;20.985065475;2
7911606;1;1;1;245.19127825;2
7911606;2;1;2;245.19127825;3
7911606;1;1;1;245.19127825;2
7911606;2;1;2;245.19127825;3
7911607;1;1;1;144.96114596;3
7911607;1;1;1;144.96114596;3
7911613;1;1;1;8.613773394;1
7911613;1;1;1;8.613773394;1
7911615;1;1;1;94.295805842;2
7911615;1;1;1;94.295805842;2
7911620;1;1;1;16.47124635;3
7911620;2;1;2;16.47124635;4
7911620;1;1;1;16.47124635;3
7911620;2;1;2;16.47124635;4
7911621;1;1;1;139.48756818;3
7911621;2;1;2;139.48756818;4
7911640;1;1;1;150.30896439;2
7911640;2;1;2;150.30896439;3
7911640;1;1;1;150.30896439;2
7911640;2;1;2;150.30896439;3
7911643;1;1;1;265.38090048;3
7911643;1;1;1;265.38090048;3
7911658;1;1;1;169.48797324;7
7911658;1;1;1;169.48797324;7
7911670;1;1;1;93.56545687;1
7911670;1;1;1;93.56545687;1
7911688;1;1;1;358.78254528;4
7911688;1;1;1;358.78254528;4
7911697;1;1;1;26.404872653;3
7911697;2;1;2;26.404872653;4
7911697;3;1;3;26.404872653;5
7911697;1;1;1;26.404872653;3
7911697;2;1;2;26.404872653;4
7911697;3;1;3;26.404872653;5
7911760;1;1;1;190.84187077;3
7911760;2;1;2;190.84187077;4
7911760;3;1;3;190.84187077;5
7911760;1;1;1;190.84187077;3
7911760;2;1;2;190.84187077;4
7911760;3;1;3;190.84187077;5
7911761;1;1;1;83.255312539;4
7911761;2;1;2;83.255312539;5
7911789;1;1;1;383.23404194;3
7911789;2;1;2;383.23404194;4
7911789;1;1;1;383.23404194;3
7911789;2;1;2;383.23404194;4
7911841;1;1;1;13.082882723;3
7911841;1;1;1;13.082882723;3
7911842;1;1;1;222.94850551;3
7911842;2;1;2;222.94850551;4
7911842;1;1;1;222.94850551;3
7911842;2;1;2;222.94850551;4
7911846;1;1;1;220.66007961;4
7911846;1;1;1;220.66007961;4
7911849;1;1;1;1535.7000635;3
7911849;1;1;1;1535.7000635;3
7911862;1;1;1;137.6196809;3
7911862;1;1;1;137.6196809;3
7911864;1;1;1;7.8754499602;2
7911864;1;1;1;7.8754499602;2
7911866;1;1;1;74.321788754;2
7911866;1;1;1;74.321788754;2
7911872;1;1;1;23.44417955;4
7911872;1;1;1;23.44417955;4
7911873;1;1;1;248.87567575;1
7911873;1;1;1;248.87567575;1
7911877;2;1;2;101.78387523;3
7911877;3;1;3;101.78387523;4
7911877;1;1;1;101.78387523;2
7911877;1;1;1;101.78387523;2
7911877;2;1;2;101.78387523;3
7911877;3;1;3;101.78387523;4
7911882;1;1;1;45.940124768;3
7911882;2;1;2;45.940124768;4
7911882;3;1;3;45.940124768;5
7911882;1;1;1;45.940124768;3
7911882;2;1;2;45.940124768;4
7911882;3;1;3;45.940124768;5
7911892;1;1;1;69.510444191;3
7911892;1;1;1;69.510444191;3
7911902;1;1;1;77.73831801;4
7911902;1;1;1;77.73831801;4
7911905;1;1;1;83.749653373;4
7911905;2;1;2;83.749653373;5
7911905;1;1;1;83.749653373;4
7911905;2;1;2;83.749653373;5
7911906;1;1;1;576.82190878;4
7911906;1;1;1;576.82190878;4
7911910;1;1;1;107.14151315;1
7911910;1;1;1;107.14151315;1
7911922;1;1;1;186.29712623;3
7911922;1;1;1;186.29712623;3
7911927;1;1;1;202.22847436;2
7911927;1;1;1;202.22847436;2
7911943;1;1;1;265.40767955;3
7911943;2;1;2;265.40767955;4
7911943;1;1;1;265.40767955;3
7911943;2;1;2;265.40767955;4
7911969;1;1;1;65.804605314;2
7911969;1;1;1;65.804605314;2
7911975;1;1;1;47.710467693;3
7911978;1;1;1;77.380074326;2
7911978;1;1;1;77.380074326;2
7911983;1;1;1;199.4440801;2
7911983;1;1;1;199.4440801;2
7911990;1;1;1;494.45984086;3
7911990;2;1;2;494.45984086;4
7911990;3;1;3;494.45984086;5
7911990;1;1;1;494.45984086;3
7911990;2;1;2;494.45984086;4
7911990;3;1;3;494.45984086;5
7911992;1;1;1;151.36676487;3
7911992;2;1;2;151.36676487;4
7911992;3;1;3;151.36676487;5
7911992;1;1;1;151.36676487;3
7911992;2;1;2;151.36676487;4
7911992;3;1;3;151.36676487;5
7912020;1;1;1;169.56145301;2
7912020;1;1;1;169.56145301;2
7912028;1;1;1;104.00880788;3
7912028;2;1;2;104.00880788;4
7912028;1;1;1;104.00880788;3
7912028;2;1;2;104.00880788;4
7912054;1;1;1;86.186747277;3
7912054;2;1;2;86.186747277;4
7912054;3;1;3;86.186747277;5
7912054;1;1;1;86.186747277;3
7912054;2;1;2;86.186747277;4
7912054;3;1;3;86.186747277;5
7912072;1;1;1;482.62882543;4
7912084;1;1;1;75.326441774;4
7912084;1;1;1;75.326441774;4
7912090;1;1;1;221.48389853;3
7912090;1;1;1;221.48389853;3
7912104;1;1;1;659.8476951;3
7912104;1;1;1;659.8476951;3
7912119;1;1;1;274.17718722;2
7912119;2;1;2;274.17718722;3
7912119;1;1;1;274.17718722;2
7912119;2;1;2;274.17718722;3
7912125;1;1;1;1936.0951069;3
7912125;1;1;1;1936.0951069;3
7912136;1;1;1;170.05605767;3
7912136;1;1;1;170.05605767;3
7912142;1;1;1;174.59522665;3
7912142;1;1;1;174.59522665;3
7912149;1;1;1;122.17274498;2
7912149;1;1;1;122.17274498;2
7912150;1;1;1;202.11648022;2
7912150;2;1;2;202.11648022;3
7912150;1;1;1;202.11648022;2
7912150;2;1;2;202.11648022;3
7912153;1;1;1;79.353899169;3
7912153;1;1;1;79.353899169;3
7912171;1;1;1;60.576902253;2
7912171;2;1;2;60.576902253;3
7912171;1;1;1;60.576902253;2
7912171;2;1;2;60.576902253;3
7912186;1;1;1;103.74492268;8
7912186;1;1;1;103.74492268;8
7912194;1;1;1;222.09126648;3
7912194;2;1;2;222.09126648;4
7912195;1;2;1;239.94204378;3
7912195;2;2;2;239.94204378;4
7912195;3;2;3;239.94204378;5
7912195;1;2;1;239.94204378;3
7912195;2;2;2;239.94204378;4
7912195;3;2;3;239.94204378;5
7912219;1;1;1;45.054771264;4
7912219;1;1;1;45.054771264;4
7912226;1;1;1;273.61999373;3
7912226;2;1;2;273.61999373;4
7912226;1;1;1;273.61999373;3
7912226;2;1;2;273.61999373;4
7912237;1;1;1;11.212821537;3
7912237;2;1;2;11.212821537;4
7912237;1;1;1;11.212821537;3
7912237;2;1;2;11.212821537;4
7912241;1;1;1;66.870594556;3
7912241;2;1;2;66.870594556;4
7912241;1;1;1;66.870594556;3
7912241;2;1;2;66.870594556;4
7912249;1;1;1;56.743949483;2
7912249;2;1;2;56.743949483;3
7912249;1;1;1;56.743949483;2
7912249;2;1;2;56.743949483;3
7912250;1;1;1;155.37870706;3
7912250;1;1;1;155.37870706;3
7912252;1;1;1;42.654115657;2
7912253;1;1;1;298.5788096;3
7912253;2;1;2;298.5788096;4
7912253;1;1;1;298.5788096;3
7912253;2;1;2;298.5788096;4
7912258;1;1;1;100.58544203;2
7912258;1;1;1;100.58544203;2
7912260;1;1;1;317.51115037;4
7912260;2;1;2;317.51115037;5
7912260;1;1;1;317.51115037;4
7912260;2;1;2;317.51115037;5
7912261;1;1;1;247.66950716;3
7912261;2;1;2;247.66950716;4
7912261;3;1;3;247.66950716;5
7912261;4;1;4;247.66950716;6
7912261;5;1;5;247.66950716;7
7912261;1;1;1;247.66950716;3
7912261;2;1;2;247.66950716;4
7912261;3;1;3;247.66950716;5
7912261;4;1;4;247.66950716;6
7912261;5;1;5;247.66950716;7
7912263;1;1;1;126.55974827;3
7912263;2;1;2;126.55974827;4
7912263;1;1;1;126.55974827;3
7912263;2;1;2;126.55974827;4
7912270;1;1;1;15.789867783;3
7912270;2;1;2;15.789867783;4
7912270;1;1;1;15.789867783;3
7912270;2;1;2;15.789867783;4
7912277;1;1;1;182.23166887;3
7912277;1;1;1;182.23166887;3
7912281;1;1;1;110.99376634;3
7912281;2;1;2;110.99376634;4
7912281;1;1;1;110.99376634;3
7912281;2;1;2;110.99376634;4
7912284;1;1;1;60.746414298;3
7912290;1;1;1;89.471121779;3
7912290;1;1;1;89.471121779;3
7912298;1;1;1;82.8831019;1
7912298;1;1;1;82.8831019;1
7912301;1;1;1;73.921342347;2
7912323;1;1;1;44.059768534;1
7912323;1;1;1;44.059768534;1
7912334;1;1;1;4.961533475;2
7912334;1;1;1;4.961533475;2
7912347;1;1;1;11.900517937;5
7912347;1;1;1;11.900517937;5
7912350;1;1;1;298.5788096;3
7912350;2;1;2;298.5788096;4
7912359;1;1;1;94.643890409;3
7912359;2;1;2;94.643890409;4
7912359;1;1;1;94.643890409;3
7912359;2;1;2;94.643890409;4
7912376;1;1;1;239.8067693;3
7912376;2;1;2;239.8067693;4
7912376;3;1;3;239.8067693;5
7912395;1;1;1;207.81346186;3
7912395;1;1;1;207.81346186;3
7912399;1;1;1;198.18668759;1
7912399;1;1;1;198.18668759;1
7912410;1;1;1;327.95722199;3
7912410;2;1;2;327.95722199;4
7912410;1;1;1;327.95722199;3
7912410;2;1;2;327.95722199;4
7912414;1;1;1;735.89398125;3
7912414;2;1;2;735.89398125;4
7912414;1;1;1;735.89398125;3
7912414;2;1;2;735.89398125;4
7912417;1;1;1;167.68922503;3
7912417;2;1;2;167.68922503;4
7912417;1;1;1;167.68922503;3
7912417;2;1;2;167.68922503;4
7912447;1;1;1;1352.6886754;2
7912447;2;1;2;1352.6886754;3
7912447;1;1;1;1352.6886754;2
7912447;2;1;2;1352.6886754;3
7912448;1;1;1;184.27619027;3
7912448;2;1;2;184.27619027;4
7912448;3;1;3;184.27619027;5
7912448;4;1;4;184.27619027;6
7912448;1;1;1;184.27619027;3
7912448;2;1;2;184.27619027;4
7912448;3;1;3;184.27619027;5
7912448;4;1;4;184.27619027;6
7912484;1;1;1;338.05119907;2
7912484;2;1;2;338.05119907;3
7912484;1;1;1;338.05119907;2
7912484;2;1;2;338.05119907;3
7912512;1;1;1;192.73141396;5
7912512;2;1;2;192.73141396;6
7912512;1;1;1;192.73141396;5
7912512;2;1;2;192.73141396;6
7912531;1;1;1;228.00108312;2
7912531;1;1;1;228.00108312;2
7912547;1;1;1;61.326884226;3
7912547;2;1;2;61.326884226;4
7912547;3;1;3;61.326884226;5
7912547;1;1;1;61.326884226;3
7912547;2;1;2;61.326884226;4
7912547;3;1;3;61.326884226;5
7912556;1;1;1;42.620821046;3
7912556;1;1;1;42.620821046;3
7912564;1;1;1;120.14576744;3
7912564;1;1;1;120.14576744;3
7912574;1;1;1;73.576909698;2
7912574;2;1;2;73.576909698;3
7912574;1;1;1;73.576909698;2
7912574;2;1;2;73.576909698;3
7912589;1;1;1;216.9455919;3
7912589;1;1;1;216.9455919;3
7912617;1;1;1;108.25518699;3
7912617;1;1;1;108.25518699;3
7912660;1;1;1;14.438992465;2
7912660;1;1;1;14.438992465;2
7912718;1;1;1;179.47100288;2
7912720;1;1;1;26.404872653;3
7912720;1;1;1;26.404872653;3
7912728;1;1;1;167.14876704;5
7912728;1;1;1;167.14876704;5
7912735;1;1;1;252.3242937;2
7912735;1;1;1;252.3242937;2
7912742;1;1;1;239.94426527;2
7912742;2;1;2;239.94426527;3
7912750;2;1;2;258.39989327;4
7912750;1;1;1;258.39989327;3
7912750;1;1;1;258.39989327;3
7912750;2;1;2;258.39989327;4
7912756;1;1;1;138.84546583;5
7912756;2;1;2;138.84546583;6
7912756;1;1;1;138.84546583;5
7912756;2;1;2;138.84546583;6
7912761;1;1;1;178.23345808;2
7912761;2;1;2;178.23345808;3
7912761;1;1;1;178.23345808;2
7912761;2;1;2;178.23345808;3
7912784;1;1;1;164.8532485;4
7912784;1;1;1;164.8532485;4
7912819;1;1;1;270.54991767;5
7912819;1;1;1;270.54991767;5
7912821;1;1;1;316.04438684;1
7912821;1;1;1;316.04438684;1
7912823;1;1;1;12.646476105;3
7912823;2;1;2;12.646476105;4
7912823;3;1;3;12.646476105;5
7912823;1;1;1;12.646476105;3
7912823;2;1;2;12.646476105;4
7912823;3;1;3;12.646476105;5
7912849;1;1;1;125.08368587;5
7912849;1;1;1;125.08368587;5
7912876;1;1;1;94.129412568;3
7912876;2;1;2;94.129412568;4
7912876;1;1;1;94.129412568;3
7912876;2;1;2;94.129412568;4
7912881;1;1;1;115.50566838;3
7912881;1;1;1;115.50566838;3
7912889;1;1;1;276.37577251;3
7912889;1;1;1;276.37577251;3
7912890;1;1;1;106.53407806;2
7912893;1;1;1;81.036551204;3
7912893;2;1;2;81.036551204;4
7912893;1;1;1;81.036551204;3
7912893;2;1;2;81.036551204;4
7912900;1;1;1;115.39859935;2
7912900;1;1;1;115.39859935;2
7912906;1;1;1;476.56312145;3
7912906;1;1;1;476.56312145;3
7912914;1;1;1;27.415516132;2
7912914;2;1;2;27.415516132;3
7912914;1;1;1;27.415516132;2
7912914;2;1;2;27.415516132;3
7912921;1;1;1;23.396473711;4
7912921;2;1;2;23.396473711;5
7912921;3;1;3;23.396473711;6
7912921;1;1;1;23.396473711;4
7912921;2;1;2;23.396473711;5
7912921;3;1;3;23.396473711;6
7912922;1;1;1;97.197728498;2
7912922;2;1;2;97.197728498;3
7912922;1;1;1;97.197728498;2
7912922;2;1;2;97.197728498;3
7912928;1;1;1;165.28389638;3
7912928;1;1;1;165.28389638;3
7912929;1;1;1;88.348703028;2
7912947;1;1;1;107.21630994;3
7912947;1;1;1;107.21630994;3
7912950;1;1;1;149.62312522;4
7912950;2;1;2;149.62312522;8
7912950;3;1;3;149.62312522;9
7912950;1;1;1;149.62312522;4
7912950;2;1;2;149.62312522;8
7912950;3;1;3;149.62312522;9
7912961;1;1;1;18.239891717;2
7912961;1;1;1;18.239891717;2
7912963;1;1;1;71.620914562;3
7912963;1;1;1;71.620914562;3
7912965;1;1;1;114.18790838;3
7912965;1;1;1;114.18790838;3
7912973;1;1;1;204.1803534;3
7912973;1;1;1;204.1803534;3
7912992;1;1;1;159.54246852;2
7912992;1;1;1;159.54246852;2
7912994;1;1;1;87.453810624;3
7912994;2;1;2;87.453810624;4
7912994;1;1;1;87.453810624;3
7912994;2;1;2;87.453810624;4
7913000;1;1;1;91.438106258;2
7913000;1;1;1;91.438106258;2
7913001;1;1;1;166.67795581;2
7913001;1;1;1;166.67795581;2
7913008;1;1;1;75.215639763;1
7913008;1;1;1;75.215639763;1
7913025;1;1;1;99.757430955;2
7913025;1;1;1;99.757430955;2
7913029;1;1;1;291.52195696;3
7913029;2;1;2;291.52195696;4
7913029;1;1;1;291.52195696;3
7913029;2;1;2;291.52195696;4
7913033;1;1;1;5.8789491295;2
7913033;1;1;1;5.8789491295;2
7913036;1;1;1;125.53868526;3
7913036;2;1;2;125.53868526;4
7913051;1;1;1;250.57115974;3
7913051;2;1;2;250.57115974;4
7913051;1;1;1;250.57115974;3
7913051;2;1;2;250.57115974;4
7913084;1;1;1;83.621003739;1
7913084;1;1;1;83.621003739;1
7913110;1;1;1;110.72982036;2
7913110;1;1;1;110.72982036;2
7913184;1;1;1;41.750698717;4
7913189;1;1;1;173.70145878;5
7913189;1;1;1;173.70145878;5
7913200;1;1;1;219.43050777;3
7913200;1;1;1;219.43050777;3
7913213;1;1;1;144.96114596;3
7913213;1;1;1;144.96114596;3
7913225;1;1;1;210.83785316;3
7913225;1;1;1;210.83785316;3
7913234;1;1;1;346.03916421;3
7913234;1;1;1;346.03916421;3
7913236;1;1;1;459.55618783;3
7913236;1;1;1;459.55618783;3
7913247;1;1;1;195.66288979;4
7913250;1;1;1;226.06597967;4
7913250;1;1;1;226.06597967;4
7913251;1;1;1;7.168291229;3
7913251;1;1;1;7.168291229;3
7913263;1;1;1;25.969390495;2
7913263;1;1;1;25.969390495;2
7913269;1;1;1;49.440824902;3
7913269;1;1;1;49.440824902;3
7913284;1;1;1;225.58706029;3
7913284;1;1;1;225.58706029;3
7913321;1;1;1;1434.814944;1
7913321;1;1;1;1434.814944;1
7913326;1;1;1;1542.9798223;2
7913326;2;1;2;1542.9798223;3
7913326;1;1;1;1542.9798223;2
7913326;2;1;2;1542.9798223;3
7913342;1;1;1;10.537164412;3
7913342;2;1;2;10.537164412;4
7913342;1;1;1;10.537164412;3
7913342;2;1;2;10.537164412;4
7913354;1;1;1;109.57452314;2
7913354;1;1;1;109.57452314;2
7913356;1;1;1;239.5578522;3
7913356;2;1;2;239.5578522;4
7913356;3;1;3;239.5578522;5
7913356;1;1;1;239.5578522;3
7913356;2;1;2;239.5578522;4
7913356;3;1;3;239.5578522;5
7913359;1;1;1;145.20157878;3
7913359;1;1;1;145.20157878;3
7913365;1;1;1;24.551717085;2
7913365;1;1;1;24.551717085;2
7913367;1;1;1;8.1174922132;3
7913367;1;1;1;8.1174922132;3
7913371;1;1;1;148.58353082;3
7913371;2;1;2;148.58353082;4
7913371;1;1;1;148.58353082;3
7913371;2;1;2;148.58353082;4
7913372;1;1;1;89.887638363;3
7913372;2;1;2;89.887638363;5
7913372;3;1;3;89.887638363;6
7913372;1;1;1;89.887638363;3
7913372;2;1;2;89.887638363;5
7913372;3;1;3;89.887638363;6
7913390;1;1;1;94.578679686;2
7913390;1;1;1;94.578679686;2
7913395;1;1;1;183.43315199;2
7913395;1;1;1;183.43315199;2
7913423;1;1;1;83.216649687;4
7913423;1;1;1;83.216649687;4
7913424;1;1;1;56.802887748;2
7913424;1;1;1;56.802887748;2
7913429;1;1;1;42.654115657;3
7913429;1;1;1;42.654115657;3
7913445;1;1;1;475.57719138;2
7913445;2;1;2;475.57719138;3
7913445;1;1;1;475.57719138;2
7913445;2;1;2;475.57719138;3
7913449;1;1;1;154.91123552;2
7913449;1;1;1;154.91123552;2
7913482;1;1;1;188.97140965;4
7913482;1;1;1;188.97140965;4
7913502;1;1;1;62.440605863;3
7913502;1;1;1;62.440605863;3
7913504;1;1;1;175.95562804;5
7913504;1;1;1;175.95562804;5
7913513;1;1;1;180.97836892;4
7913513;2;1;2;180.97836892;5
7913513;3;1;3;180.97836892;6
7913513;1;1;1;180.97836892;4
7913513;2;1;2;180.97836892;5
7913513;3;1;3;180.97836892;6
7913524;1;1;1;81.680903146;2
7913524;2;1;2;81.680903146;3
7913524;1;1;1;81.680903146;2
7913524;2;1;2;81.680903146;3
7913535;1;1;1;305.04463763;2
7913535;1;1;1;305.04463763;2
7913551;1;1;1;62.893770841;2
7913551;2;1;2;62.893770841;3
7913551;1;1;1;62.893770841;2
7913551;2;1;2;62.893770841;3
7913557;1;1;1;303.01480164;3
7913557;1;1;1;303.01480164;3
7913574;1;1;1;298.83758243;3
7913574;1;1;1;298.83758243;3
7913581;1;1;1;119.26998287;3
7913581;2;1;2;119.26998287;4
7913581;1;1;1;119.26998287;3
7913581;2;1;2;119.26998287;4
7913593;1;1;1;42.654115657;4
7913593;1;1;1;42.654115657;4
7913649;1;1;1;175.95562804;3
7913649;1;1;1;175.95562804;3
7913658;1;1;1;96.061193368;3
7913658;2;1;2;96.061193368;4
7913658;1;1;1;96.061193368;3
7913658;2;1;2;96.061193368;4
7913670;1;1;1;42.654115657;4
7913670;2;1;2;42.654115657;5
7913670;1;1;1;42.654115657;4
7913670;2;1;2;42.654115657;5
7913688;1;1;1;195.66288979;3
7913688;2;1;2;195.66288979;4
7913688;1;1;1;195.66288979;3
7913688;2;1;2;195.66288979;4
7913689;1;1;1;68.097868938;3
7913689;1;1;1;68.097868938;3
7913698;1;1;1;128.63591056;3
7913698;1;1;1;128.63591056;3
7913710;1;1;1;100.18771912;2
7913710;1;1;1;100.18771912;2
7913725;1;1;1;96.061193368;4
7913725;1;1;1;96.061193368;4
7913736;1;1;1;132.36143073;4
7913747;1;1;1;248.62779573;1
7913747;1;1;1;248.62779573;1
7913748;1;1;1;88.103539622;3
7913748;2;1;2;88.103539622;4
7913748;1;1;1;88.103539622;3
7913748;2;1;2;88.103539622;4
7913753;1;1;1;232.75284164;3
7913753;1;1;1;232.75284164;3
7913773;1;1;1;13.644308917;2
7913773;1;1;1;13.644308917;2
7913788;1;1;1;122.4207272;5
7913788;1;1;1;122.4207272;5
7913842;1;1;1;16.182912111;1
7913842;1;1;1;16.182912111;1
7913865;1;1;1;5.047109966;2
7913865;1;1;1;5.047109966;2
7913874;1;1;1;195.51860047;3
7913874;2;1;2;195.51860047;4
7913887;1;1;1;10.960090433;2
7913887;2;1;2;10.960090433;3
7913887;3;1;3;10.960090433;4
7913887;1;1;1;10.960090433;2
7913887;2;1;2;10.960090433;3
7913887;3;1;3;10.960090433;4
7913944;1;1;1;135.3455856;2
7913944;1;1;1;135.3455856;2
7913945;1;1;1;75.688518997;4
7913945;1;1;1;75.688518997;4
7913958;1;1;1;130.81641298;1
7913958;1;1;1;130.81641298;1
7913960;1;1;1;105.39307626;3
7913960;1;1;1;105.39307626;3
7913985;1;1;1;152.56583937;3
7913985;1;1;1;152.56583937;3
7913991;1;1;1;107.89663607;3
7913991;2;1;2;107.89663607;5
7913991;1;1;1;107.89663607;3
7913991;2;1;2;107.89663607;5
7913995;1;1;1;128.99030172;2
7913995;2;1;2;128.99030172;3
7913995;3;1;3;128.99030172;4
7913995;1;1;1;128.99030172;2
7913995;2;1;2;128.99030172;3
7913995;3;1;3;128.99030172;4
7914026;1;1;1;287.02219648;1
7914026;1;1;1;287.02219648;1
7914027;1;1;1;19.518332468;2
7914027;1;1;1;19.518332468;2
7914049;1;1;1;229.73261247;3
7914049;2;1;2;229.73261247;4
7914049;1;1;1;229.73261247;3
7914049;2;1;2;229.73261247;4
7914054;1;1;1;248.37870875;3
7914054;2;1;2;248.37870875;4
7914054;3;1;3;248.37870875;5
7914054;1;1;1;248.37870875;3
7914054;2;1;2;248.37870875;4
7914054;3;1;3;248.37870875;5
7914058;1;1;1;18.546616549;3
7914058;2;1;2;18.546616549;4
7914058;1;1;1;18.546616549;3
7914058;2;1;2;18.546616549;4
7914063;1;1;1;52.647253642;3
7914063;1;1;1;52.647253642;3
7914081;1;1;1;121.6418778;4
7914081;1;1;1;121.6418778;4
7914085;1;1;1;199.84539171;4
7914085;2;1;2;199.84539171;5
7914085;1;1;1;199.84539171;4
7914085;2;1;2;199.84539171;5
7914088;1;1;1;42.869772336;4
7914088;1;1;1;42.869772336;4
7914104;1;1;1;288.78435539;2
7914104;2;1;2;288.78435539;3
7914104;1;1;1;288.78435539;2
7914104;2;1;2;288.78435539;3
7914111;1;1;1;172.68658992;3
7914111;1;1;1;172.68658992;3
7914131;1;1;1;136.90394785;5
7914131;1;1;1;136.90394785;5
7914141;1;1;1;5.0033391269;2
7914141;2;1;2;5.0033391269;3
7914141;1;1;1;5.0033391269;2
7914141;2;1;2;5.0033391269;3
7914146;1;1;1;16.305791398;1
7914146;1;1;1;16.305791398;1
7914149;1;1;1;11.479888562;3
7914149;2;1;2;11.479888562;4
7914149;1;1;1;11.479888562;3
7914149;2;1;2;11.479888562;4
7914156;1;1;1;126.69389769;3
7914156;1;1;1;126.69389769;3
7914157;1;1;1;134.52161917;4
7914157;1;1;1;134.52161917;4
7914179;1;1;1;269.36195346;6
7914179;2;1;2;269.36195346;8
7914179;3;1;3;269.36195346;9
7914179;1;1;1;269.36195346;6
7914179;2;1;2;269.36195346;8
7914179;3;1;3;269.36195346;9
7914190;1;1;1;102.38406882;2
7914190;1;1;1;102.38406882;2
7914196;1;1;1;215.29613285;3
7914196;2;1;2;215.29613285;4
7914196;3;1;3;215.29613285;5
7914211;1;1;1;216.54673064;3
7914211;2;1;2;216.54673064;4
7914211;3;1;3;216.54673064;5
7914211;4;1;4;216.54673064;6
7914211;1;1;1;216.54673064;3
7914211;2;1;2;216.54673064;4
7914211;3;1;3;216.54673064;5
7914211;4;1;4;216.54673064;6
7914235;1;1;1;137.45365182;3
7914235;2;1;2;137.45365182;4
7914235;1;1;1;137.45365182;3
7914235;2;1;2;137.45365182;4
7914263;1;1;1;87.640738881;2
7914263;2;1;2;87.640738881;2
7914263;1;1;1;87.640738881;2
7914263;2;1;2;87.640738881;2
7914268;1;1;1;146.62825815;5
7914268;1;1;1;146.62825815;5
7914270;1;1;1;80.087647781;5
7914273;1;2;1;28.845220709;2
7914273;1;2;1;28.845220709;2
7914289;1;1;1;27.256139838;3
7914289;1;1;1;27.256139838;3
7914294;1;1;1;215.10271298;3
7914294;2;1;2;215.10271298;4
7914294;3;1;3;215.10271298;5
7914294;1;1;1;215.10271298;3
7914294;2;1;2;215.10271298;4
7914294;3;1;3;215.10271298;5
7914299;1;1;1;167.0151368;3
7914299;2;1;2;167.0151368;4
7914299;1;1;1;167.0151368;3
7914299;2;1;2;167.0151368;4
7914308;1;1;1;289.56147353;3
7914308;2;1;2;289.56147353;4
7914308;1;1;1;289.56147353;3
7914308;2;1;2;289.56147353;4
7914312;1;1;1;165.77730493;5
7914312;1;1;1;165.77730493;5
7914325;1;1;1;253.41797557;1
7914325;1;1;1;253.41797557;1
7914326;1;1;1;247.20665246;2
7914326;1;1;1;247.20665246;2
7914328;1;1;1;274.52930067;3
7914328;1;1;1;274.52930067;3
7914336;1;1;1;142.23705418;2
7914336;1;1;1;142.23705418;2
7914342;1;1;1;157.94334816;5
7914342;1;1;1;157.94334816;5
7914376;1;1;1;152.4363839;2
7914376;1;1;1;152.4363839;2
7914380;1;1;1;18.020307825;3
7914398;1;1;1;126.50349521;5
7914398;2;1;2;126.50349521;6
7914398;2;1;2;126.50349521;6
7914398;1;1;1;126.50349521;5
7914438;1;1;1;3.5467121668;2
7914438;1;1;1;3.5467121668;2
7914444;1;1;1;321.88436075;2
7914444;1;1;1;321.88436075;2
7914450;1;1;1;439.23199193;1
7914450;2;1;2;439.23199193;2
7914450;1;1;1;439.23199193;1
7914450;2;1;2;439.23199193;2
7914450;1;2;1;439.23199193;1
7914450;2;2;2;439.23199193;2
7914450;1;2;1;439.23199193;1
7914450;2;2;2;439.23199193;2
7914453;1;1;1;176.77181464;4
7914453;1;1;1;176.77181464;4
7914481;1;1;1;68.036677481;2
7914481;2;1;2;68.036677481;3
7914481;1;1;1;68.036677481;2
7914481;2;1;2;68.036677481;3
7914499;1;1;1;61.067243287;4
7914506;1;1;1;171.24504637;2
7914506;2;1;2;171.24504637;3
7914506;1;1;1;171.24504637;2
7914506;2;1;2;171.24504637;3
7914510;1;1;1;2.5620323005;5
7914510;1;1;1;2.5620323005;5
7914521;1;1;1;83.226333551;3
7914521;1;1;1;83.226333551;3
7914532;1;1;1;4.5088451154;3
7914532;1;1;1;4.5088451154;3
7914535;1;1;1;274.29876044;2
7914535;1;1;1;274.29876044;2
7914580;1;1;1;71.362637497;2
7914580;1;1;1;71.362637497;2
7914590;1;1;1;104.4243072;3
7914590;1;1;1;104.4243072;3
7914593;1;1;1;225.62923166;5
7914593;1;1;1;225.62923166;5
7914597;1;1;1;110.31511789;4
7914597;2;1;2;110.31511789;5
7914597;1;1;1;110.31511789;4
7914597;2;1;2;110.31511789;5
7914598;1;1;1;20.238203461;2
7914598;1;1;1;20.238203461;2
7914626;1;1;1;230.66601259;1
7914626;1;1;1;230.66601259;1
7914629;1;1;1;4.0888929609;3
7914629;2;1;2;4.0888929609;4
7914629;1;1;1;4.0888929609;3
7914629;2;1;2;4.0888929609;4
7919222;1;1;1;398.48485174;2
7919222;2;1;2;398.48485174;3
7919222;1;1;1;398.48485174;2
7919222;2;1;2;398.48485174;3
7919241;1;1;1;194.0260293;3
7919241;1;1;1;194.0260293;3
7919271;1;1;1;164.13056631;2
7919271;1;1;1;164.13056631;2
7919275;1;1;1;190.84187077;3
7919275;2;1;2;190.84187077;4
7919275;3;1;3;190.84187077;5
7919275;1;1;1;190.84187077;3
7919275;2;1;2;190.84187077;4
7919275;3;1;3;190.84187077;5
7919282;1;1;1;101.3178623;2
7919282;1;1;1;101.3178623;2
7919292;1;1;1;129.75142079;2
7919292;1;1;1;129.75142079;2
7919305;1;1;1;74.179438487;4
7919305;1;1;1;74.179438487;4
7919357;1;1;1;78.613266956;3
7919357;1;1;1;78.613266956;3
7919368;1;1;1;5.830549649;2
7919368;1;1;1;5.830549649;2
7919372;1;1;1;36.330068028;3
7919372;1;1;1;36.330068028;3
7919374;1;1;1;64.170223049;3
7919374;2;1;2;64.170223049;4
7919374;1;1;1;64.170223049;3
7919374;2;1;2;64.170223049;4
7919390;1;1;1;92.599687113;3
7919390;2;1;2;92.599687113;5
7919390;1;1;1;92.599687113;3
7919390;2;1;2;92.599687113;5
7919394;1;1;1;118.42526469;6
7919394;1;1;1;118.42526469;6
7919413;1;1;1;95.368898899;4
7919413;1;1;1;95.368898899;4
7919422;1;1;1;425.65759765;2
7919422;1;1;1;425.65759765;2
7919435;1;1;1;408.72941363;2
7919435;2;1;2;408.72941363;3
7919435;1;1;1;408.72941363;2
7919435;2;1;2;408.72941363;3
7919441;1;1;1;68.60342998;3
7919441;2;1;2;68.60342998;4
7919441;1;1;1;68.60342998;3
7919441;2;1;2;68.60342998;4
7919448;1;1;1;42.020815267;4
7919448;1;1;1;42.020815267;4
7919492;1;1;1;43.339375066;3
7919496;1;1;1;9.6859510692;4
7919496;2;1;2;9.6859510692;5
7919503;1;1;1;450.05282937;4
7919503;2;1;2;450.05282937;5
7919503;1;1;1;450.05282937;4
7919503;2;1;2;450.05282937;5
7919515;1;1;1;190.84187077;4
7919515;2;1;2;190.84187077;5
7919515;1;1;1;190.84187077;4
7919515;2;1;2;190.84187077;5
7919522;1;1;1;29.901244246;4
7919522;1;1;1;29.901244246;4
7919532;1;1;1;72.961187568;3
7919532;2;1;2;72.961187568;5
7919532;1;1;1;72.961187568;3
7919532;2;1;2;72.961187568;5
7919535;1;1;1;314.51162605;4
7919535;1;1;1;314.51162605;4
7919548;1;1;1;37.164895742;3
7919548;1;1;1;37.164895742;3
7919558;1;1;1;302.86678378;4
7919558;1;1;1;302.86678378;4
7919567;1;1;1;20.985065475;3
7919567;2;1;2;20.985065475;4
7919567;1;1;1;20.985065475;3
7919567;2;1;2;20.985065475;4
7919570;1;1;1;305.88662046;3
7919570;2;1;2;305.88662046;4
7919570;1;1;1;305.88662046;3
7919570;2;1;2;305.88662046;4
7919576;1;1;1;56.601443563;2
7919576;1;1;1;56.601443563;2
7919591;1;1;1;155.33138092;3
7919591;1;1;1;155.33138092;3
7919599;1;1;1;76.464633128;2
7919599;1;1;1;76.464633128;2
7919601;1;1;1;18.743967083;3
7919601;1;1;1;18.743967083;3
7919605;1;1;1;132.24541514;2
7919605;2;1;2;132.24541514;3
7919605;1;1;1;132.24541514;2
7919605;2;1;2;132.24541514;3
7919608;1;1;1;191.90120349;4
7919608;1;1;1;191.90120349;4
7919609;1;1;1;122.4596642;2
7919609;2;1;2;122.4596642;3
7919609;1;1;1;122.4596642;2
7919609;2;1;2;122.4596642;3
7919611;1;1;1;109.15670501;2
7919611;2;1;2;109.15670501;3
7919611;3;1;3;109.15670501;4
7919611;1;1;1;109.15670501;2
7919611;2;1;2;109.15670501;3
7919611;3;1;3;109.15670501;4
7919612;1;1;1;167.40257871;3
7919612;2;1;2;167.40257871;4
7919612;3;1;3;167.40257871;5
7919612;1;1;1;167.40257871;3
7919612;2;1;2;167.40257871;4
7919612;3;1;3;167.40257871;5
7919613;1;1;1;132.24541514;2
7919613;2;1;2;132.24541514;3
7919613;1;1;1;132.24541514;2
7919613;2;1;2;132.24541514;3
7919651;1;1;1;47.710467693;3
7919651;2;1;2;47.710467693;4
7919651;1;1;1;47.710467693;3
7919651;2;1;2;47.710467693;4
7919661;1;1;1;94.396714916;3
7919661;2;1;2;94.396714916;4
7919661;3;1;3;94.396714916;5
7919661;1;1;1;94.396714916;3
7919661;2;1;2;94.396714916;4
7919661;3;1;3;94.396714916;5
7919666;1;1;1;484.3494479;2
7919666;2;1;2;484.3494479;3
7919666;1;1;1;484.3494479;2
7919666;2;1;2;484.3494479;3
7919677;1;1;1;190.84187077;4
7919677;2;1;2;190.84187077;5
7919677;3;1;3;190.84187077;6
7919677;1;1;1;190.84187077;4
7919677;2;1;2;190.84187077;5
7919677;3;1;3;190.84187077;6
7919692;1;1;1;200.74158664;3
7919692;2;1;2;200.74158664;4
7919692;1;1;1;200.74158664;3
7919692;2;1;2;200.74158664;4
7919696;1;1;1;147.19071924;3
7919696;1;1;1;147.19071924;3
7919698;1;1;1;264.57367959;2
7919698;2;1;2;264.57367959;3
7919698;1;1;1;264.57367959;2
7919698;2;1;2;264.57367959;3
7919746;1;1;1;247.88141624;3
7919746;2;1;2;247.88141624;4
7919746;1;1;1;247.88141624;3
7919746;2;1;2;247.88141624;4
7919762;1;1;1;240.88990396;3
7919762;2;1;2;240.88990396;4
7919762;1;1;1;240.88990396;3
7919762;2;1;2;240.88990396;4
7919766;1;1;1;8.3452776154;2
7919766;1;1;1;8.3452776154;2
7919773;1;1;1;19.921073866;1
7919773;2;1;2;19.921073866;2
7919773;1;1;1;19.921073866;1
7919773;2;1;2;19.921073866;2
7919801;1;1;1;734.65779313;3
7919801;2;1;2;734.65779313;4
7919801;1;1;1;734.65779313;3
7919801;2;1;2;734.65779313;4
7919813;1;1;1;202.38997744;3
7919813;1;1;1;202.38997744;3
7919833;1;1;1;446.34944263;1
7919833;1;1;1;446.34944263;1
7919841;1;1;1;77.167957906;2
7919841;1;1;1;77.167957906;2
7919846;1;1;1;263.21821634;5
7919846;1;1;1;263.21821634;5
7919847;1;1;1;112.70893434;3
7919847;1;1;1;112.70893434;3
7919851;1;1;1;162.81143439;3
7919851;2;1;2;162.81143439;4
7919851;1;1;1;162.81143439;3
7919851;2;1;2;162.81143439;4
7919854;1;1;1;259.52937315;3
7919855;1;1;1;7.0469198549;1
7919855;1;1;1;7.0469198549;1
7919870;1;1;1;125.85064023;1
7919870;1;1;1;125.85064023;1
7919874;1;1;1;176.49861698;3
7919874;2;1;2;176.49861698;4
7919874;1;1;1;176.49861698;3
7919874;2;1;2;176.49861698;4
7919882;1;1;1;83.712904743;3
7919882;1;1;1;83.712904743;3
7919889;1;1;1;64.676875175;2
7919889;1;1;1;64.676875175;2
7919895;1;1;1;122.2760682;1
7919899;1;1;1;211.98555541;2
7919899;1;1;1;211.98555541;2
7919901;1;1;1;395.28693374;2
7919901;2;1;2;395.28693374;3
7919901;1;1;1;395.28693374;2
7919901;2;1;2;395.28693374;3
7919902;1;1;1;202.33714413;3
7919902;1;1;1;202.33714413;3
7919911;1;1;1;671.65674794;2
7919911;2;1;2;671.65674794;3
7919911;1;1;1;671.65674794;2
7919911;2;1;2;671.65674794;3
7919922;1;1;1;296.33749317;7
7919922;2;1;2;296.33749317;8
7919922;1;1;1;296.33749317;7
7919922;2;1;2;296.33749317;8
7919929;1;1;1;58.842852852;2
7919929;2;1;2;58.842852852;3
7919929;1;1;1;58.842852852;2
7919929;2;1;2;58.842852852;3
7919935;1;1;1;70.047114586;2
7919935;1;1;1;70.047114586;2
7919940;1;1;1;119.00471976;3
7919940;1;1;1;119.00471976;3
7919955;1;1;1;84.054290938;3
7919955;2;1;2;84.054290938;5
7919955;1;1;1;84.054290938;3
7919955;2;1;2;84.054290938;5
7919993;1;1;1;131.45442085;2
7920001;1;1;1;72.473767677;3
7920001;1;1;1;72.473767677;3
7920010;1;1;1;9.4935291685;3
7920010;2;1;2;9.4935291685;4
7920010;1;1;1;9.4935291685;3
7920010;2;1;2;9.4935291685;4
7920051;1;1;1;460.35815079;5
7920051;1;1;1;460.35815079;5
7920081;1;1;1;109.37423868;2
7920081;1;1;1;109.37423868;2
7920089;1;1;1;108.24900924;3
7920089;1;1;1;108.24900924;3
7920098;1;1;1;418.58626984;1
7920098;1;1;1;418.58626984;1
7920101;1;1;1;9.0788228946;1
7920101;2;1;2;9.0788228946;6
7920101;1;1;1;9.0788228946;1
7920101;2;1;2;9.0788228946;6
7920105;1;1;1;359.7614339;2
7920105;1;1;1;359.7614339;2
7920125;1;1;1;92.347266739;2
7920125;2;1;2;92.347266739;3
7920125;1;1;1;92.347266739;2
7920125;2;1;2;92.347266739;3
7920126;1;1;1;120.07613225;3
7920126;2;1;2;120.07613225;4
7920126;3;1;3;120.07613225;5
7920126;1;1;1;120.07613225;3
7920126;2;1;2;120.07613225;4
7920126;3;1;3;120.07613225;5
7920129;1;1;1;108.24938989;1
7920129;1;1;1;108.24938989;1
7920136;1;1;1;56.000907472;4
7920136;1;1;1;56.000907472;4
7920144;1;1;1;384.53239661;2
7920146;1;1;1;143.43282813;4
7920146;2;1;2;143.43282813;5
7920146;3;1;3;143.43282813;5
7920146;1;1;1;143.43282813;4
7920146;2;1;2;143.43282813;5
7920146;3;1;3;143.43282813;5
7920149;1;1;1;9.0457452289;1
7920181;1;1;1;118.74482026;3
7920181;1;1;1;118.74482026;3
7920183;1;1;1;99.507089142;2
7920183;1;1;1;99.507089142;2
7920184;1;1;1;91.660560626;3
7920184;2;1;2;91.660560626;4
7920184;1;1;1;91.660560626;3
7920184;2;1;2;91.660560626;4
7920204;1;1;1;141.81003752;3
7920204;2;1;2;141.81003752;4
7920204;3;1;3;141.81003752;5
7920204;1;1;1;141.81003752;3
7920204;2;1;2;141.81003752;4
7920204;3;1;3;141.81003752;5
7920213;1;1;1;236.98957852;1
7920213;1;1;1;236.98957852;1
7920246;1;1;1;161.98605141;3
7920246;2;1;2;161.98605141;4
7920246;1;1;1;161.98605141;3
7920246;2;1;2;161.98605141;4
7920249;1;1;1;589.28562038;1
7920249;1;1;1;589.28562038;1
7920254;1;1;1;129.93816966;3
7920254;2;1;2;129.93816966;2
7920254;1;1;1;129.93816966;3
7920254;2;1;2;129.93816966;2
7920261;1;1;1;142.36349285;2
7920261;1;1;1;142.36349285;2
7920272;1;1;1;149.4207116;4
7920272;1;1;1;149.4207116;4
7920277;1;1;1;95.732449097;3
7920277;2;1;2;95.732449097;5
7920277;1;1;1;95.732449097;3
7920277;2;1;2;95.732449097;5
7920288;1;1;1;123.66015966;3
7920288;1;1;1;123.66015966;3
7920344;1;1;1;91.721056316;2
7920344;1;1;1;91.721056316;2
7920355;1;1;1;134.16606676;1
7920355;2;1;2;134.16606676;2
7920355;1;1;1;134.16606676;1
7920355;2;1;2;134.16606676;2
7920365;1;1;1;58.676984019;2
7920365;1;1;1;58.676984019;2
7920374;1;1;1;119.92351076;3
7920374;1;1;1;119.92351076;3
7920387;1;1;1;138.65702628;1
7920387;1;1;1;138.65702628;1
7920414;1;1;1;160.53469131;3
7920414;1;1;1;160.53469131;3
7920415;1;1;1;26.237416145;1
7920415;1;1;1;26.237416145;1
7920443;1;1;1;59.479034699;2
7920443;2;1;2;59.479034699;3
7920443;1;1;1;59.479034699;2
7920443;2;1;2;59.479034699;3
7920449;1;1;1;287.05529181;3
7920449;1;1;1;287.05529181;3
7920466;1;1;1;74.359730348;3
7920466;2;1;2;74.359730348;4
7920466;1;1;1;74.359730348;3
7920466;2;1;2;74.359730348;4
7920468;1;1;1;58.589520741;2
7920468;1;1;1;58.589520741;2
7920484;1;1;1;192.74994934;2
7920484;1;1;1;192.74994934;2
7920486;1;1;1;85.581154042;5
7920486;1;1;1;85.581154042;5
7920503;1;1;1;229.23110003;2
7920503;2;1;2;229.23110003;3
7920503;1;1;1;229.23110003;2
7920503;2;1;2;229.23110003;3
7920511;1;1;1;301.36777449;2
7920511;1;1;1;301.36777449;2
7920515;1;1;1;327.16896695;2
7920515;1;1;1;327.16896695;2
7920523;1;1;1;69.149800992;1
7920523;1;1;1;69.149800992;1
7920541;1;1;1;99.599198897;1
7920541;1;1;1;99.599198897;1
7920564;1;1;1;71.046962513;3
7920564;1;1;1;71.046962513;3
7920618;1;1;1;22.894429459;5
7920618;2;1;2;22.894429459;6
7920618;1;1;1;22.894429459;5
7920618;2;1;2;22.894429459;6
7920619;1;1;1;38.329674201;3
7920619;2;1;2;38.329674201;4
7920619;1;1;1;38.329674201;3
7920619;2;1;2;38.329674201;4
7920651;1;1;1;5.8354071324;2
7920651;1;1;1;5.8354071324;2
7920665;1;1;1;14.542408917;2
7920665;1;1;1;14.542408917;2
7920666;1;1;1;447.61219616;2
7920666;1;1;1;447.61219616;2
7920721;1;1;1;23.437979581;3
7920721;2;1;2;23.437979581;4
7920721;1;1;1;23.437979581;3
7920721;2;1;2;23.437979581;4
7920725;1;1;1;366.45304295;5
7920725;1;1;1;366.45304295;5
7920730;1;1;1;292.66680938;2
7920730;2;1;2;292.66680938;3
7920730;1;1;1;292.66680938;2
7920730;2;1;2;292.66680938;3
7920746;1;1;1;317.09389713;2
7920746;2;1;2;317.09389713;3
7920746;3;1;3;317.09389713;4
7920746;1;1;1;317.09389713;2
7920746;2;1;2;317.09389713;3
7920746;3;1;3;317.09389713;4
7920756;1;1;1;122.76913944;2
7920756;2;1;2;122.76913944;3
7920756;1;1;1;122.76913944;2
7920756;2;1;2;122.76913944;3
7920775;1;1;1;431.91465993;2
7920778;1;1;1;424.94065164;4
7920778;2;1;2;424.94065164;5
7920778;3;1;3;424.94065164;6
7920778;1;1;1;424.94065164;4
7920778;2;1;2;424.94065164;5
7920778;3;1;3;424.94065164;6
7920779;1;1;1;263.74492472;4
7920785;1;1;1;207.31381469;4
7920785;1;1;1;207.31381469;4
7920788;1;1;1;1234.3838579;3
7920788;1;1;1;1234.3838579;3
7920796;1;1;1;191.57243578;2
7920796;1;1;1;191.57243578;2
7920812;1;1;1;1252.0090499;2
7920812;2;1;2;1252.0090499;3
7920812;3;1;3;1252.0090499;4
7920812;1;1;1;1252.0090499;2
7920812;2;1;2;1252.0090499;3
7920812;3;1;3;1252.0090499;4
7920838;1;1;1;7.0639138971;3
7920838;1;1;1;7.0639138971;3
7920856;1;1;1;71.32164477;2
7920860;1;1;1;293.10436299;1
7920860;1;1;1;293.10436299;1
7920867;1;1;1;689.06629639;3
7920867;2;1;2;689.06629639;5
7920867;1;1;1;689.06629639;3
7920867;2;1;2;689.06629639;5
7920868;1;1;1;186.12679908;3
7920868;1;1;1;186.12679908;3
7920871;1;1;1;211.0383408;2
7920871;2;1;2;211.0383408;3
7920871;1;1;1;211.0383408;2
7920871;2;1;2;211.0383408;3
7920893;1;1;1;473.63195495;3
7920893;1;1;1;473.63195495;3
7920897;1;1;1;82.007768325;3
7920897;2;1;2;82.007768325;4
7920897;1;1;1;82.007768325;3
7920897;2;1;2;82.007768325;4
7920907;1;1;1;689.26585426;3
7920907;1;1;1;689.26585426;3
7920911;1;1;1;163.79215799;2
7920911;1;1;1;163.79215799;2
7920912;1;1;1;45.863907505;3
7920912;2;1;2;45.863907505;4
7920912;1;1;1;45.863907505;3
7920912;2;1;2;45.863907505;4
7920914;1;1;1;28.412818303;3
7920914;2;1;2;28.412818303;4
7920914;1;1;1;28.412818303;3
7920914;2;1;2;28.412818303;4
7920928;1;1;1;178.22756574;4
7920928;1;1;1;178.22756574;4
7920930;1;1;1;363.43078775;4
7920930;1;1;1;363.43078775;4
7920950;1;1;1;44.157158151;3
7920950;1;1;1;44.157158151;3
7920971;1;1;1;512.9332971;1
7920971;1;1;1;512.9332971;1
7920985;1;1;1;132.11494809;5
7920989;1;1;1;56.788276042;5
7920989;1;1;1;56.788276042;5
7920993;1;1;1;54.537076022;3
7920993;2;1;2;54.537076022;4
7920993;1;1;1;54.537076022;3
7920993;2;1;2;54.537076022;4
7921004;1;1;1;9.8638618206;2
7921004;1;1;1;9.8638618206;2
7921027;1;1;1;101.7549618;2
7921027;2;1;2;101.7549618;1
7921027;1;1;1;101.7549618;2
7921027;2;1;2;101.7549618;1
7921031;1;1;1;125.89520617;1
7921031;1;1;1;125.89520617;1
7921042;1;1;1;44.157158151;3
7921042;1;1;1;44.157158151;3
7921047;1;1;1;307.1377571;3
7921047;2;1;2;307.1377571;4
7921047;1;1;1;307.1377571;3
7921047;2;1;2;307.1377571;4
7921048;1;1;1;39.36624312;4
7921048;1;1;1;39.36624312;4
7921062;1;1;1;108.58889793;2
7921062;2;1;2;108.58889793;3
7921062;3;1;3;108.58889793;4
7921063;1;1;1;6.2762724975;2
7921063;1;1;1;6.2762724975;2
7921078;1;1;1;967.69325417;4
7921078;1;1;1;967.69325417;4
7921104;1;1;1;359.03778306;1
7921104;1;1;1;359.03778306;1
7921142;1;1;1;83.391212789;2
7921142;2;1;2;83.391212789;3
7921142;1;1;1;83.391212789;2
7921142;2;1;2;83.391212789;3
7921148;1;1;1;7.0639138971;3
7921148;1;1;1;7.0639138971;3
7921149;1;1;1;130.43045404;3
7921149;1;1;1;130.43045404;3
7921151;1;1;1;10.118755093;3
7921151;1;1;1;10.118755093;3
7921160;1;1;1;215.38189593;3
7921160;2;1;2;215.38189593;4
7921160;1;1;1;215.38189593;3
7921160;2;1;2;215.38189593;4
7921167;1;1;1;515.90858693;3
7921167;2;1;2;515.90858693;4
7921167;1;1;1;515.90858693;3
7921167;2;1;2;515.90858693;4
7921172;1;1;1;143.8192613;3
7921172;2;1;2;143.8192613;4
7921172;1;1;1;143.8192613;3
7921172;2;1;2;143.8192613;4
7921174;1;1;1;53.845473983;4
7921174;1;1;1;53.845473983;4
7921182;1;1;1;21.116043847;3
7921182;2;1;2;21.116043847;4
7921182;1;1;1;21.116043847;3
7921182;2;1;2;21.116043847;4
7921188;1;1;1;35.658555646;3
7921188;1;1;1;35.658555646;3
7921197;1;1;1;142.58259315;4
7921197;2;1;2;142.58259315;5
7921211;1;1;1;439.90201146;3
7921211;2;1;2;439.90201146;4
7921230;1;1;1;285.01821711;3
7921230;1;1;1;285.01821711;3
7921248;1;1;1;7.0639138971;3
7921248;1;1;1;7.0639138971;3
7921250;1;1;1;53.845473983;2
7921250;1;1;1;53.845473983;2
7921256;1;1;1;112.47625285;3
7921256;2;1;2;112.47625285;4
7921256;1;1;1;112.47625285;3
7921256;2;1;2;112.47625285;4
7921272;1;1;1;291.68522443;3
7921272;1;1;1;291.68522443;3
7921276;1;1;1;76.944506827;3
7921276;2;1;2;76.944506827;4
7921276;3;1;3;76.944506827;5
7921276;1;1;1;76.944506827;3
7921276;2;1;2;76.944506827;4
7921276;3;1;3;76.944506827;5
7921291;1;1;1;62.639554041;4
7921291;1;1;1;62.639554041;4
7921326;1;1;1;5.31062524;1
7921326;1;1;1;5.31062524;1
7921330;1;1;1;90.279917555;3
7921330;2;1;2;90.279917555;3
7921330;1;1;1;90.279917555;3
7921330;2;1;2;90.279917555;3
7921335;1;1;1;10.301241079;2
7921335;1;1;1;10.301241079;2
7921366;1;1;1;2.6836103132;3
7921366;1;1;1;2.6836103132;3
7921380;1;1;1;4.6738024414;4
7921380;1;1;1;4.6738024414;4
7921385;1;1;1;423.73721013;2
7921385;1;1;1;423.73721013;2
7921405;1;1;1;124.35953274;3
7921405;1;1;1;124.35953274;3
7921409;1;1;1;14.542408917;3
7921409;2;1;2;14.542408917;4
7921409;1;1;1;14.542408917;3
7921409;2;1;2;14.542408917;4
7921417;1;1;1;176.21184611;8
7921417;1;1;1;176.21184611;8
7921440;1;1;1;93.301884825;5
7921440;2;1;2;93.301884825;6
7921440;1;1;1;93.301884825;5
7921440;2;1;2;93.301884825;6
7921445;1;1;1;259.07125862;8
7921445;1;1;1;259.07125862;8
7921466;1;1;1;151.29824044;3
7921466;2;1;2;151.29824044;4
7921466;1;1;1;151.29824044;3
7921466;2;1;2;151.29824044;4
7921468;1;1;1;248.35973096;1
7921476;1;1;1;5.3049155749;2
7921476;1;1;1;5.3049155749;2
7921478;1;1;1;557.67648523;3
7921478;2;1;2;557.67648523;5
7921478;1;1;1;557.67648523;3
7921478;2;1;2;557.67648523;5
7921487;1;1;1;387.78060524;2
7921487;2;1;2;387.78060524;3
7921487;3;1;3;387.78060524;4
7921487;4;1;4;387.78060524;5
7921487;1;1;1;387.78060524;2
7921487;2;1;2;387.78060524;3
7921487;3;1;3;387.78060524;4
7921487;4;1;4;387.78060524;5
7921502;1;1;1;60.971465945;3
7921502;2;1;2;60.971465945;4
7921502;3;1;3;60.971465945;5
7921502;1;1;1;60.971465945;3
7921502;2;1;2;60.971465945;4
7921502;3;1;3;60.971465945;5
7921514;1;1;1;395.76029012;4
7921514;1;1;1;395.76029012;4
7921517;1;1;1;7.2942589155;2
7921517;1;1;1;7.2942589155;2
7921518;1;1;1;390.86855373;2
7921518;2;1;2;390.86855373;3
7921518;1;1;1;390.86855373;2
7921518;2;1;2;390.86855373;3
7921520;1;1;1;171.91991507;3
7921520;2;1;2;171.91991507;4
7921520;3;1;3;171.91991507;5
7921520;1;1;1;171.91991507;3
7921520;2;1;2;171.91991507;4
7921520;3;1;3;171.91991507;5
7921533;1;1;1;73.071606329;3
7921533;1;1;1;73.071606329;3
7921552;1;1;1;24.598851965;5
7921552;1;1;1;24.598851965;5
7921587;1;1;1;70.033153664;3
7921587;1;1;1;70.033153664;3
7921592;1;1;1;61.610184543;6
7921592;1;1;1;61.610184543;6
7921607;1;1;1;209.7543189;2
7921607;2;1;2;209.7543189;3
7921607;1;1;1;209.7543189;2
7921607;2;1;2;209.7543189;3
7921616;1;1;1;250.88716869;3
7921616;1;1;1;250.88716869;3
7921623;1;1;1;356.19561241;2
7921623;1;1;1;356.19561241;2
7921628;1;1;1;7.2942589155;3
7921628;2;1;2;7.2942589155;4
7921630;1;1;1;3.4476093093;1
7921630;1;1;1;3.4476093093;1
7921636;1;1;1;274.08197025;2
7921636;1;1;1;274.08197025;2
7921666;1;1;1;282.39147113;3
7921666;1;1;1;282.39147113;3
7921670;1;1;1;41.556503675;2
7921670;1;1;1;41.556503675;2
7921671;1;1;1;34.894631037;3
7921671;2;1;2;34.894631037;4
7921671;1;1;1;34.894631037;3
7921671;2;1;2;34.894631037;4
7921673;1;1;1;236.54000598;2
7921673;1;1;1;236.54000598;2
7921677;1;1;1;34.058162383;3
7921677;2;1;2;34.058162383;3
7921677;1;1;1;34.058162383;3
7921677;2;1;2;34.058162383;3
7921680;1;1;1;25.617799333;2
7921680;2;1;2;25.617799333;3
7921680;3;1;3;25.617799333;4
7921680;1;1;1;25.617799333;2
7921680;2;1;2;25.617799333;3
7921680;3;1;3;25.617799333;4
7921685;1;1;1;28.57380764;3
7921685;1;1;1;28.57380764;3
7921687;1;1;1;222.39232718;3
7921687;1;1;1;222.39232718;3
7921689;1;1;1;29.836036417;6
7921689;1;1;1;29.836036417;6
7921691;2;1;2;31.102154075;3
7921691;1;1;1;31.102154075;2
7921691;2;1;2;31.102154075;3
7921691;1;1;1;31.102154075;2
7921708;1;1;1;19.882538108;1
7921708;1;1;1;19.882538108;1
7921763;1;1;1;36.614264297;2
7921763;1;1;1;36.614264297;2
7921764;1;1;1;27.964131204;3
7921764;1;1;1;27.964131204;3
7921768;1;1;1;19.220058158;5
7921768;1;1;1;19.220058158;5
7921788;1;1;1;374.15076231;1
7921788;1;1;1;374.15076231;1
7921800;1;1;1;32.016078798;3
7921800;2;1;2;32.016078798;4
7921800;1;1;1;32.016078798;3
7921800;2;1;2;32.016078798;4
7921805;1;1;1;142.63422259;3
7921805;2;1;2;142.63422259;4
7921805;3;1;3;142.63422259;5
7921805;1;1;1;142.63422259;3
7921805;2;1;2;142.63422259;4
7921805;3;1;3;142.63422259;5
7921807;1;1;1;194.44415693;3
7921807;2;1;2;194.44415693;4
7921807;3;1;3;194.44415693;5
7921807;1;1;1;194.44415693;3
7921807;2;1;2;194.44415693;4
7921807;3;1;3;194.44415693;5
7921846;1;1;1;53.502871299;3
7921846;2;1;2;53.502871299;4
7921846;1;1;1;53.502871299;3
7921846;2;1;2;53.502871299;4
7921848;1;1;1;107.73257248;3
7921848;1;1;1;107.73257248;3
7921856;1;1;1;556.73840052;2
7921856;1;1;1;556.73840052;2
7921874;1;1;1;118.97917058;4
7921874;1;1;1;118.97917058;4
7921878;1;1;1;22.771891409;4
7921878;1;1;1;22.771891409;4
7921888;1;1;1;151.51152015;2
7921888;2;1;2;151.51152015;3
7921888;1;1;1;151.51152015;2
7921888;2;1;2;151.51152015;3
7921900;1;1;1;222.28017757;5
7921900;2;1;2;222.28017757;6
7921900;1;1;1;222.28017757;5
7921900;2;1;2;222.28017757;6
7921905;1;1;1;52.418531745;5
7921905;1;1;1;52.418531745;5
7921909;1;1;1;4.961533475;2
7921909;1;1;1;4.961533475;2
7921931;1;1;1;5.465891253;3
7921931;2;1;2;5.465891253;4
7921931;1;1;1;5.465891253;3
7921931;2;1;2;5.465891253;4
7921936;1;1;1;30.841913983;2
7921936;1;1;1;30.841913983;2
7921957;1;1;1;158.14828723;2
7921957;2;1;2;158.14828723;3
7921957;1;1;1;158.14828723;2
7921957;2;1;2;158.14828723;3
7921985;1;1;1;198.81517149;5
7921985;2;1;2;198.81517149;5
7921985;1;1;1;198.81517149;5
7921985;2;1;2;198.81517149;5
7921987;1;1;1;140.61328078;3
7921987;1;1;1;140.61328078;3
7922014;1;1;1;48.007386627;3
7922014;2;1;2;48.007386627;4
7922014;3;1;3;48.007386627;5
7922014;4;1;4;48.007386627;6
7922014;1;1;1;48.007386627;3
7922014;2;1;2;48.007386627;4
7922014;3;1;3;48.007386627;5
7922014;4;1;4;48.007386627;6
7922022;1;1;1;126.6332431;2
7922022;2;1;2;126.6332431;3
7922029;1;1;1;159.67849784;4
7922029;2;1;2;159.67849784;5
7922029;1;1;1;159.67849784;4
7922029;2;1;2;159.67849784;5
7922031;1;1;1;179.32022722;3
7922031;1;1;1;179.32022722;3
7922049;1;1;1;126.34437313;1
7922049;1;1;1;126.34437313;1
7922051;1;1;1;279.02453556;3
7922051;2;1;2;279.02453556;4
7922051;3;1;3;279.02453556;5
7922051;1;1;1;279.02453556;3
7922051;2;1;2;279.02453556;4
7922051;3;1;3;279.02453556;5
7922053;1;1;1;143.4980352;1
7922053;1;1;1;143.4980352;1
7922083;1;1;1;327.56891269;3
7922083;2;1;2;327.56891269;4
7922083;3;1;3;327.56891269;5
7922083;1;1;1;327.56891269;3
7922083;2;1;2;327.56891269;4
7922083;3;1;3;327.56891269;5
7922105;1;1;1;167.86732567;2
7922105;1;1;1;167.86732567;2
7922113;1;1;1;215.654586;3
7922113;1;1;1;215.654586;3
7922115;1;1;1;312.45453892;4
7922115;1;1;1;312.45453892;4
7922130;1;1;1;121.54442677;1
7922168;1;1;1;234.32919523;1
7922168;1;1;1;234.32919523;1
7922183;1;1;1;96.802032102;3
7922183;1;1;1;96.802032102;3
7922185;1;1;1;154.51762436;4
7922185;2;1;2;154.51762436;5
7922185;1;1;1;154.51762436;4
7922185;2;1;2;154.51762436;5
7922190;1;1;1;54.994692318;3
7922190;2;1;2;54.994692318;4
7922190;1;1;1;54.994692318;3
7922190;2;1;2;54.994692318;4
7922203;1;1;1;6.2659108604;2
7922203;2;1;2;6.2659108604;3
7922203;1;1;1;6.2659108604;2
7922203;2;1;2;6.2659108604;3
7922209;1;1;1;274.40124028;5
7922209;1;1;1;274.40124028;5
7922217;1;1;1;311.83246849;2
7922217;2;1;2;311.83246849;3
7922217;1;1;1;311.83246849;2
7922217;2;1;2;311.83246849;3
7922225;1;1;1;370.40912131;2
7922225;2;1;2;370.40912131;2
7922225;1;1;1;370.40912131;2
7922225;2;1;2;370.40912131;2
7922237;1;1;1;146.62098354;2
7922237;1;1;1;146.62098354;2
7922244;1;1;1;674.01486932;2
7922244;1;1;1;674.01486932;2
7922245;1;1;1;398.68651543;2
7922245;2;1;2;398.68651543;3
7922245;3;1;3;398.68651543;4
7922246;1;1;1;396.96505975;3
7922246;1;1;1;396.96505975;3
7922268;1;1;1;147.04742331;3
7922268;1;1;1;147.04742331;3
7922283;1;1;1;105.41660177;3
7922283;1;1;1;105.41660177;3
7922291;1;1;1;15.636265405;3
7922291;1;1;1;15.636265405;3
7922293;1;1;1;266.18995234;2
7922299;1;1;1;228.40011813;3
7922299;2;1;2;228.40011813;4
7922299;1;1;1;228.40011813;3
7922299;2;1;2;228.40011813;4
7922302;1;1;1;7.9811957178;7
7922302;1;1;1;7.9811957178;7
7922303;1;1;1;245.60933298;1
7922303;1;1;1;245.60933298;1
7922326;1;1;1;5.4337799209;4
7922326;1;1;1;5.4337799209;4
7922339;1;1;1;208.07309095;3
7922339;2;1;2;208.07309095;4
7922339;1;1;1;208.07309095;3
7922339;2;1;2;208.07309095;4
7922344;1;1;1;5.4337799209;3
7922344;1;1;1;5.4337799209;3
7922349;1;1;1;701.67925128;3
7922349;2;1;2;701.67925128;4
7922349;3;1;3;701.67925128;5
7922349;1;1;1;701.67925128;3
7922349;2;1;2;701.67925128;4
7922349;3;1;3;701.67925128;5
7922363;1;1;1;20.663769491;3
7922363;2;1;2;20.663769491;4
7922363;1;1;1;20.663769491;3
7922363;2;1;2;20.663769491;4
7922376;1;1;1;5.2518664192;3
7922376;1;1;1;5.2518664192;3
7922379;1;1;1;89.513443369;3
7922379;2;1;2;89.513443369;4
7922379;1;1;1;89.513443369;3
7922379;2;1;2;89.513443369;4
7922406;1;1;1;20.238203461;1
7922406;1;1;1;20.238203461;1
7922408;1;1;1;246.51868229;2
7922408;1;1;1;246.51868229;2
7922416;1;1;1;27.62926965;3
7922416;1;1;1;27.62926965;3
7922422;1;1;1;109.1177119;2
7922422;1;1;1;109.1177119;2
7922456;1;1;1;14.435231831;3
7922456;1;1;1;14.435231831;3
7922457;1;1;1;248.66798878;2
7922457;1;1;1;248.66798878;2
7922459;1;1;1;166.51980144;3
7922459;1;1;1;166.51980144;3
7922470;1;1;1;5.4337799209;3
7922470;1;1;1;5.4337799209;3
7922475;1;1;1;152.65172389;2
7922475;2;1;2;152.65172389;3
7922475;1;1;1;152.65172389;2
7922475;2;1;2;152.65172389;3
7922476;1;1;1;224.71214291;2
7922476;2;1;2;224.71214291;3
7922476;3;1;3;224.71214291;4
7922476;1;1;1;224.71214291;2
7922476;2;1;2;224.71214291;3
7922476;3;1;3;224.71214291;4
7922480;1;1;1;96.298146472;3
7922480;2;1;2;96.298146472;4
7922490;1;1;1;5.8670315238;2
7922490;2;1;2;5.8670315238;3
7922490;1;1;1;5.8670315238;2
7922490;2;1;2;5.8670315238;3
7922501;1;1;1;117.35798853;3
7922501;1;1;1;117.35798853;3
7922505;1;1;1;22.62931453;2
7922505;2;1;2;22.62931453;3
7922505;3;1;3;22.62931453;4
7922505;1;1;1;22.62931453;2
7922505;2;1;2;22.62931453;3
7922505;3;1;3;22.62931453;4
7922509;1;1;1;226.66564763;5
7922513;1;1;1;218.98876914;3
7922513;2;1;2;218.98876914;4
7922514;1;1;1;17.217621518;3
7922514;1;1;1;17.217621518;3
7922523;1;1;1;100.34520449;5
7922523;2;1;2;100.34520449;6
7922523;1;1;1;100.34520449;5
7922523;2;1;2;100.34520449;6
7922527;1;1;1;21.273220335;2
7922527;1;1;1;21.273220335;2
7922550;1;1;1;473.41073107;3
7922550;2;1;2;473.41073107;4
7922550;3;1;3;473.41073107;5
7922550;1;1;1;473.41073107;3
7922550;2;1;2;473.41073107;4
7922550;3;1;3;473.41073107;5
7922565;1;1;1;52.789252108;2
7922565;1;1;1;52.789252108;2
7922572;1;1;1;67.612543902;2
7922572;1;1;1;67.612543902;2
7922585;1;1;1;5.9197022177;2
7922585;2;1;2;5.9197022177;3
7922585;3;1;3;5.9197022177;4
7922585;1;1;1;5.9197022177;2
7922585;2;1;2;5.9197022177;3
7922585;3;1;3;5.9197022177;4
7922586;3;1;3;210.9608901;4
7922586;3;1;3;210.9608901;4
7922586;1;1;1;210.9608901;2
7922586;2;1;2;210.9608901;3
7922586;1;1;1;210.9608901;2
7922586;2;1;2;210.9608901;3
7922587;1;1;1;210.9608901;3
7922587;2;1;2;210.9608901;4
7922587;1;1;1;210.9608901;3
7922587;2;1;2;210.9608901;4
7922603;1;1;1;36.841622786;5
7922606;1;1;1;68.849810992;3
7922606;1;1;1;68.849810992;3
7922619;1;1;1;206.6655751;2
7922619;1;1;1;206.6655751;2
7922622;1;1;1;236.15328768;3
7922622;1;1;1;236.15328768;3
7922627;1;1;1;266.80829032;4
7922627;2;1;2;266.80829032;5
7922627;1;1;1;266.80829032;4
7922627;2;1;2;266.80829032;5
7922635;1;1;1;211.30952661;3
7922635;2;1;2;211.30952661;4
7922635;1;1;1;211.30952661;3
7922635;2;1;2;211.30952661;4
7922649;1;1;1;386.11171292;3
7922649;2;1;2;386.11171292;4
7922649;1;1;1;386.11171292;3
7922649;2;1;2;386.11171292;4
7922653;1;1;1;83.002101089;4
7922653;1;1;1;83.002101089;4
7922659;1;1;1;65.861998551;3
7922659;2;1;2;65.861998551;4
7922659;1;1;1;65.861998551;3
7922659;2;1;2;65.861998551;4
7922672;1;1;1;298.213837;2
7922672;2;1;2;298.213837;3
7922672;1;1;1;298.213837;2
7922672;2;1;2;298.213837;3
7922690;1;1;1;21.273220335;1
7922690;1;1;1;21.273220335;1
7922695;1;1;1;202.53510738;1
7922695;1;1;1;202.53510738;1
7922711;1;1;1;45.923735289;3
7922711;2;1;2;45.923735289;4
7922711;3;1;3;45.923735289;5
7922711;1;1;1;45.923735289;3
7922711;2;1;2;45.923735289;4
7922711;3;1;3;45.923735289;5
7922727;1;1;1;304.23661192;1
7922727;1;1;1;304.23661192;1
7922734;1;1;1;16.496602594;3
7922734;1;1;1;16.496602594;3
7922771;1;1;1;159.226702;2
7922771;1;1;1;159.226702;2
7922787;1;1;1;20.114147599;3
7922787;2;1;2;20.114147599;4
7922787;1;1;1;20.114147599;3
7922787;2;1;2;20.114147599;4
7922799;1;1;1;54.167190674;3
7922799;1;1;1;54.167190674;3
7922811;1;1;1;69.684930298;4
7922811;1;1;1;69.684930298;4
7922831;1;1;1;84.400922193;3
7922831;2;1;2;84.400922193;4
7922831;1;1;1;84.400922193;3
7922831;2;1;2;84.400922193;4
7922836;1;1;1;41.014708844;3
7922836;1;1;1;41.014708844;3
7922837;1;1;1;221.71840072;3
7922837;2;1;2;221.71840072;4
7922837;1;1;1;221.71840072;3
7922837;2;1;2;221.71840072;4
7922838;1;1;1;82.880847475;3
7922838;2;1;2;82.880847475;4
7922846;1;1;1;4.3561021053;3
7922846;1;1;1;4.3561021053;3
7922888;1;1;1;30.509982442;3
7922888;1;1;1;30.509982442;3
7922894;1;1;1;25.297754326;1
7922894;1;1;1;25.297754326;1
7922896;1;1;1;283.65749439;3
7922896;2;1;2;283.65749439;4
7922896;3;1;3;283.65749439;5
7922896;1;1;1;283.65749439;3
7922896;2;1;2;283.65749439;4
7922896;3;1;3;283.65749439;5
7922902;1;1;1;47.708691761;3
7922902;1;1;1;47.708691761;3
7922906;1;1;1;98.310508491;3
7922910;1;1;1;217.77054546;3
7922910;2;1;2;217.77054546;4
7922910;1;1;1;217.77054546;3
7922910;2;1;2;217.77054546;4
7922921;2;1;2;223.54083787;4
7922921;3;1;3;223.54083787;5
7922921;2;1;2;223.54083787;4
7922921;3;1;3;223.54083787;5
7922921;1;1;1;223.54083787;3
7922921;1;1;1;223.54083787;3
7922931;1;1;1;66.627366033;4
7922931;2;1;2;66.627366033;5
7922931;1;1;1;66.627366033;4
7922931;2;1;2;66.627366033;5
7922933;1;1;1;199.43493888;5
7922933;2;1;2;199.43493888;6
7922933;1;1;1;199.43493888;5
7922933;2;1;2;199.43493888;6
7922937;1;1;1;524.55581514;5
7922937;1;1;1;524.55581514;5
7922940;1;1;1;488.26676564;4
7922940;1;1;1;488.26676564;4
7922952;1;1;1;217.77054546;3
7922952;2;1;2;217.77054546;4
7922952;1;1;1;217.77054546;3
7922952;2;1;2;217.77054546;4
7922953;1;1;1;343.11121118;3
7922953;1;1;1;343.11121118;3
7922969;1;1;1;31.369964919;3
7922969;2;1;2;31.369964919;4
7922969;1;1;1;31.369964919;3
7922969;2;1;2;31.369964919;4
7922984;1;1;1;355.13813352;4
7922984;1;1;1;355.13813352;4
7922997;1;1;1;317.70550551;2
7922997;2;1;2;317.70550551;3
7922997;1;1;1;317.70550551;2
7922997;2;1;2;317.70550551;3
7923024;1;1;1;145.08762694;3
7923024;2;1;2;145.08762694;4
7923024;1;1;1;145.08762694;3
7923024;2;1;2;145.08762694;4
7923048;1;1;1;91.151250032;2
7923048;1;1;1;91.151250032;2
7923049;1;1;1;109.21036158;3
7923049;1;1;1;109.21036158;3
7923071;1;1;1;161.21699965;1
7923071;1;1;1;161.21699965;1
7923075;1;1;1;296.19559577;3
7923075;2;1;2;296.19559577;4
7923075;3;1;3;296.19559577;5
7923075;1;1;1;296.19559577;3
7923075;2;1;2;296.19559577;4
7923075;3;1;3;296.19559577;5
7923103;1;1;1;640.87502656;3
7923103;1;1;1;640.87502656;3
7923137;1;1;1;46.959028952;3
7923137;2;1;2;46.959028952;4
7923137;3;1;3;46.959028952;6
7923137;4;1;4;46.959028952;7
7923137;1;1;1;46.959028952;3
7923137;2;1;2;46.959028952;4
7923137;3;1;3;46.959028952;6
7923137;4;1;4;46.959028952;7
7923141;1;1;1;378.1530565;3
7923141;2;1;2;378.1530565;4
7923141;1;1;1;378.1530565;3
7923141;2;1;2;378.1530565;4
7923142;1;1;1;237.10050455;3
7923142;1;1;1;237.10050455;3
7923174;1;1;1;1313.0982167;4
7923174;1;1;1;1313.0982167;4
7923175;1;1;1;140.76119802;4
7923175;2;1;2;140.76119802;5
7923175;3;1;3;140.76119802;6
7923175;1;1;1;140.76119802;4
7923175;2;1;2;140.76119802;5
7923175;3;1;3;140.76119802;6
7923188;1;1;1;73.697285453;3
7923188;2;1;2;73.697285453;4
7923188;1;1;1;73.697285453;3
7923188;2;1;2;73.697285453;4
7923193;1;1;1;115.78926412;3
7923193;2;1;2;115.78926412;4
7923193;3;1;3;115.78926412;5
7923193;1;1;1;115.78926412;3
7923193;2;1;2;115.78926412;4
7923193;3;1;3;115.78926412;5
7923198;1;1;1;475.47055564;4
7923198;2;1;2;475.47055564;6
7923198;1;1;1;475.47055564;4
7923198;2;1;2;475.47055564;6
7923206;1;1;1;99.65366304;4
7923206;2;1;2;99.65366304;5
7923206;1;1;1;99.65366304;4
7923206;2;1;2;99.65366304;5
7923211;1;1;1;102.47277831;3
7923211;2;1;2;102.47277831;4
7923211;1;1;1;102.47277831;3
7923211;2;1;2;102.47277831;4
7923220;1;1;1;1853.7284847;1
7923220;1;1;1;1853.7284847;1
7923234;1;1;1;479.73420674;3
7923234;2;1;2;479.73420674;4
7923234;3;1;3;479.73420674;5
7923240;1;1;1;201.95524566;3
7923240;1;1;1;201.95524566;3
7923241;1;1;1;157.01083193;3
7923241;1;1;1;157.01083193;3
7923242;1;1;1;461.31949541;1
7923242;1;1;1;461.31949541;1
7923244;1;1;1;317.12058497;4
7923244;1;1;1;317.12058497;4
7923258;1;1;1;167.83888878;3
7923258;2;1;2;167.83888878;4
7923258;1;1;1;167.83888878;3
7923258;2;1;2;167.83888878;4
7923262;1;1;1;153.65245917;2
7923262;2;1;2;153.65245917;3
7923262;1;1;1;153.65245917;2
7923262;2;1;2;153.65245917;3
7923266;1;1;1;301.21275297;3
7923266;2;1;2;301.21275297;4
7923266;1;1;1;301.21275297;3
7923266;2;1;2;301.21275297;4
7923271;1;1;1;102.93923039;2
7923271;2;1;2;102.93923039;3
7923271;1;1;1;102.93923039;2
7923271;2;1;2;102.93923039;3
7923277;1;1;1;222.84509996;4
7923277;2;1;2;222.84509996;5
7923277;1;1;1;222.84509996;4
7923277;2;1;2;222.84509996;5
7923280;1;1;1;131.34319354;2
7923280;2;1;2;131.34319354;3
7923280;1;1;1;131.34319354;2
7923280;2;1;2;131.34319354;3
7923281;1;1;1;236.11434635;2
7923281;1;1;1;236.11434635;2
7923291;1;1;1;62.510124148;2
7923291;1;1;1;62.510124148;2
7923293;1;1;1;123.06022481;3
7923293;1;1;1;123.06022481;3
7923300;1;1;1;115.11334008;5
7923300;1;1;1;115.11334008;5
7923323;1;1;1;111.79660201;3
7923323;1;1;1;111.79660201;3
7923344;1;1;1;135.51719682;4
7923344;1;1;1;135.51719682;4
7923346;1;1;1;124.04684185;4
7923346;1;1;1;124.04684185;4
7923347;1;1;1;142.01575069;3
7923347;2;1;2;142.01575069;4
7923347;1;1;1;142.01575069;3
7923347;2;1;2;142.01575069;4
7923359;1;1;1;64.033035562;4
7923359;2;1;2;64.033035562;5
7923359;1;1;1;64.033035562;4
7923359;2;1;2;64.033035562;5
7923369;1;1;1;113.00406537;2
7923369;2;1;2;113.00406537;3
7923369;1;1;1;113.00406537;2
7923369;2;1;2;113.00406537;3
7923375;1;1;1;283.20308127;2
7923375;2;1;2;283.20308127;3
7923375;1;1;1;283.20308127;2
7923375;2;1;2;283.20308127;3
7923394;1;1;1;291.5452739;4
7923394;1;1;1;291.5452739;4
7923428;1;1;1;77.455239528;2
7923428;1;1;1;77.455239528;2
7923433;1;1;1;57.576673756;3
7923433;1;1;1;57.576673756;3
7923442;1;1;1;244.32854218;3
7923442;1;1;1;244.32854218;3
7923461;1;1;1;34.942266316;3
7923461;1;1;1;34.942266316;3
7923465;1;1;1;790.98360955;3
7923465;2;1;2;790.98360955;4
7923494;1;1;1;36.210788343;3
7923494;1;1;1;36.210788343;3
7923510;1;1;1;113.56655468;2
7923510;2;1;2;113.56655468;3
7923510;1;1;1;113.56655468;2
7923510;2;1;2;113.56655468;3
7923530;1;1;1;151.88549322;2
7923530;1;1;1;151.88549322;2
7923531;1;1;1;184.00767556;2
7923531;2;1;2;184.00767556;3
7923531;1;1;1;184.00767556;2
7923531;2;1;2;184.00767556;3
7923532;1;1;1;143.16256127;3
7923532;2;1;2;143.16256127;4
7923532;3;1;3;143.16256127;6
7923532;1;1;1;143.16256127;3
7923532;2;1;2;143.16256127;4
7923532;3;1;3;143.16256127;6
7923540;1;1;1;57.21381154;3
7923540;2;1;2;57.21381154;4
7923540;1;1;1;57.21381154;3
7923540;2;1;2;57.21381154;4
7923543;1;1;1;118.91557624;2
7923543;2;1;2;118.91557624;3
7923543;3;1;3;118.91557624;4
7923543;1;1;1;118.91557624;2
7923543;2;1;2;118.91557624;3
7923543;3;1;3;118.91557624;4
7923576;1;1;1;441.72512781;4
7923576;1;1;1;441.72512781;4
7923578;1;1;1;61.88841194;3
7923578;2;1;2;61.88841194;4
7923578;1;1;1;61.88841194;3
7923578;2;1;2;61.88841194;4
7923602;1;1;1;193.4869017;3
7923602;1;1;1;193.4869017;3
7923607;1;1;1;111.84356738;4
7923607;1;1;1;111.84356738;4
7923621;1;1;1;252.99870189;3
7923621;2;1;2;252.99870189;4
7923621;1;1;1;252.99870189;3
7923621;2;1;2;252.99870189;4
7923626;1;1;1;64.413756873;3
7923626;1;1;1;64.413756873;3
7923629;1;1;1;188.42891821;3
7923629;2;1;2;188.42891821;4
7923629;1;1;1;188.42891821;3
7923629;2;1;2;188.42891821;4
7923638;1;1;1;279.18741849;2
7923638;1;1;1;279.18741849;2
7923656;1;1;1;105.79443476;3
7923656;2;1;2;105.79443476;4
7923656;3;1;3;105.79443476;5
7923656;1;1;1;105.79443476;3
7923656;2;1;2;105.79443476;4
7923656;3;1;3;105.79443476;5
7923662;1;1;1;358.78254528;3
7923662;2;1;2;358.78254528;4
7923662;1;1;1;358.78254528;3
7923662;2;1;2;358.78254528;4
7923664;1;1;1;277.53681779;3
7923664;2;1;2;277.53681779;4
7923664;1;1;1;277.53681779;3
7923664;2;1;2;277.53681779;4
7923674;1;1;1;197.30673234;6
7923674;2;1;2;197.30673234;7
7923674;1;1;1;197.30673234;6
7923674;2;1;2;197.30673234;7
7923700;1;1;1;85.623242284;3
7923700;2;1;2;85.623242284;4
7923700;1;1;1;85.623242284;3
7923700;2;1;2;85.623242284;4
7923722;1;1;1;304.77287283;3
7923722;1;1;1;304.77287283;3
7923726;1;1;1;294.74825482;3
7923726;2;1;2;294.74825482;4
7923726;1;1;1;294.74825482;3
7923726;2;1;2;294.74825482;4
7923734;1;1;1;274.56064467;3
7923734;1;1;1;274.56064467;3
7923735;1;1;1;333.66413657;4
7923735;1;1;1;333.66413657;4
7923738;1;1;1;112.76441693;3
7923738;2;1;2;112.76441693;4
7923738;3;1;3;112.76441693;5
7923738;1;1;1;112.76441693;3
7923738;2;1;2;112.76441693;4
7923738;3;1;3;112.76441693;5
7923740;1;1;1;96.562843586;4
7923740;2;1;2;96.562843586;5
7923746;1;1;1;367.81202336;4
7923746;2;1;2;367.81202336;5
7923746;1;1;1;367.81202336;4
7923746;2;1;2;367.81202336;5
7923748;1;1;1;63.788138998;3
7923748;1;1;1;63.788138998;3
7923750;1;1;1;35.628829032;4
7923750;1;1;1;35.628829032;4
7923768;1;1;1;209.80253059;3
7923768;2;1;2;209.80253059;4
7923768;1;1;1;209.80253059;3
7923768;2;1;2;209.80253059;4
7923807;1;1;1;340.22198261;3
7923807;1;1;1;340.22198261;3
7923815;1;1;1;87.64995881;2
7923815;2;1;2;87.64995881;3
7923815;1;1;1;87.64995881;2
7923815;2;1;2;87.64995881;3
7923820;1;1;1;108.62033095;1
7923820;1;1;1;108.62033095;1
7923828;1;1;1;55.994428766;3
7923828;2;1;2;55.994428766;4
7923828;1;1;1;55.994428766;3
7923828;2;1;2;55.994428766;4
7923832;1;1;1;22.87007681;3
7923832;1;1;1;22.87007681;3
7923836;1;1;1;112.76441693;4
7923836;2;1;2;112.76441693;5
7923836;1;1;1;112.76441693;4
7923836;2;1;2;112.76441693;5
7923846;1;1;1;108.4269962;4
7923846;1;1;1;108.4269962;4
7923850;1;1;1;168.24842005;3
7923850;2;1;2;168.24842005;4
7923850;3;1;3;168.24842005;5
7923850;1;1;1;168.24842005;3
7923850;2;1;2;168.24842005;4
7923850;3;1;3;168.24842005;5
7923868;1;1;1;222.9624217;4
7923868;1;1;1;222.9624217;4
7923890;1;1;1;74.115098499;6
7923890;1;1;1;74.115098499;6
7923892;1;1;1;135.43027638;3
7923892;2;1;2;135.43027638;4
7923892;3;1;3;135.43027638;5
7923892;1;1;1;135.43027638;3
7923892;2;1;2;135.43027638;4
7923892;3;1;3;135.43027638;5
7923912;1;1;1;29.201832616;2
7923912;1;1;1;29.201832616;2
7923931;1;1;1;112.76441693;3
7923931;2;1;2;112.76441693;4
7923931;1;1;1;112.76441693;3
7923931;2;1;2;112.76441693;4
7923966;1;1;1;69.339815438;3
7923966;2;1;2;69.339815438;4
7923966;3;1;3;69.339815438;5
7923966;1;1;1;69.339815438;3
7923966;2;1;2;69.339815438;4
7923966;3;1;3;69.339815438;5
7923968;1;1;1;125.28173099;4
7923968;1;1;1;125.28173099;4
7924009;1;1;1;95.455410511;3
7924009;1;1;1;95.455410511;3
7924018;1;1;1;124.82689471;4
7924018;1;1;1;124.82689471;4
7924032;1;1;1;67.470354868;2
7924032;2;1;2;67.470354868;3
7924032;1;1;1;67.470354868;2
7924032;2;1;2;67.470354868;3
7924036;1;1;1;101.16160665;2
7924036;2;1;2;101.16160665;3
7924036;1;1;1;101.16160665;2
7924036;2;1;2;101.16160665;3
7924037;1;1;1;128.03468165;3
7924037;2;1;2;128.03468165;4
7924037;1;1;1;128.03468165;3
7924037;2;1;2;128.03468165;4
7924044;1;1;1;67.433043533;4
7924044;1;1;1;67.433043533;4
7924047;1;1;1;114.90845371;3
7924047;2;1;2;114.90845371;4
7924047;1;1;1;114.90845371;3
7924047;2;1;2;114.90845371;4
7924056;1;1;1;80.164059685;3
7924056;1;1;1;80.164059685;3
7924059;1;1;1;84.617774514;1
7924059;1;1;1;84.617774514;1
7924061;1;1;1;70.767948012;3
7924061;2;1;2;70.767948012;4
7924061;1;1;1;70.767948012;3
7924061;2;1;2;70.767948012;4
7924078;1;1;1;73.627977965;3
7924078;1;1;1;73.627977965;3
7924084;1;1;1;95.729133186;2
7924084;1;1;1;95.729133186;2
7924093;1;1;1;390.62010805;4
7924097;1;1;1;112.76441693;2
7924097;1;1;1;112.76441693;2
7924110;1;1;1;174.1708129;1
7924110;1;1;1;174.1708129;1
7924116;1;1;1;28.191104232;2
7924116;1;1;1;28.191104232;2
7924145;1;1;1;112.76441693;3
7924145;2;1;2;112.76441693;4
7924145;3;1;3;112.76441693;5
7924152;1;1;1;111.23436164;5
7924152;1;1;1;111.23436164;5
7924164;1;1;1;70.180192324;1
7924164;1;1;1;70.180192324;1
7924206;1;1;1;33.700636351;2
7924206;2;1;2;33.700636351;3
7924206;1;1;1;33.700636351;2
7924206;2;1;2;33.700636351;3
7924207;1;1;1;22.134426734;2
7924207;2;1;2;22.134426734;3
7924207;1;1;1;22.134426734;2
7924207;2;1;2;22.134426734;3
7924208;1;1;1;27.464530717;2
7924208;2;1;2;27.464530717;3
7924208;3;1;3;27.464530717;4
7924208;4;1;4;27.464530717;5
7924208;3;1;3;27.464530717;4
7924208;4;1;4;27.464530717;5
7924208;1;1;1;27.464530717;2
7924208;2;1;2;27.464530717;3
7924216;1;1;1;50.010904945;3
7924216;2;1;2;50.010904945;4
7924216;1;1;1;50.010904945;3
7924216;2;1;2;50.010904945;4
7924225;1;1;1;96.95066153;3
7924225;2;1;2;96.95066153;4
7924225;1;1;1;96.95066153;3
7924225;2;1;2;96.95066153;4
7924242;1;1;1;77.735746914;6
7924242;1;1;1;77.735746914;6
7924246;1;1;1;597.2487291;3
7924246;1;1;1;597.2487291;3
7924253;1;1;1;294.92481991;2
7924253;1;1;1;294.92481991;2
7924254;1;1;1;142.97115333;2
7924254;1;1;1;142.97115333;2
7924266;1;1;1;167.00166688;3
7924266;2;1;2;167.00166688;4
7924266;1;1;1;167.00166688;3
7924266;2;1;2;167.00166688;4
7924272;1;1;1;389.22821494;3
7924272;2;1;2;389.22821494;4
7924272;1;1;1;389.22821494;3
7924272;2;1;2;389.22821494;4
7924280;1;1;1;151.58421805;3
7924280;2;1;2;151.58421805;4
7924280;1;1;1;151.58421805;3
7924280;2;1;2;151.58421805;4
7924348;1;1;1;52.542851299;4
7924367;1;1;1;80.096282232;3
7924367;1;1;1;80.096282232;3
7924378;1;1;1;113.86975672;3
7924378;2;1;2;113.86975672;4
7924378;1;1;1;113.86975672;3
7924378;2;1;2;113.86975672;4
7924381;1;1;1;45.181331201;2
7924381;1;1;1;45.181331201;2
7924386;1;1;1;116.60000826;3
7924395;1;1;1;76.314992906;2
7924395;1;1;1;76.314992906;2
7924418;1;1;1;105.37385151;3
7924421;1;1;1;91.764586187;2
7924421;2;1;2;91.764586187;3
7924421;1;1;1;91.764586187;2
7924421;2;1;2;91.764586187;3
7924423;1;1;1;336.95461951;1
7924423;1;1;1;336.95461951;1
7924452;1;1;1;39.535114486;2
7924452;2;1;2;39.535114486;3
7924452;1;1;1;39.535114486;2
7924452;2;1;2;39.535114486;3
7924463;1;1;1;75.123633096;3
7924463;1;1;1;75.123633096;3
7924468;1;1;1;49.18857999;2
7924468;1;1;1;49.18857999;2
7924470;1;1;1;104.63829322;6
7924470;2;1;2;104.63829322;7
7924470;3;1;3;104.63829322;8
7924470;1;1;1;104.63829322;6
7924470;2;1;2;104.63829322;7
7924470;3;1;3;104.63829322;8
7924484;1;1;1;306.82965727;3
7924484;2;1;2;306.82965727;4
7924484;1;1;1;306.82965727;3
7924484;2;1;2;306.82965727;4
7924498;1;1;1;322.80420047;3
7924498;2;1;2;322.80420047;4
7924498;3;1;3;322.80420047;5
7924498;4;1;4;322.80420047;6
7924498;5;1;5;322.80420047;7
7924498;6;1;6;322.80420047;8
7924498;1;1;1;322.80420047;3
7924498;2;1;2;322.80420047;4
7924498;3;1;3;322.80420047;5
7924498;4;1;4;322.80420047;6
7924498;5;1;5;322.80420047;7
7924498;6;1;6;322.80420047;8
7924501;1;1;1;644.33153583;2
7924501;2;1;2;644.33153583;3
7924501;1;1;1;644.33153583;2
7924501;2;1;2;644.33153583;3
7924508;1;1;1;132.28410294;3
7924508;2;1;2;132.28410294;4
7924508;1;1;1;132.28410294;3
7924508;2;1;2;132.28410294;4
7924510;1;1;1;114.33684686;2
7924510;1;1;1;114.33684686;2
7924511;1;1;1;113.35985395;2
7924511;2;1;2;113.35985395;1
7924511;1;1;1;113.35985395;2
7924511;2;1;2;113.35985395;1
7924518;1;1;1;192.53647626;3
7924518;1;1;1;192.53647626;3
7924521;1;1;1;1252.0090499;2
7924521;1;1;1;1252.0090499;2
7924544;1;1;1;32.797281685;2
7924544;2;1;2;32.797281685;3
7924544;3;1;3;32.797281685;4
7924544;4;1;4;32.797281685;5
7924544;5;1;5;32.797281685;6
7924544;1;1;1;32.797281685;2
7924544;2;1;2;32.797281685;3
7924544;3;1;3;32.797281685;4
7924544;4;1;4;32.797281685;5
7924544;5;1;5;32.797281685;6
7924545;1;1;1;89.762608149;4
7924545;1;1;1;89.762608149;4
7924550;1;1;1;162.95174104;2
7924550;2;1;2;162.95174104;3
7924550;1;1;1;162.95174104;2
7924550;2;1;2;162.95174104;3
7924554;1;1;1;509.06231092;2
7924554;2;1;2;509.06231092;3
7924554;1;1;1;509.06231092;2
7924554;2;1;2;509.06231092;3
7924565;1;1;1;248.0605198;3
7924565;2;1;2;248.0605198;4
7924565;3;1;3;248.0605198;5
7924631;1;1;1;9.3068802564;2
7924631;2;1;2;9.3068802564;3
7924631;1;1;1;9.3068802564;2
7924631;2;1;2;9.3068802564;3
7924723;1;1;1;57.15679873;3
7924723;2;1;2;57.15679873;4
7924723;1;1;1;57.15679873;3
7924723;2;1;2;57.15679873;4
7924727;1;1;1;84.060202966;3
7924727;1;1;1;84.060202966;3
7924756;1;1;1;112.76441693;3
7924756;1;1;1;112.76441693;3
7924758;1;1;1;219.27838701;4
7924758;2;1;2;219.27838701;5
7924758;1;1;1;219.27838701;4
7924758;2;1;2;219.27838701;5
7924761;1;1;1;6.63828155;3
7924761;1;1;1;6.63828155;3
7924786;1;1;1;330.03716152;3
7924792;1;1;1;163.87229315;3
7924792;2;1;2;163.87229315;6
7924792;1;1;1;163.87229315;3
7924792;2;1;2;163.87229315;6
7924795;1;1;1;133.21273651;3
7924795;1;1;1;133.21273651;3
7924808;1;1;1;162.9051314;4
7924808;1;1;1;162.9051314;4
7924811;1;1;1;254.00001078;3
7924811;1;1;1;254.00001078;3
7924813;1;1;1;215.51766621;4
7924813;1;1;1;215.51766621;4
7924831;1;1;1;123.29542179;1
7924831;1;1;1;123.29542179;1
7924832;1;1;1;87.748478989;4
7924832;1;1;1;87.748478989;4
7924833;1;1;1;165.4238182;3
7924833;1;1;1;165.4238182;3
7924836;1;1;1;123.4322385;3
7924836;1;1;1;123.4322385;3
7924855;1;1;1;112.88642476;3
7924855;1;1;1;112.88642476;3
7924859;1;1;1;97.811091758;3
7924859;1;1;1;97.811091758;3
7924869;1;1;1;116.67358414;3
7924869;2;1;2;116.67358414;4
7924869;1;1;1;116.67358414;3
7924869;2;1;2;116.67358414;4
7924870;1;1;1;287.20181849;4
7924870;1;1;1;287.20181849;4
7924876;1;1;1;252.66064975;3
7924876;1;1;1;252.66064975;3
7924883;1;1;1;57.902906527;3
7924883;1;1;1;57.902906527;3
7924897;1;1;1;65.515106562;3
7924897;2;1;2;65.515106562;4
7924899;1;1;1;136.77914207;2
7924899;1;1;1;136.77914207;2
7924915;1;1;1;161.46912557;1
7924915;1;1;1;161.46912557;1
7924923;1;1;1;28.191104232;3
7924923;1;1;1;28.191104232;3
7924926;1;1;1;294.37311675;7
7924926;1;1;1;294.37311675;7
7924927;1;1;1;192.65986444;1
7924927;1;1;1;192.65986444;1
7924948;1;1;1;94.590478873;2
7924948;1;1;1;94.590478873;2
7924958;1;1;1;103.92921707;2
7924958;1;1;1;103.92921707;2
7924966;1;1;1;18.485201363;5
7924966;1;1;1;18.485201363;5
7924986;1;1;1;214.5128567;1
7924986;1;1;1;214.5128567;1
7925003;1;1;1;12.876551349;1
7925003;1;1;1;12.876551349;1
7925007;1;1;1;270.24879676;3
7925007;2;1;2;270.24879676;4
7925007;1;1;1;270.24879676;3
7925007;2;1;2;270.24879676;4
7925015;1;1;1;214.08351026;2
7925015;2;1;2;214.08351026;3
7925015;1;1;1;214.08351026;2
7925015;2;1;2;214.08351026;3
7925024;1;1;1;126.65897923;4
7925024;1;1;1;126.65897923;4
7925033;1;1;1;10.225575109;3
7925033;1;1;1;10.225575109;3
7925046;1;1;1;64.645658551;5
7925046;2;1;2;64.645658551;6
7925046;1;1;1;64.645658551;5
7925046;2;1;2;64.645658551;6
7925067;1;1;1;85.565694373;4
7925067;1;1;1;85.565694373;4
7925070;1;1;1;107.06850855;3
7925070;1;1;1;107.06850855;3
7925072;1;1;1;18.489308583;4
7925072;2;1;2;18.489308583;5
7925072;1;1;1;18.489308583;4
7925072;2;1;2;18.489308583;5
7925077;1;1;1;9.4264490561;3
7925077;2;1;2;9.4264490561;4
7925077;3;1;3;9.4264490561;8
7925077;1;1;1;9.4264490561;3
7925077;2;1;2;9.4264490561;4
7925077;3;1;3;9.4264490561;8
7925078;1;1;1;301.01890648;3
7925078;2;1;2;301.01890648;4
7925078;1;1;1;301.01890648;3
7925078;2;1;2;301.01890648;4
7925107;1;1;1;76.863695644;2
7925107;2;1;2;76.863695644;3
7925107;3;1;3;76.863695644;4
7925107;1;1;1;76.863695644;2
7925107;2;1;2;76.863695644;3
7925107;3;1;3;76.863695644;4
7925122;1;1;1;58.676984019;2
7925122;2;1;2;58.676984019;3
7925122;3;1;3;58.676984019;4
7925122;1;1;1;58.676984019;2
7925122;2;1;2;58.676984019;3
7925122;3;1;3;58.676984019;4
7925126;1;1;1;69.80104862;2
7925126;2;1;2;69.80104862;3
7925126;1;1;1;69.80104862;2
7925126;2;1;2;69.80104862;3
7925133;1;1;1;64.577101669;3
7925133;1;1;1;64.577101669;3
7925135;1;1;1;327.25600512;3
7925135;1;1;1;327.25600512;3
7925139;1;1;1;63.446270898;2
7925139;1;1;1;63.446270898;2
7925141;1;1;1;83.52318217;5
7925141;1;1;1;83.52318217;5
7925144;1;1;1;233.51186951;2
7925144;1;1;1;233.51186951;2
7925155;1;1;1;85.190798352;4
7925155;1;1;1;85.190798352;4
7925162;1;1;1;19.347645521;6
7925162;1;1;1;19.347645521;6
7925168;1;1;1;112.24134434;3
7925168;2;1;2;112.24134434;3
7925168;3;1;3;112.24134434;4
7925168;4;1;4;112.24134434;5
7925168;5;1;5;112.24134434;6
7925168;1;1;1;112.24134434;3
7925168;2;1;2;112.24134434;3
7925168;3;1;3;112.24134434;4
7925168;4;1;4;112.24134434;5
7925168;5;1;5;112.24134434;6
7925193;1;1;1;60.118125;3
7925193;2;1;2;60.118125;4
7925193;1;1;1;60.118125;3
7925193;2;1;2;60.118125;4
7925203;1;1;1;136.43219968;3
7925203;2;1;2;136.43219968;4
7925203;1;1;1;136.43219968;3
7925203;2;1;2;136.43219968;4
7925233;1;1;1;10.222612052;4
7925233;1;1;1;10.222612052;4
7925254;1;1;1;132.83436528;3
7925254;2;1;2;132.83436528;4
7925254;1;1;1;132.83436528;3
7925254;2;1;2;132.83436528;4
7925309;1;1;1;238.73553773;3
7925309;2;1;2;238.73553773;4
7925309;3;1;3;238.73553773;5
7925309;1;1;1;238.73553773;3
7925309;2;1;2;238.73553773;4
7925309;3;1;3;238.73553773;5
7925317;1;1;1;148.1099343;3
7925317;1;1;1;148.1099343;3
7925327;1;1;1;181.4823866;2
7925327;1;1;1;181.4823866;2
7925346;1;1;1;421.98281943;2
7925346;2;1;2;421.98281943;3
7925346;1;1;1;421.98281943;2
7925346;2;1;2;421.98281943;3
7925347;1;1;1;111.53675626;3
7925347;2;1;2;111.53675626;4
7925347;1;1;1;111.53675626;3
7925347;2;1;2;111.53675626;4
7925397;1;1;1;126.02509943;2
7925397;1;1;1;126.02509943;2
7925412;1;1;1;510.06853933;3
7925412;1;1;1;510.06853933;3
7925415;1;1;1;123.67716615;2
7925415;2;1;2;123.67716615;3
7925415;1;1;1;123.67716615;2
7925415;2;1;2;123.67716615;3
7925417;1;1;1;485.12892803;3
7925417;2;1;2;485.12892803;4
7925417;1;1;1;485.12892803;3
7925417;2;1;2;485.12892803;4
7925420;1;1;1;69.964383025;3
7925420;2;1;2;69.964383025;4
7925420;1;1;1;69.964383025;3
7925420;2;1;2;69.964383025;4
7925422;1;1;1;88.076314795;5
7925422;2;1;2;88.076314795;6
7925422;1;1;1;88.076314795;5
7925422;2;1;2;88.076314795;6
7925425;1;1;1;32.532194524;1
7925425;1;1;1;32.532194524;1
7925428;1;1;1;111.1494473;3
7925428;2;1;2;111.1494473;4
7925428;1;1;1;111.1494473;3
7925428;2;1;2;111.1494473;4
7925438;1;1;1;110.56132268;2
7925438;2;1;2;110.56132268;3
7925438;1;1;1;110.56132268;2
7925438;2;1;2;110.56132268;3
7925452;1;1;1;108.23492801;2
7925452;2;1;2;108.23492801;3
7925452;1;1;1;108.23492801;2
7925452;2;1;2;108.23492801;3
7925490;1;1;1;125.90884989;4
7925490;2;1;2;125.90884989;5
7925490;1;1;1;125.90884989;4
7925490;2;1;2;125.90884989;5
7925504;1;1;1;124.8599855;1
7925504;1;1;1;124.8599855;1
7925520;1;1;1;12.876551349;1
7925520;1;1;1;12.876551349;1
7925529;1;1;1;113.65242171;3
7925529;1;1;1;113.65242171;3
7925550;1;1;1;365.1283351;3
7925550;1;1;1;365.1283351;3
7925552;1;1;1;173.22504;2
7925552;1;1;1;173.22504;2
7925553;1;1;1;102.56867611;3
7925553;1;1;1;102.56867611;3
7925576;1;1;1;77.339079475;3
7925576;2;1;2;77.339079475;4
7925576;1;1;1;77.339079475;3
7925576;2;1;2;77.339079475;4
7925578;1;1;1;132.26390885;3
7925578;2;1;2;132.26390885;4
7925578;3;1;3;132.26390885;5
7925578;4;1;4;132.26390885;6
7925578;1;1;1;132.26390885;3
7925578;2;1;2;132.26390885;4
7925578;3;1;3;132.26390885;5
7925578;4;1;4;132.26390885;6
7925647;1;1;1;120.74714158;4
7925647;1;1;1;120.74714158;4
7925661;1;1;1;89.457011136;3
7925661;1;1;1;89.457011136;3
7925663;1;1;1;67.764583837;2
7925663;1;1;1;67.764583837;2
7925684;1;1;1;167.2103259;3
7925684;1;1;1;167.2103259;3
7925703;1;1;1;17.813769897;3
7925703;1;1;1;17.813769897;3
7925710;1;1;1;92.347266739;2
7925710;1;1;1;92.347266739;2
7925739;1;1;1;57.310633706;3
7925739;1;1;1;57.310633706;3
7925753;1;1;1;59.023932319;3
7925753;2;1;2;59.023932319;4
7925753;1;1;1;59.023932319;3
7925753;2;1;2;59.023932319;4
7925777;1;1;1;95.521653175;3
7925777;2;1;2;95.521653175;4
7925777;1;1;1;95.521653175;3
7925777;2;1;2;95.521653175;4
7925787;1;1;1;272.11993626;3
7925787;1;1;1;272.11993626;3
7925807;1;1;1;142.78452859;1
7925807;1;1;1;142.78452859;1
7925826;1;1;1;85.332410767;1
7925826;1;1;1;85.332410767;1
7925842;1;1;1;65.929018274;2
7925842;1;1;1;65.929018274;2
7925866;1;1;1;41.821367109;3
7925866;2;1;2;41.821367109;4
7925866;1;1;1;41.821367109;3
7925866;2;1;2;41.821367109;4
7925875;1;1;1;338.78496354;4
7925875;2;1;2;338.78496354;5
7925875;3;1;3;338.78496354;6
7925875;4;1;4;338.78496354;7
7925875;1;1;1;338.78496354;4
7925875;2;1;2;338.78496354;5
7925875;3;1;3;338.78496354;6
7925875;4;1;4;338.78496354;7
7925881;1;1;1;109.78894942;3
7925881;2;1;2;109.78894942;4
7925881;1;1;1;109.78894942;3
7925881;2;1;2;109.78894942;4
7925886;1;1;1;231.103718;3
7925886;2;1;2;231.103718;4
7925886;1;1;1;231.103718;3
7925886;2;1;2;231.103718;4
7925889;1;1;1;222.81063856;2
7925889;1;1;1;222.81063856;2
7925898;1;1;1;30.00858711;2
7925898;2;1;2;30.00858711;3
7925898;1;1;1;30.00858711;2
7925898;2;1;2;30.00858711;3
7925927;1;1;1;75.134392045;3
7925927;2;1;2;75.134392045;4
7925927;1;1;1;75.134392045;3
7925927;2;1;2;75.134392045;4
7925935;1;1;1;36.05000114;3
7925935;1;1;1;36.05000114;3
7925948;1;1;1;1704.9944474;4
7925948;1;1;1;1704.9944474;4
7925950;1;1;1;42.600210742;1
7925950;1;1;1;42.600210742;1
7925973;1;1;1;53.320341847;4
7925973;1;1;1;53.320341847;4
7925975;1;1;1;143.82959513;3
7925975;2;1;2;143.82959513;4
7925975;1;1;1;143.82959513;3
7925975;2;1;2;143.82959513;4
7925979;1;1;1;128.21071733;3
7925979;1;1;1;128.21071733;3
7925982;1;1;1;96.061193368;3
7925982;1;1;1;96.061193368;3
7925987;1;1;1;105.77878022;2
7925987;1;1;1;105.77878022;2
7925999;1;1;1;216.90907498;2
7925999;2;1;2;216.90907498;3
7925999;1;1;1;216.90907498;2
7925999;2;1;2;216.90907498;3
7926001;1;1;1;127.66734633;3
7926001;2;1;2;127.66734633;4
7926001;1;1;1;127.66734633;3
7926001;2;1;2;127.66734633;4
7926009;1;1;1;48.432910155;3
7926009;2;1;2;48.432910155;4
7926011;1;1;1;234.0253932;5
7926011;1;1;1;234.0253932;5
7926012;1;1;1;145.89686642;3
7926012;2;1;2;145.89686642;4
7926012;1;1;1;145.89686642;3
7926012;2;1;2;145.89686642;4
7926016;1;1;1;35.253899491;3
7926016;1;1;1;35.253899491;3
7926032;1;1;1;129.62894781;4
7926032;1;1;1;129.62894781;4
7926044;1;1;1;64.875394927;2
7926044;1;1;1;64.875394927;2
7926045;1;1;1;86.628197183;4
7926055;1;1;1;158.76617523;4
7926055;1;1;1;158.76617523;4
7926062;1;1;1;70.766812297;3
7926062;2;1;2;70.766812297;4
7926062;1;1;1;70.766812297;3
7926062;2;1;2;70.766812297;4
7926066;1;1;1;23.231184763;2
7926066;1;1;1;23.231184763;2
7926068;1;1;1;104.33270156;2
7926068;1;1;1;104.33270156;2
7926091;1;1;1;111.53675626;2
7926091;2;1;2;111.53675626;3
7926091;1;1;1;111.53675626;2
7926091;2;1;2;111.53675626;3
7926092;1;1;1;61.144262054;4
7926092;2;1;2;61.144262054;5
7926092;1;1;1;61.144262054;4
7926092;2;1;2;61.144262054;5
7926093;1;1;1;82.843195548;3
7926093;2;1;2;82.843195548;4
7926093;1;1;1;82.843195548;3
7926093;2;1;2;82.843195548;4
7926097;1;1;1;122.89137326;3
7926097;2;1;2;122.89137326;4
7926097;1;1;1;122.89137326;3
7926097;2;1;2;122.89137326;4
7926098;1;1;1;180.59936201;3
7926098;2;1;2;180.59936201;4
7926098;1;1;1;180.59936201;3
7926098;2;1;2;180.59936201;4
7926103;1;1;1;158.88719339;4
7926103;2;1;2;158.88719339;5
7926103;1;1;1;158.88719339;4
7926103;2;1;2;158.88719339;5
7926118;1;1;1;117.83242509;3
7926118;1;1;1;117.83242509;3
7926148;1;1;1;73.891337333;2
7926148;1;1;1;73.891337333;2
7926166;1;1;1;72.30095803;3
7926166;1;1;1;72.30095803;3
7926170;1;1;1;82.148732709;3
7926170;1;1;1;82.148732709;3
7926181;1;1;1;138.31622643;4
7926181;1;1;1;138.31622643;4
7926193;1;1;1;179.36017606;3
7926193;1;1;1;179.36017606;3
7926202;1;1;1;51.231527641;3
7926202;1;1;1;51.231527641;3
7926213;1;1;1;212.68855445;3
7926224;1;1;1;93.704338127;5
7926224;2;1;2;93.704338127;6
7926224;1;1;1;93.704338127;5
7926224;2;1;2;93.704338127;6
7926233;1;1;1;51.231527641;2
7926233;1;1;1;51.231527641;2
7926234;1;1;1;34.432102416;3
7926234;2;1;2;34.432102416;4
7926234;1;1;1;34.432102416;3
7926234;2;1;2;34.432102416;4
7926238;1;1;1;132.35973162;3
7926238;2;1;2;132.35973162;4
7926238;1;1;1;132.35973162;3
7926238;2;1;2;132.35973162;4
7926240;1;1;1;90.174310288;3
7926240;2;1;2;90.174310288;4
7926240;3;1;3;90.174310288;5
7926240;1;1;1;90.174310288;3
7926240;2;1;2;90.174310288;4
7926240;3;1;3;90.174310288;5
7926243;1;1;1;159.65150108;5
7926243;1;1;1;159.65150108;5
7926246;1;1;1;51.231527641;3
7926269;1;1;1;135.46212088;2
7926269;1;1;1;135.46212088;2
7926276;1;1;1;50.812432564;3
7926276;2;1;2;50.812432564;4
7926276;3;1;3;50.812432564;5
7926276;1;1;1;50.812432564;3
7926276;2;1;2;50.812432564;4
7926276;3;1;3;50.812432564;5
7926300;1;1;1;34.291685959;3
7926300;2;1;2;34.291685959;4
7926300;1;1;1;34.291685959;3
7926300;2;1;2;34.291685959;4
7926304;1;1;1;75.566977534;5
7926304;2;1;2;75.566977534;6
7926304;3;1;3;75.566977534;7
7926304;4;1;4;75.566977534;8
7926304;5;1;5;75.566977534;10
7926304;6;1;6;75.566977534;11
7926309;1;1;1;51.40647002;5
7926309;2;1;2;51.40647002;6
7926309;1;1;1;51.40647002;5
7926309;2;1;2;51.40647002;6
7926311;1;1;1;349.02721417;2
7926311;1;1;1;349.02721417;2
7926328;1;1;1;11.979806092;4
7926328;2;1;2;11.979806092;5
7926328;1;1;1;11.979806092;4
7926328;2;1;2;11.979806092;5
7926355;1;1;1;140.18413368;3
7926355;1;1;1;140.18413368;3
7926380;1;1;1;217.89529331;3
7926380;2;1;2;217.89529331;4
7926380;3;1;3;217.89529331;5
7926380;1;1;1;217.89529331;3
7926380;2;1;2;217.89529331;4
7926380;3;1;3;217.89529331;5
7926401;1;1;1;190.52373642;3
7926401;2;1;2;190.52373642;4
7926401;1;1;1;190.52373642;3
7926401;2;1;2;190.52373642;4
7926412;1;1;1;162.20890998;3
7926412;1;1;1;162.20890998;3
7926418;1;1;1;133.84459288;2
7926418;2;1;2;133.84459288;3
7926418;3;1;3;133.84459288;4
7926418;1;1;1;133.84459288;2
7926418;2;1;2;133.84459288;3
7926418;3;1;3;133.84459288;4
7926460;1;1;1;259.51950722;3
7926460;2;1;2;259.51950722;4
7926460;1;1;1;259.51950722;3
7926460;2;1;2;259.51950722;4
7926480;1;1;1;85.582098975;3
7926480;2;1;2;85.582098975;4
7926480;1;1;1;85.582098975;3
7926480;2;1;2;85.582098975;4
7926485;1;1;1;75.719077648;2
7926485;1;1;1;75.719077648;2
7926488;1;1;1;179.99090229;4
7926488;1;1;1;179.99090229;4
7926502;1;1;1;77.940497826;2
7926502;2;1;2;77.940497826;3
7926502;1;1;1;77.940497826;2
7926502;2;1;2;77.940497826;3
7926506;1;1;1;95.799981211;3
7926506;1;1;1;95.799981211;3
7926530;1;1;1;91.23334441;6
7926530;1;1;1;91.23334441;6
7926538;1;1;1;145.78390659;4
7926538;1;1;1;145.78390659;4
7926560;1;1;1;82.086416392;4
7926560;1;1;1;82.086416392;4
7926565;1;1;1;145.64447764;6
7926565;1;1;1;145.64447764;6
7926575;1;1;1;88.104210623;3
7926575;1;1;1;88.104210623;3
7926582;1;1;1;91.56330251;3
7926582;2;1;2;91.56330251;4
7926582;1;1;1;91.56330251;3
7926582;2;1;2;91.56330251;4
7926594;1;1;1;326.86197349;3
7926594;1;1;1;326.86197349;3
7926607;1;1;1;182.40157715;4
7926607;1;1;1;182.40157715;4
7926629;1;1;1;236.92273677;3
7926629;1;1;1;236.92273677;3
7926632;1;1;1;116.42206549;3
7926632;1;1;1;116.42206549;3
7926642;1;1;1;176.78709785;1
7926642;1;1;1;176.78709785;1
7926660;1;1;1;1088.1679201;3
7926660;2;1;2;1088.1679201;4
7926660;1;1;1;1088.1679201;3
7926660;2;1;2;1088.1679201;4
7926681;1;1;1;288.1199138;1
7926681;1;1;1;288.1199138;1
7926712;1;1;1;144.38010123;3
7926712;1;1;1;144.38010123;3
7926713;1;1;1;224.81263365;5
7926713;2;1;2;224.81263365;6
7926713;1;1;1;224.81263365;5
7926713;2;1;2;224.81263365;6
7926714;1;1;1;17.849109171;2
7926714;1;1;1;17.849109171;2
7926716;1;1;1;100.50429543;3
7926716;1;1;1;100.50429543;3
7926726;1;1;1;8.0149335383;1
7926726;1;1;1;8.0149335383;1
7926731;1;1;1;16.698004874;2
7926731;1;1;1;16.698004874;2
7926744;1;1;1;208.95499344;3
7926744;2;1;2;208.95499344;4
7926744;3;1;3;208.95499344;5
7926744;1;1;1;208.95499344;3
7926744;2;1;2;208.95499344;4
7926744;3;1;3;208.95499344;5
7926749;1;1;1;63.085263729;1
7926749;1;1;1;63.085263729;1
7926750;1;1;1;288.96517394;2
7926750;2;1;2;288.96517394;3
7926750;3;1;3;288.96517394;4
7926750;4;1;4;288.96517394;5
7926750;5;1;5;288.96517394;6
7926750;1;1;1;288.96517394;2
7926750;2;1;2;288.96517394;3
7926750;3;1;3;288.96517394;4
7926750;4;1;4;288.96517394;5
7926750;5;1;5;288.96517394;6
7926765;1;1;1;169.25781268;3
7926765;2;1;2;169.25781268;4
7926765;1;1;1;169.25781268;3
7926765;2;1;2;169.25781268;4
7926782;1;1;1;166.88674134;5
7926782;2;1;2;166.88674134;6
7926782;3;1;3;166.88674134;7
7926782;4;1;4;166.88674134;8
7926782;1;1;1;166.88674134;5
7926782;2;1;2;166.88674134;6
7926782;3;1;3;166.88674134;7
7926782;4;1;4;166.88674134;8
7926792;1;1;1;142.24797068;1
7926792;1;1;1;142.24797068;1
7926803;1;1;1;20.183718195;3
7926803;1;1;1;20.183718195;3
7926816;1;1;1;54.550614633;1
7926817;1;1;1;169.25781268;3
7926817;2;1;2;169.25781268;4
7926817;1;1;1;169.25781268;3
7926817;2;1;2;169.25781268;4
7926827;1;1;1;84.376495981;3
7926827;1;1;1;84.376495981;3
7926851;1;1;1;239.76897164;3
7926854;1;1;1;5.8742192086;1
7926854;1;1;1;5.8742192086;1
7926863;1;1;1;3.9273174338;2
7926863;1;1;1;3.9273174338;2
7926869;1;1;1;8.4186759731;1
7926869;1;1;1;8.4186759731;1
7926870;1;1;1;21.349382177;3
7926870;1;1;1;21.349382177;3
7926873;1;1;1;137.20288424;3
7926873;2;1;2;137.20288424;4
7926873;1;1;1;137.20288424;3
7926873;2;1;2;137.20288424;4
7926887;1;1;1;279.47366786;4
7926887;2;1;2;279.47366786;5
7926887;1;1;1;279.47366786;4
7926887;2;1;2;279.47366786;5
7926895;1;1;1;80.183093917;3
7926895;1;1;1;80.183093917;3
7926918;1;1;1;202.85917774;4
7926918;1;1;1;202.85917774;4
7926951;1;1;1;86.130449598;2
7926951;2;1;2;86.130449598;3
7926951;1;1;1;86.130449598;2
7926951;2;1;2;86.130449598;3
7926963;1;1;1;85.565694373;2
7926963;1;1;1;85.565694373;2
7926978;1;1;1;39.362282019;2
7926978;2;1;2;39.362282019;3
7926978;1;1;1;39.362282019;2
7926978;2;1;2;39.362282019;3
7926990;1;1;1;82.131659024;3
7926990;2;1;2;82.131659024;4
7926990;1;1;1;82.131659024;3
7926990;2;1;2;82.131659024;4
7926994;1;1;1;187.17183447;3
7926994;2;1;2;187.17183447;2
7926994;1;1;1;187.17183447;3
7926994;2;1;2;187.17183447;2
7926995;1;1;1;239.23209298;1
7926995;1;1;1;239.23209298;1
7926996;1;1;1;218.27936537;2
7926996;2;1;2;218.27936537;3
7926996;1;1;1;218.27936537;2
7926996;2;1;2;218.27936537;3
7927008;1;1;1;67.417395964;3
7927008;1;1;1;67.417395964;3
7927014;1;1;1;67.125083511;3
7927031;1;1;1;272.72901737;3
7927031;2;1;2;272.72901737;4
7927031;3;1;3;272.72901737;7
7927031;1;1;1;272.72901737;3
7927031;2;1;2;272.72901737;4
7927031;3;1;3;272.72901737;7
7927032;1;1;1;248.59465041;1
7927032;1;1;1;248.59465041;1
7927061;1;1;1;144.59461635;3
7927061;2;1;2;144.59461635;4
7927061;1;1;1;144.59461635;3
7927061;2;1;2;144.59461635;4
7927062;1;1;1;71.775740477;3
7927062;1;1;1;71.775740477;3
7927091;1;1;1;340.06215766;2
7927091;2;1;2;340.06215766;3
7927091;1;1;1;340.06215766;2
7927091;2;1;2;340.06215766;3
7927096;1;1;1;11.706153734;2
7927096;2;1;2;11.706153734;3
7927096;1;1;1;11.706153734;2
7927096;2;1;2;11.706153734;3
7927120;1;1;1;65.164490683;4
7927120;1;1;1;65.164490683;4
7927126;1;1;1;101.12011408;5
7927126;1;1;1;101.12011408;5
7927152;1;1;1;66.548608297;2
7927152;1;1;1;66.548608297;2
7927162;1;1;1;16.659805077;3
7927162;1;1;1;16.659805077;3
7927163;1;1;1;37.692943059;3
7927163;1;1;1;37.692943059;3
7927166;1;1;1;60.891606192;2
7927166;2;1;2;60.891606192;3
7927166;3;1;3;60.891606192;4
7927166;4;1;4;60.891606192;5
7927166;1;1;1;60.891606192;2
7927166;2;1;2;60.891606192;3
7927166;3;1;3;60.891606192;4
7927166;4;1;4;60.891606192;5
7927173;1;1;1;45.966460011;4
7927173;2;1;2;45.966460011;5
7927173;1;1;1;45.966460011;4
7927173;2;1;2;45.966460011;5
7927180;1;1;1;5.7767826141;2
7927180;1;1;1;5.7767826141;2
7927188;1;1;1;169.25781268;4
7927188;2;1;2;169.25781268;5
7927188;1;1;1;169.25781268;4
7927188;2;1;2;169.25781268;5
7927193;1;1;1;46.724933043;3
7927194;1;1;1;88.201714717;3
7927194;2;1;2;88.201714717;5
7927194;1;1;1;88.201714717;3
7927194;2;1;2;88.201714717;5
7927202;1;1;1;151.98924009;2
7927202;1;1;1;151.98924009;2
7927218;1;1;1;14.237647301;3
7927218;1;1;1;14.237647301;3
7927246;1;1;1;68.923972905;3
7927246;1;1;1;68.923972905;3
7927260;1;1;1;149.98773295;2
7927260;1;1;1;149.98773295;2
7927269;1;1;1;199.05757626;3
7927269;2;1;2;199.05757626;4
7927269;1;1;1;199.05757626;3
7927269;2;1;2;199.05757626;4
7927305;1;1;1;77.685708315;4
7927305;1;1;1;77.685708315;4
7927312;1;1;1;30.521765449;1
7927312;2;1;2;30.521765449;2
7927312;1;1;1;30.521765449;1
7927312;2;1;2;30.521765449;2
7927328;1;1;1;120.58502444;4
7927328;1;1;1;120.58502444;4
7927352;1;1;1;321.07542952;3
7927352;1;1;1;321.07542952;3
7927356;1;1;1;351.41518528;3
7927356;2;1;2;351.41518528;4
7927356;1;1;1;351.41518528;3
7927356;2;1;2;351.41518528;4
7927362;1;1;1;89.72969742;3
7927362;1;1;1;89.72969742;3
7927363;1;1;1;187.03011984;4
7927363;1;1;1;187.03011984;4
7927368;1;1;1;98.021194152;3
7927368;1;1;1;98.021194152;3
7927404;1;1;1;101.06480412;2
7927404;2;1;2;101.06480412;3
7927404;1;1;1;101.06480412;2
7927404;2;1;2;101.06480412;3
7927422;1;1;1;265.63481445;3
7927422;2;1;2;265.63481445;4
7927422;1;1;1;265.63481445;3
7927422;2;1;2;265.63481445;4
7927424;1;1;1;245.52836038;3
7927424;2;1;2;245.52836038;4
7927424;1;1;1;245.52836038;3
7927424;2;1;2;245.52836038;4
7927432;1;1;1;445.89674135;3
7927432;1;1;1;445.89674135;3
7927456;1;1;1;1423.26084;2
7927456;1;1;1;1423.26084;2
7927466;1;1;1;7.5999063692;2
7927466;1;1;1;7.5999063692;2
7927475;1;1;1;73.458247601;4
7927475;1;1;1;73.458247601;4
7927476;1;1;1;68.505092871;1
7927476;1;1;1;68.505092871;1
7927477;1;1;1;120.97360464;6
7927477;2;1;2;120.97360464;7
7927477;3;1;3;120.97360464;8
7927477;1;1;1;120.97360464;6
7927477;2;1;2;120.97360464;7
7927477;3;1;3;120.97360464;8
7927492;1;1;1;334.58137978;2
7927492;1;1;1;334.58137978;2
7927494;1;1;1;195.05559456;3
7927494;2;1;2;195.05559456;4
7927494;3;1;3;195.05559456;5
7927494;1;1;1;195.05559456;3
7927494;2;1;2;195.05559456;4
7927494;3;1;3;195.05559456;5
7927500;1;1;1;358.17708358;1
7927500;1;1;1;358.17708358;1
7927533;1;1;1;238.57145997;3
7927533;2;1;2;238.57145997;4
7927533;1;1;1;238.57145997;3
7927533;2;1;2;238.57145997;4
7927534;1;1;1;445.97366537;4
7927534;1;1;1;445.97366537;4
7927540;1;1;1;140.5509678;6
7927540;1;1;1;140.5509678;6
7927544;1;1;1;69.002271084;1
7927544;1;1;1;69.002271084;1
7927548;1;1;1;84.312729845;4
7927552;1;1;1;169.25781268;4
7927552;2;1;2;169.25781268;5
7927552;1;1;1;169.25781268;4
7927552;2;1;2;169.25781268;5
7927553;2;1;2;83.888843927;5
7927553;3;1;3;83.888843927;6
7927553;4;1;4;83.888843927;7
7927553;1;1;1;83.888843927;3
7927553;1;1;1;83.888843927;3
7927553;2;1;2;83.888843927;5
7927553;3;1;3;83.888843927;6
7927553;4;1;4;83.888843927;7
7927561;1;1;1;263.2739311;6
7927561;1;1;1;263.2739311;6
7927563;1;1;1;162.18750437;3
7927563;1;1;1;162.18750437;3
7927565;1;1;1;93.151916771;4
7927565;1;1;1;93.151916771;4
7927568;1;1;1;379.58320621;3
7927568;1;1;1;379.58320621;3
7927608;1;1;1;261.78864261;3
7927608;1;1;1;261.78864261;3
7927611;1;1;1;228.60255027;3
7927611;2;1;2;228.60255027;4
7927611;1;1;1;228.60255027;3
7927611;2;1;2;228.60255027;4
7927621;1;1;1;232.36440477;5
7927621;1;1;1;232.36440477;5
7927622;1;1;1;105.80959159;2
7927622;2;1;2;105.80959159;3
7927622;1;1;1;105.80959159;2
7927622;2;1;2;105.80959159;3
7927628;1;1;1;364.22231555;2
7927628;1;1;1;364.22231555;2
7927633;1;1;1;97.371453182;2
7927633;1;1;1;97.371453182;2
7927651;1;1;1;44.883300705;5
7927651;1;1;1;44.883300705;5
7927678;1;1;1;80.97612097;3
7927678;1;1;1;80.97612097;3
7927690;1;1;1;9.2022114726;2
7927690;2;1;2;9.2022114726;3
7927690;3;1;3;9.2022114726;4
7927690;1;1;1;9.2022114726;2
7927690;2;1;2;9.2022114726;3
7927690;3;1;3;9.2022114726;4
7927713;1;1;1;59.046922701;2
7927713;1;1;1;59.046922701;2
7927734;1;1;1;38.425615018;3
7927734;1;1;1;38.425615018;3
7927748;1;1;1;120.28951712;6
7927748;2;1;2;120.28951712;7
7927748;1;1;1;120.28951712;6
7927748;2;1;2;120.28951712;7
7927791;1;1;1;365.78474945;3
7927791;2;1;2;365.78474945;4
7927791;1;1;1;365.78474945;3
7927791;2;1;2;365.78474945;4
7927794;1;1;1;70.182505301;3
7927794;1;1;1;70.182505301;3
7927821;1;1;1;73.066386183;3
7927821;2;1;2;73.066386183;6
7927832;1;1;1;155.60961363;4
7927832;1;1;1;155.60961363;4
7927849;1;1;1;179.25511565;3
7927849;1;1;1;179.25511565;3
7927859;1;1;1;219.46008064;2
7927859;2;1;2;219.46008064;3
7927859;1;1;1;219.46008064;2
7927859;2;1;2;219.46008064;3
7927867;1;1;1;101.70551433;2
7927867;1;1;1;101.70551433;2
7927868;1;1;1;58.985902832;5
7927896;1;1;1;114.97600495;1
7927896;1;1;1;114.97600495;1
7927955;1;1;1;26.184091094;2
7927955;2;1;2;26.184091094;3
7927955;1;1;1;26.184091094;2
7927955;2;1;2;26.184091094;3
7927975;1;1;1;145.13036244;3
7927975;2;1;2;145.13036244;4
7927975;1;1;1;145.13036244;3
7927975;2;1;2;145.13036244;4
7928006;1;1;1;11.775514679;1
7928006;1;1;1;11.775514679;1
7928012;1;1;1;20.238203461;1
7928012;1;1;1;20.238203461;1
7928015;1;1;1;20.238203461;1
7928015;1;1;1;20.238203461;1
7928022;1;1;1;20.238203461;1
7928022;1;1;1;20.238203461;1
7928029;1;1;1;139.42270978;4
7928029;1;1;1;139.42270978;4
7928041;1;1;1;61.025030932;5
7928041;1;1;1;61.025030932;5
7928068;1;1;1;994.35813359;2
7928068;2;1;2;994.35813359;3
7928068;3;1;3;994.35813359;4
7928068;1;1;1;994.35813359;2
7928068;2;1;2;994.35813359;3
7928068;3;1;3;994.35813359;4
7928080;1;1;1;1799.6791963;4
7928080;2;1;2;1799.6791963;5
7928080;3;1;3;1799.6791963;6
7928080;1;1;1;1799.6791963;4
7928080;2;1;2;1799.6791963;5
7928080;3;1;3;1799.6791963;6
7928083;1;1;1;146.91146024;2
7928083;2;1;2;146.91146024;3
7928083;1;1;1;146.91146024;2
7928083;2;1;2;146.91146024;3
7928090;1;1;1;200.90993505;1
7928090;1;1;1;200.90993505;1
7928091;1;1;1;105.6402902;2
7928091;1;1;1;105.6402902;2
7928159;1;1;1;190.84187077;1
7928159;1;1;1;190.84187077;1
7928162;1;1;1;190.84187077;3
7928162;1;1;1;190.84187077;3
7928168;1;1;1;190.84187077;6
7928168;2;1;2;190.84187077;7
7928168;1;1;1;190.84187077;6
7928168;2;1;2;190.84187077;7
7928169;1;1;1;173.13516113;2
7928169;2;1;2;173.13516113;3
7928169;1;1;1;173.13516113;2
7928169;2;1;2;173.13516113;3
7928171;1;1;1;28.486981086;2
7928171;2;1;2;28.486981086;3
7928171;1;1;1;28.486981086;2
7928171;2;1;2;28.486981086;3
7928173;1;1;1;190.84187077;3
7928173;2;1;2;190.84187077;4
7928173;1;1;1;190.84187077;3
7928173;2;1;2;190.84187077;4
7928181;1;1;1;37.164648714;3
7928181;1;1;1;37.164648714;3
7928190;1;1;1;163.85475353;2
7928190;2;1;2;163.85475353;3
7928190;3;1;3;163.85475353;4
7928190;1;1;1;163.85475353;2
7928190;2;1;2;163.85475353;3
7928190;3;1;3;163.85475353;4
7928213;1;1;1;34.916375811;5
7928213;1;1;1;34.916375811;5
7928214;1;1;1;191.81185301;3
7928214;2;1;2;191.81185301;4
7928214;3;1;3;191.81185301;5
7928214;1;1;1;191.81185301;3
7928214;2;1;2;191.81185301;4
7928214;3;1;3;191.81185301;5
7928216;1;1;1;191.81185301;3
7928216;1;1;1;191.81185301;3
7928218;1;1;1;34.443447737;2
7928218;1;1;1;34.443447737;2
7928223;1;1;1;30.117854755;3
7928223;1;1;1;30.117854755;3
7928235;1;1;1;126.72768761;5
7928235;1;1;1;126.72768761;5
7928236;1;1;1;57.865703498;3
7928236;1;1;1;57.865703498;3
7928260;1;1;1;121.56572431;3
7928260;1;1;1;121.56572431;3
7928281;1;1;1;229.95211069;3
7928281;2;1;2;229.95211069;4
7928281;1;1;1;229.95211069;3
7928281;2;1;2;229.95211069;4
7928310;1;1;1;65.20233916;3
7928310;2;1;2;65.20233916;4
7928310;1;1;1;65.20233916;3
7928310;2;1;2;65.20233916;4
7928329;1;1;1;176.71709218;3
7928329;2;1;2;176.71709218;4
7928336;1;1;1;51.582015845;1
7928336;1;1;1;51.582015845;1
7928353;1;1;1;47.710467693;3
7928353;1;1;1;47.710467693;3
7928401;1;1;1;190.84187077;3
7928431;1;1;1;105.48660136;3
7928431;2;1;2;105.48660136;4
7928431;3;1;3;105.48660136;5
7928431;2;1;2;105.48660136;4
7928431;3;1;3;105.48660136;5
7928431;1;1;1;105.48660136;3
7928451;1;1;1;720.70982263;1
7928451;1;1;1;720.70982263;1
7928492;1;1;1;70.943408494;3
7928492;2;1;2;70.943408494;4
7928492;1;1;1;70.943408494;3
7928492;2;1;2;70.943408494;4
7928495;1;1;1;127.86094691;4
7928495;2;1;2;127.86094691;5
7928495;1;1;1;127.86094691;4
7928495;2;1;2;127.86094691;5
7928499;1;1;1;430.36087711;4
7928499;2;1;2;430.36087711;5
7928499;1;1;1;430.36087711;4
7928499;2;1;2;430.36087711;5
7928500;1;1;1;28.025059025;3
7928500;1;1;1;28.025059025;3
7928519;1;1;1;24.919104653;2
7928519;2;1;2;24.919104653;3
7928519;3;1;3;24.919104653;4
7928577;1;1;1;51.027488237;4
7928577;2;1;2;51.027488237;5
7928577;1;1;1;51.027488237;4
7928577;2;1;2;51.027488237;5
7928584;1;1;1;445.93306395;5
7928584;1;1;1;445.93306395;5
7928585;1;1;1;147.92957808;3
7928585;1;1;1;147.92957808;3
7928596;1;1;1;136.50296078;3
7928596;1;1;1;136.50296078;3
7928649;1;1;1;91.839873122;2
7928649;1;1;1;91.839873122;2
7928656;1;1;1;41.331682527;2
7928656;1;1;1;41.331682527;2
7928678;1;1;1;110.42897623;3
7928678;2;1;2;110.42897623;4
7928678;1;1;1;110.42897623;3
7928678;2;1;2;110.42897623;4
7928700;1;1;1;19.022341819;4
7928700;1;1;1;19.022341819;4
7928711;1;1;1;352.34931843;4
7928711;1;1;1;352.34931843;4
7928751;1;1;1;286.0600144;3
7928751;1;1;1;286.0600144;3
7928763;1;1;1;95.868686198;2
7928763;2;1;2;95.868686198;3
7928763;1;1;1;95.868686198;2
7928763;2;1;2;95.868686198;3
7928766;1;1;1;46.331663635;3
7928766;1;1;1;46.331663635;3
7928778;1;1;1;54.743669772;3
7928778;2;1;2;54.743669772;4
7928778;3;1;3;54.743669772;5
7928778;1;1;1;54.743669772;3
7928778;2;1;2;54.743669772;4
7928778;3;1;3;54.743669772;5
7928797;1;1;1;76.958651161;2
7928797;1;1;1;76.958651161;2
7928822;1;1;1;272.9497526;3
7928822;2;1;2;272.9497526;4
7928822;3;1;3;272.9497526;5
7928822;1;1;1;272.9497526;3
7928822;2;1;2;272.9497526;4
7928822;3;1;3;272.9497526;5
7928861;1;1;1;104.36771289;2
7928861;1;1;1;104.36771289;2
7928867;1;1;1;218.49808481;3
7928867;1;1;1;218.49808481;3
7928872;1;1;1;32.501758635;3
7928872;1;1;1;32.501758635;3
7928887;1;1;1;234.9196526;3
7928887;1;1;1;234.9196526;3
7928904;1;1;1;142.94717525;1
7928910;1;1;1;182.37379513;2
7928910;1;1;1;182.37379513;2
7928911;1;1;1;123.78540551;4
7928911;2;1;2;123.78540551;5
7928911;3;1;3;123.78540551;6
7928911;1;1;1;123.78540551;4
7928911;2;1;2;123.78540551;5
7928911;3;1;3;123.78540551;6
7928918;1;1;1;12.722419857;3
7928918;2;1;2;12.722419857;4
7928918;3;1;3;12.722419857;5
7928918;1;1;1;12.722419857;3
7928918;2;1;2;12.722419857;4
7928918;3;1;3;12.722419857;5
7928927;1;1;1;12.539091822;3
7928927;2;1;2;12.539091822;4
7928927;1;1;1;12.539091822;3
7928927;2;1;2;12.539091822;4
7928946;1;1;1;130.00703454;3
7928946;2;1;2;130.00703454;4
7928946;1;1;1;130.00703454;3
7928946;2;1;2;130.00703454;4
7928990;1;1;1;237.54117695;4
7928990;1;1;1;237.54117695;4
7929005;1;1;1;120.43480992;1
7929005;1;1;1;120.43480992;1
7929008;1;1;1;140.64853892;2
7929008;1;1;1;140.64853892;2
7929029;1;1;1;146.30641811;2
7929029;1;1;1;146.30641811;2
7929129;1;1;1;194.63014597;3
7929129;1;1;1;194.63014597;3
7929133;1;1;1;81.735645711;2
7929133;1;1;1;81.735645711;2
7929152;1;1;1;226.13075337;6
7929152;1;1;1;226.13075337;6
7929242;1;1;1;140.18850905;4
7929242;1;1;1;140.18850905;4
7929260;1;1;1;228.21869609;3
7929260;2;1;2;228.21869609;4
7929260;1;1;1;228.21869609;3
7929260;2;1;2;228.21869609;4
7929275;1;1;1;62.230003909;3
7929275;1;1;1;62.230003909;3
7929281;1;1;1;64.246218112;3
7929281;1;1;1;64.246218112;3
7929355;1;1;1;234.9196526;3
7929355;1;1;1;234.9196526;3
7929371;1;1;1;100.69186908;3
7929371;1;1;1;100.69186908;3
7929372;1;1;1;209.98687539;4
7929372;1;1;1;209.98687539;4
7929386;1;1;1;187.55993117;2
7929386;1;1;1;187.55993117;2
7929416;1;1;1;68.606192263;4
7929416;1;1;1;68.606192263;4
7929470;1;1;1;157.04741809;6
7929527;1;1;1;92.046790245;3
7929527;2;1;2;92.046790245;4
7929527;1;1;1;92.046790245;3
7929527;2;1;2;92.046790245;4
7929784;1;1;1;351.55754336;1
7929808;1;1;1;82.007768325;3
7929808;2;1;2;82.007768325;4
7929808;1;1;1;82.007768325;3
7929808;2;1;2;82.007768325;4
7929830;1;1;1;147.71269107;4
7929830;1;1;1;147.71269107;4
7929848;1;1;1;168.43632407;4
7929848;1;1;1;168.43632407;4
7929852;1;1;1;152.93137561;1
7929852;1;1;1;152.93137561;1
7929881;1;1;1;118.03739201;3
7929881;1;1;1;118.03739201;3
7929898;1;1;1;297.19633778;1
7929898;1;1;1;297.19633778;1
7929951;1;1;1;161.2014646;4
7929958;1;1;1;79.189463063;4
7929958;1;1;1;79.189463063;4
7929969;1;1;1;93.131057507;3
7929969;1;1;1;93.131057507;3
7930196;1;1;1;94.28177631;2
7930196;1;1;1;94.28177631;2
7930199;1;1;1;69.490041838;3
7930199;1;1;1;69.490041838;3
7930263;1;1;1;81.757568222;3
7930263;1;1;1;81.757568222;3
7930282;1;1;1;86.212405151;1
7930282;1;1;1;86.212405151;1
7930283;1;1;1;81.757568222;3
7930283;1;1;1;81.757568222;3
7930332;1;1;1;266.16096446;5
7930373;1;1;1;113.03643223;2
7930373;2;1;2;113.03643223;3
7930373;1;1;1;113.03643223;2
7930373;2;1;2;113.03643223;3
7930400;2;1;2;37.394361895;3
7930400;1;1;1;37.394361895;2
7930400;1;1;1;37.394361895;2
7930400;2;1;2;37.394361895;3
7930417;1;1;1;117.03482084;3
7930417;2;1;2;117.03482084;4
7930417;1;1;1;117.03482084;3
7930417;2;1;2;117.03482084;4
7930434;1;1;1;71.842572892;3
7930434;1;1;1;71.842572892;3
7930441;1;1;1;81.757568222;3
7930441;1;1;1;81.757568222;3
7930454;1;1;1;262.26521603;4
7930454;2;1;2;262.26521603;5
7930454;1;1;1;262.26521603;4
7930454;2;1;2;262.26521603;5
7930464;1;1;1;64.379977594;4
7930482;1;1;1;176.42321678;2
7930482;1;1;1;176.42321678;2
7930488;1;1;1;89.21846185;1
7930488;1;1;1;89.21846185;1
7930514;1;1;1;197.51873229;2
7930514;1;1;1;197.51873229;2
7930545;1;1;1;81.757568222;3
7930545;2;1;2;81.757568222;4
7930545;1;1;1;81.757568222;3
7930545;2;1;2;81.757568222;4
7930678;1;1;1;54.637706502;3
7930678;2;1;2;54.637706502;4
7930678;3;1;3;54.637706502;5
7930678;1;1;1;54.637706502;3
7930678;2;1;2;54.637706502;4
7930678;3;1;3;54.637706502;5
7930679;1;1;1;58.7115838;3
7930679;1;1;1;58.7115838;3
7930689;1;1;1;24.947082644;3
7930689;1;1;1;24.947082644;3
7930703;1;1;1;149.99789167;3
7930703;2;1;2;149.99789167;4
7930703;1;1;1;149.99789167;3
7930703;2;1;2;149.99789167;4
7930734;1;1;1;81.757568222;2
7930734;1;1;1;81.757568222;2
7930751;1;1;1;151.330915;3
7930751;1;1;1;151.330915;3
7930770;1;1;1;87.498355062;6
7930807;1;1;1;136.15994392;1
7930807;1;1;1;136.15994392;1
7930883;1;1;1;540.55050164;5
7930883;2;1;2;540.55050164;6
7930883;1;1;1;540.55050164;5
7930883;2;1;2;540.55050164;6
7930900;1;1;1;121.65139061;4
7930900;2;1;2;121.65139061;5
7930900;1;1;1;121.65139061;4
7930900;2;1;2;121.65139061;5
7930920;1;1;1;136.15994392;3
7930920;2;1;2;136.15994392;4
7930920;3;1;3;136.15994392;5
7930920;1;1;1;136.15994392;3
7930920;2;1;2;136.15994392;4
7930920;3;1;3;136.15994392;5
7930953;1;1;1;149.99789167;3
7930953;2;1;2;149.99789167;4
7930953;1;1;1;149.99789167;3
7930953;2;1;2;149.99789167;4
7930995;1;1;1;785.39028213;4
7930995;2;1;2;785.39028213;5
7930995;1;1;1;785.39028213;4
7930995;2;1;2;785.39028213;5
7931039;1;1;1;358.59253228;3
7931039;2;1;2;358.59253228;4
7931039;1;1;1;358.59253228;3
7931039;2;1;2;358.59253228;4
7934161;1;1;1;227.84111152;5
7934161;1;1;1;227.84111152;5
7934185;1;1;1;100.75402112;3
7934185;2;1;2;100.75402112;4
7934185;1;1;1;100.75402112;3
7934185;2;1;2;100.75402112;4
7934250;1;1;1;102.13280311;3
7934250;1;1;1;102.13280311;3
7934314;1;1;1;77.94413297;3
7934314;1;1;1;77.94413297;3
7934396;1;1;1;99.902025445;4
7934396;2;1;2;99.902025445;5
7934396;1;1;1;99.902025445;4
7934396;2;1;2;99.902025445;5
7934404;1;1;1;28.737672418;3
7934404;1;1;1;28.737672418;3
7934456;1;1;1;90.141840497;3
7934456;2;1;2;90.141840497;4
7934456;1;1;1;90.141840497;3
7934456;2;1;2;90.141840497;4
7934461;1;1;1;100.56366273;6
7934461;2;1;2;100.56366273;7
7934461;1;1;1;100.56366273;6
7934461;2;1;2;100.56366273;7
7934462;1;1;1;105.81072328;3
7934462;1;1;1;105.81072328;3
7934499;1;1;1;61.676684888;2
7934499;1;1;1;61.676684888;2
7934507;1;1;1;187.54501581;2
7934507;2;1;2;187.54501581;3
7934507;1;1;1;187.54501581;2
7934507;2;1;2;187.54501581;3
7934547;1;1;1;185.59245905;4
7934547;2;1;2;185.59245905;5
7934547;1;1;1;185.59245905;4
7934547;2;1;2;185.59245905;5
7934596;1;1;1;7.6636679113;2
7934596;2;1;2;7.6636679113;3
7934596;3;1;3;7.6636679113;4
7934596;4;1;4;7.6636679113;5
7934596;1;1;1;7.6636679113;2
7934596;2;1;2;7.6636679113;3
7934596;3;1;3;7.6636679113;4
7934596;4;1;4;7.6636679113;5
7934612;1;1;1;122.82459202;4
7934612;2;1;2;122.82459202;5
7934612;1;1;1;122.82459202;4
7934612;2;1;2;122.82459202;5
7934621;1;1;1;166.747919;3
7934621;1;1;1;166.747919;3
7934642;1;1;1;85.402917156;2
7934642;1;1;1;85.402917156;2
7934672;1;1;1;294.55751567;3
7934672;1;1;1;294.55751567;3
7934702;1;1;1;59.815969549;2
7934702;1;1;1;59.815969549;2
7934725;1;1;1;174.49283194;4
7934725;1;1;1;174.49283194;4
7934740;1;1;1;105.36576382;5
7934740;1;1;1;105.36576382;5
7934753;2;1;2;168.39912132;3
7934753;1;1;1;168.39912132;2
7934753;1;1;1;168.39912132;2
7934753;2;1;2;168.39912132;3
7934783;1;1;1;255.78144039;4
7934783;1;1;1;255.78144039;4
7934794;1;1;1;87.158729834;2
7934794;1;1;1;87.158729834;2
7934863;1;1;1;191.22089443;2
7934863;1;1;1;191.22089443;2
7934866;1;1;1;280.70946341;4
7934866;1;1;1;280.70946341;4
7934895;1;1;1;316.76635555;3
7934895;2;1;2;316.76635555;4
7934895;1;1;1;316.76635555;3
7934895;2;1;2;316.76635555;4
7934965;1;1;1;143.35589438;3
7934965;1;1;1;143.35589438;3
7934980;1;1;1;209.55474675;4
7934980;1;1;1;209.55474675;4
7934988;1;1;1;115.69573135;3
7934988;2;1;2;115.69573135;4
7934988;1;1;1;115.69573135;3
7934988;2;1;2;115.69573135;4
7934990;1;1;1;155.32276881;3
7934990;1;1;1;155.32276881;3
7934992;1;1;1;119.53647504;3
7934992;2;1;2;119.53647504;4
7934992;1;1;1;119.53647504;3
7934992;2;1;2;119.53647504;4
7934999;1;1;1;176.81201663;3
7934999;1;1;1;176.81201663;3
7935042;1;1;1;170.46189497;3
7935056;1;1;1;72.405942247;4
7935056;1;1;1;72.405942247;4
7935068;1;1;1;326.09997292;2
7935068;2;1;2;326.09997292;3
7935068;3;1;3;326.09997292;4
7935068;1;1;1;326.09997292;2
7935068;2;1;2;326.09997292;3
7935068;3;1;3;326.09997292;4
7935111;1;1;1;245.6007784;2
7935111;2;1;2;245.6007784;3
7935111;3;1;3;245.6007784;4
7935111;1;1;1;245.6007784;2
7935111;2;1;2;245.6007784;3
7935111;3;1;3;245.6007784;4
7935115;1;1;1;269.39506925;3
7935115;1;1;1;269.39506925;3
7935177;1;1;1;60.236289743;3
7935177;1;1;1;60.236289743;3
7935184;1;1;1;52.603686053;3
7935184;1;1;1;52.603686053;3
7935188;1;1;1;85.025696504;4
7935188;2;1;2;85.025696504;5
7935188;3;1;3;85.025696504;6
7935188;4;1;4;85.025696504;7
7935188;5;1;5;85.025696504;8
7935188;6;1;6;85.025696504;9
7935188;1;1;1;85.025696504;4
7935188;2;1;2;85.025696504;5
7935188;3;1;3;85.025696504;6
7935188;4;1;4;85.025696504;7
7935188;5;1;5;85.025696504;8
7935188;6;1;6;85.025696504;9
7935189;1;1;1;129.88289513;4
7935189;1;1;1;129.88289513;4
7935210;1;1;1;55.573799947;2
7935210;2;1;2;55.573799947;3
7935210;3;1;3;55.573799947;4
7935210;1;1;1;55.573799947;2
7935210;2;1;2;55.573799947;3
7935210;3;1;3;55.573799947;4
7935212;1;1;1;55.573799947;2
7935212;2;1;2;55.573799947;3
7935212;3;1;3;55.573799947;4
7935212;1;1;1;55.573799947;2
7935212;2;1;2;55.573799947;3
7935212;3;1;3;55.573799947;4
7935219;1;1;1;82.180999608;4
7935219;1;1;1;82.180999608;4
7935226;1;1;1;54.629470513;3
7935226;1;1;1;54.629470513;3
7935227;1;1;1;59.815969549;2
7935227;1;1;1;59.815969549;2
7935247;1;1;1;316.13556529;3
7935247;1;1;1;316.13556529;3
7935265;1;1;1;160.79539107;5
7935265;1;1;1;160.79539107;5
7935298;1;1;1;274.61069941;3
7935298;1;1;1;274.61069941;3
7935306;1;1;1;129.52170112;1
7935306;1;1;1;129.52170112;1
7935314;1;1;1;286.73038739;3
7935314;2;1;2;286.73038739;4
7935314;1;1;1;286.73038739;3
7935314;2;1;2;286.73038739;4
7935322;1;1;1;142.82609176;3
7935322;2;1;2;142.82609176;4
7935322;1;1;1;142.82609176;3
7935322;2;1;2;142.82609176;4
7935330;1;1;1;84.688311871;2
7935330;1;1;1;84.688311871;2
7935367;1;1;1;167.00263055;3
7935367;2;1;2;167.00263055;4
7935367;1;1;1;167.00263055;3
7935367;2;1;2;167.00263055;4
7935369;1;1;1;52.093878759;3
7935369;1;1;1;52.093878759;3
7935370;1;1;1;189.0920006;4
7935370;2;1;2;189.0920006;6
7935370;3;1;3;189.0920006;7
7935370;1;1;1;189.0920006;4
7935370;2;1;2;189.0920006;6
7935370;3;1;3;189.0920006;7
7935424;1;1;1;131.90420755;5
7935424;2;1;2;131.90420755;6
7935424;1;1;1;131.90420755;5
7935424;2;1;2;131.90420755;6
7935427;1;1;1;59.492030168;2
7935427;2;1;2;59.492030168;3
7935427;1;1;1;59.492030168;2
7935427;2;1;2;59.492030168;3
7935454;1;1;1;286.73038739;3
7935454;2;1;2;286.73038739;4
7935454;1;1;1;286.73038739;3
7935454;2;1;2;286.73038739;4
7935458;1;1;1;7.0441897055;3
7935458;1;1;1;7.0441897055;3
7935461;1;1;1;87.548926054;3
7935461;2;1;2;87.548926054;4
7935461;1;1;1;87.548926054;3
7935461;2;1;2;87.548926054;4
7935471;1;1;1;111.37754553;5
7935471;1;1;1;111.37754553;5
7935479;1;1;1;7.0441897055;3
7935479;1;1;1;7.0441897055;3
7935522;1;1;1;59.977528389;1
7935522;2;1;2;59.977528389;2
7935522;1;1;1;59.977528389;1
7935522;2;1;2;59.977528389;2
7935532;1;1;1;333.53270656;3
7935532;1;1;1;333.53270656;3
7935533;1;1;1;142.21124961;4
7935533;1;1;1;142.21124961;4
7935550;1;1;1;73.046329862;3
7935550;1;1;1;73.046329862;3
7935554;1;1;1;121.20896041;6
7935554;1;1;1;121.20896041;6
7935568;1;1;1;91.556581354;4
7935587;1;1;1;46.280326365;7
7935596;1;1;1;37.394361895;2
7935596;2;1;2;37.394361895;4
7935596;1;1;1;37.394361895;2
7935596;2;1;2;37.394361895;4
7935633;1;1;1;6.3863899261;3
7935633;2;1;2;6.3863899261;4
7935633;1;1;1;6.3863899261;3
7935633;2;1;2;6.3863899261;4
7935643;1;1;1;194.97396295;1
7935643;1;1;1;194.97396295;1
7935653;1;1;1;117.33131217;3
7935653;2;1;2;117.33131217;4
7935653;1;1;1;117.33131217;3
7935653;2;1;2;117.33131217;4
7935675;1;1;1;84.784026938;3
7935675;1;1;1;84.784026938;3
7935676;1;1;1;7.0441897055;2
7935676;2;1;2;7.0441897055;3
7935676;1;1;1;7.0441897055;2
7935676;2;1;2;7.0441897055;3
7935686;1;1;1;213.11372521;3
7935686;2;1;2;213.11372521;5
7935686;3;1;3;213.11372521;8
7935686;1;1;1;213.11372521;3
7935686;2;1;2;213.11372521;5
7935686;3;1;3;213.11372521;8
7935701;1;1;1;127.3233142;3
7935701;2;1;2;127.3233142;5
7935701;1;1;1;127.3233142;3
7935701;2;1;2;127.3233142;5
7935711;1;1;1;37.394361895;2
7935711;1;1;1;37.394361895;2
7935729;1;1;1;132.56855172;4
7935729;2;1;2;132.56855172;5
7935729;1;1;1;132.56855172;4
7935729;2;1;2;132.56855172;5
7935730;1;1;1;111.75420184;3
7935730;2;1;2;111.75420184;4
7935730;1;1;1;111.75420184;3
7935730;2;1;2;111.75420184;4
7935742;1;1;1;267.64716437;3
7935742;1;1;1;267.64716437;3
7935747;1;1;1;183.65032745;1
7935747;1;1;1;183.65032745;1
7935765;1;1;1;129.56373141;3
7935765;2;1;2;129.56373141;4
7935765;1;1;1;129.56373141;3
7935765;2;1;2;129.56373141;4
7935784;1;1;1;42.657587687;3
7935784;2;1;2;42.657587687;4
7935784;3;1;3;42.657587687;5
7935784;1;1;1;42.657587687;3
7935784;2;1;2;42.657587687;4
7935784;3;1;3;42.657587687;5
7935800;1;1;1;138.17343581;4
7935800;2;1;2;138.17343581;5
7935804;1;1;1;259.75258471;3
7935804;2;1;2;259.75258471;4
7935804;3;1;3;259.75258471;5
7935804;1;1;1;259.75258471;3
7935804;2;1;2;259.75258471;4
7935804;3;1;3;259.75258471;5
7935817;1;1;1;113.5493804;4
7935817;2;1;2;113.5493804;5
7935817;3;1;3;113.5493804;6
7935817;4;1;4;113.5493804;7
7935817;1;1;1;113.5493804;4
7935817;2;1;2;113.5493804;5
7935817;3;1;3;113.5493804;6
7935817;4;1;4;113.5493804;7
7935819;1;1;1;128.02136242;2
7935819;1;1;1;128.02136242;2
7935831;1;1;1;125.90393168;3
7935831;2;1;2;125.90393168;4
7935831;3;1;3;125.90393168;5
7935831;1;1;1;125.90393168;3
7935831;2;1;2;125.90393168;4
7935831;3;1;3;125.90393168;5
7935832;1;1;1;58.89358577;3
7935832;1;1;1;58.89358577;3
7935842;1;1;1;47.388908709;2
7935842;1;1;1;47.388908709;2
7935850;2;1;2;131.33771567;5
7935850;1;1;1;131.33771567;4
7935850;1;1;1;131.33771567;4
7935850;2;1;2;131.33771567;5
7935853;1;1;1;125.90393168;3
7935853;2;1;2;125.90393168;4
7935853;3;1;3;125.90393168;5
7935855;1;1;1;96.061193368;3
7935855;2;1;2;96.061193368;4
7935855;1;1;1;96.061193368;3
7935855;2;1;2;96.061193368;4
7935871;1;1;1;292.94491276;3
7935871;2;1;2;292.94491276;4
7935871;1;1;1;292.94491276;3
7935871;2;1;2;292.94491276;4
7935929;1;1;1;117.23594071;3
7935929;2;1;2;117.23594071;4
7935929;1;1;1;117.23594071;3
7935929;2;1;2;117.23594071;4
7935933;1;1;1;168.10915176;3
7935933;2;1;2;168.10915176;4
7935933;1;1;1;168.10915176;3
7935933;2;1;2;168.10915176;4
7935938;1;1;1;103.78502511;3
7935938;2;1;2;103.78502511;4
7935938;1;1;1;103.78502511;3
7935938;2;1;2;103.78502511;4
7935998;1;1;1;7.0441897055;3
7936013;1;1;1;17.860660473;3
7936013;1;1;1;17.860660473;3
7936050;1;1;1;17.256805752;2
7936050;2;1;2;17.256805752;3
7936101;1;1;1;30.582578185;4
7936101;2;1;2;30.582578185;5
7936101;1;1;1;30.582578185;4
7936101;2;1;2;30.582578185;5
7936102;1;1;1;10.1126388;2
7936102;1;1;1;10.1126388;2
7936117;1;1;1;289.41441465;3
7936117;2;1;2;289.41441465;4
7936117;1;1;1;289.41441465;3
7936117;2;1;2;289.41441465;4
7936174;1;1;1;393.86726198;2
7936174;1;1;1;393.86726198;2
7936180;1;1;1;115.21714062;2
7936180;1;1;1;115.21714062;2
7936185;1;1;1;118.65618136;4
7936185;1;1;1;118.65618136;4
7936203;1;1;1;9.5162076656;3
7936203;2;1;2;9.5162076656;4
7936203;1;1;1;9.5162076656;3
7936203;2;1;2;9.5162076656;4
7936210;1;1;1;7.0441897055;3
7936210;2;1;2;7.0441897055;4
7936210;1;1;1;7.0441897055;3
7936210;2;1;2;7.0441897055;4
7936220;1;1;1;107.00789904;2
7936220;1;1;1;107.00789904;2
7936247;1;1;1;133.48751653;2
7936247;1;1;1;133.48751653;2
7936254;1;1;1;635.24758978;1
7936254;1;1;1;635.24758978;1
7936255;1;1;1;89.773538157;2
7936290;1;1;1;65.116776714;1
7936290;1;1;1;65.116776714;1
7936312;1;1;1;41.944588028;3
7936312;2;1;2;41.944588028;4
7936312;3;1;3;41.944588028;5
7936312;1;1;1;41.944588028;3
7936312;2;1;2;41.944588028;4
7936312;3;1;3;41.944588028;5
7936334;1;1;1;126.56980606;2
7936334;1;1;1;126.56980606;2
7936346;1;1;1;277.40879249;1
7936346;1;1;1;277.40879249;1
7936364;1;1;1;295.61688655;3
7936364;2;1;2;295.61688655;4
7936364;1;1;1;295.61688655;3
7936364;2;1;2;295.61688655;4
7936366;1;1;1;9.0020960625;3
7936366;1;1;1;9.0020960625;3
7936370;1;1;1;259.79727433;2
7936370;1;1;1;259.79727433;2
7936374;1;1;1;11.140539288;2
7936374;1;1;1;11.140539288;2
7936395;1;1;1;483.21938276;1
7936395;1;1;1;483.21938276;1
7936447;1;1;1;265.97106423;3
7936447;1;1;1;265.97106423;3
7936448;1;1;1;7.0441897055;4
7936448;1;1;1;7.0441897055;4
7936449;1;1;1;113.36197075;3
7936449;1;1;1;113.36197075;3
7936462;1;1;1;69.112999959;5
7936462;2;1;2;69.112999959;6
7936481;1;1;1;37.183421108;2
7936481;1;1;1;37.183421108;2
7936553;1;1;1;289.38540259;3
7936553;2;1;2;289.38540259;4
7936553;1;1;1;289.38540259;3
7936553;2;1;2;289.38540259;4
7936557;1;1;1;179.29073415;2
7936557;2;1;2;179.29073415;3
7936557;3;1;3;179.29073415;4
7936557;1;1;1;179.29073415;2
7936557;2;1;2;179.29073415;3
7936557;3;1;3;179.29073415;4
7936568;1;1;1;185.45521041;4
7936568;2;1;2;185.45521041;5
7936568;1;1;1;185.45521041;4
7936568;2;1;2;185.45521041;5
7936617;1;1;1;54.172925773;3
7936617;2;1;2;54.172925773;4
7936620;1;1;1;159.88871076;3
7936620;2;1;2;159.88871076;4
7936620;3;1;3;159.88871076;5
7936620;1;1;1;159.88871076;3
7936620;2;1;2;159.88871076;4
7936620;3;1;3;159.88871076;5
7936640;1;1;1;48.769233338;3
7936640;2;1;2;48.769233338;4
7936640;3;1;3;48.769233338;5
7936640;1;1;1;48.769233338;3
7936640;2;1;2;48.769233338;4
7936640;3;1;3;48.769233338;5
7936657;1;1;1;937.21918899;4
7936657;1;1;1;937.21918899;4
7936671;1;1;1;150.94863695;3
7936671;1;1;1;150.94863695;3
7936741;1;1;1;279.26526646;2
7936741;1;1;1;279.26526646;2
7936766;1;1;1;16.682965646;3
7936766;1;1;1;16.682965646;3
7936781;1;1;1;105.15578258;4
7936781;1;1;1;105.15578258;4
7936808;1;1;1;375.62841187;2
7936808;1;1;1;375.62841187;2
7936869;1;1;1;7.0441897055;3
7936869;2;1;2;7.0441897055;4
7936895;1;1;1;296.49546354;3
7936895;1;1;1;296.49546354;3
7936924;1;1;1;24.672525309;3
7936924;2;1;2;24.672525309;4
7936974;1;1;1;39.972677542;1
7936974;1;1;1;39.972677542;1
7936982;1;1;1;103.23194592;2
7936982;1;1;1;103.23194592;2
7937004;1;1;1;134.04145906;2
7937004;1;1;1;134.04145906;2
7937018;1;1;1;18.843379691;3
7937018;2;1;2;18.843379691;4
7937018;3;1;3;18.843379691;5
7937018;1;1;1;18.843379691;3
7937018;2;1;2;18.843379691;4
7937018;3;1;3;18.843379691;5
7937057;1;1;1;126.64473157;2
7937057;2;1;2;126.64473157;3
7937057;1;1;1;126.64473157;2
7937057;2;1;2;126.64473157;3
7937086;1;1;1;204.05038388;3
7937086;1;1;1;204.05038388;3
7937089;1;1;1;130.27863121;3
7937101;1;1;1;180.35957813;2
7937101;1;1;1;180.35957813;2
7937117;1;1;1;15.390743139;4
7937117;2;1;2;15.390743139;5
7937117;1;1;1;15.390743139;4
7937117;2;1;2;15.390743139;5
7937135;1;1;1;106.45835014;2
7937135;1;1;1;106.45835014;2
7937167;1;1;1;9.1989528042;3
7937167;1;1;1;9.1989528042;3
7937188;1;1;1;128.50356865;3
7937188;1;1;1;128.50356865;3
7937196;1;1;1;85.565694373;2
7937196;1;1;1;85.565694373;2
7937203;1;1;1;180.28642676;2
7937203;1;1;1;180.28642676;2
7937205;1;1;1;89.046927298;2
7937205;1;1;1;89.046927298;2
7937206;1;1;1;131.16657297;3
7937206;2;1;2;131.16657297;4
7937206;1;1;1;131.16657297;3
7937206;2;1;2;131.16657297;4
7937207;1;1;1;251.31252726;2
7937207;1;1;1;251.31252726;2
7937212;1;1;1;136.47520071;4
7937212;2;1;2;136.47520071;5
7937212;1;1;1;136.47520071;4
7937212;2;1;2;136.47520071;5
7937240;1;1;1;175.13380052;3
7937240;2;1;2;175.13380052;5
7937240;1;1;1;175.13380052;3
7937240;2;1;2;175.13380052;5
7937256;1;1;1;372.2214406;2
7937256;1;1;1;372.2214406;2
7937287;1;1;1;309.31914413;3
7937287;2;1;2;309.31914413;4
7937287;1;1;1;309.31914413;3
7937287;2;1;2;309.31914413;4
7937305;1;1;1;149.02114419;2
7937305;2;1;2;149.02114419;3
7937305;1;1;1;149.02114419;2
7937305;2;1;2;149.02114419;3
7937311;1;1;1;93.189502931;1
7937311;1;1;1;93.189502931;1
7937320;1;1;1;266.61739633;4
7937320;2;1;2;266.61739633;5
7937320;1;1;1;266.61739633;4
7937320;2;1;2;266.61739633;5
7937347;1;1;1;22.843844329;2
7937347;2;1;2;22.843844329;3
7937347;1;1;1;22.843844329;2
7937347;2;1;2;22.843844329;3
7937350;1;1;1;154.62645746;3
7937350;2;1;2;154.62645746;4
7937350;1;1;1;154.62645746;3
7937350;2;1;2;154.62645746;4
7937355;1;1;1;152.57302454;3
7937355;1;1;1;152.57302454;3
7937369;1;1;1;422.29349259;3
7937369;2;1;2;422.29349259;4
7937369;3;1;3;422.29349259;5
7937369;4;1;4;422.29349259;6
7937421;1;1;1;128.52477732;3
7937421;1;1;1;128.52477732;3
7937427;1;1;1;43.648547555;2
7937427;2;1;2;43.648547555;3
7937427;1;1;1;43.648547555;2
7937427;2;1;2;43.648547555;3
7937464;1;1;1;36.811634473;2
7937464;1;1;1;36.811634473;2
7937467;1;1;1;246.1233099;3
7937467;2;1;2;246.1233099;4
7937467;1;1;1;246.1233099;3
7937467;2;1;2;246.1233099;4
7937470;1;1;1;21.466015656;3
7937470;1;1;1;21.466015656;3
7937472;1;1;1;21.125662543;3
7937472;1;1;1;21.125662543;3
7937481;1;1;1;63.611052623;3
7937481;2;1;2;63.611052623;4
7937481;3;1;3;63.611052623;5
7937481;1;1;1;63.611052623;3
7937481;2;1;2;63.611052623;4
7937481;3;1;3;63.611052623;5
7937533;1;1;1;34.73503254;3
7937533;2;1;2;34.73503254;4
7937533;1;1;1;34.73503254;3
7937533;2;1;2;34.73503254;4
7937542;1;1;1;32.797281685;2
7937542;1;1;1;32.797281685;2
7937549;1;1;1;262.34487942;1
7937549;1;1;1;262.34487942;1
7937557;1;1;1;18.433867434;3
7937557;1;1;1;18.433867434;3
7937618;1;1;1;309.77846563;3
7937618;1;1;1;309.77846563;3
7937623;1;1;1;140.30913465;2
7937623;1;1;1;140.30913465;2
7937627;1;1;1;41.184423452;3
7937627;1;1;1;41.184423452;3
7937634;1;1;1;160.31162148;2
7937634;1;1;1;160.31162148;2
7937635;1;1;1;343.90536506;3
7937635;2;1;2;343.90536506;4
7937635;1;1;1;343.90536506;3
7937635;2;1;2;343.90536506;4
7937675;1;1;1;40.294334065;3
7937675;1;1;1;40.294334065;3
7937700;1;1;1;62.9404363;4
7937700;2;1;2;62.9404363;5
7937700;1;1;1;62.9404363;4
7937700;2;1;2;62.9404363;5
7937702;1;1;1;285.09522252;2
7937702;1;1;1;285.09522252;2
7937704;1;2;1;132.48488789;4
7937704;1;2;1;132.48488789;4
7937708;1;1;1;39.241047693;3
7937708;2;1;2;39.241047693;4
7937709;1;1;1;130.09688983;1
7937709;2;1;2;130.09688983;2
7937709;1;1;1;130.09688983;1
7937709;2;1;2;130.09688983;2
7937710;1;1;1;40.927428535;0
7937710;1;1;1;40.927428535;0
7937720;1;1;1;271.94506758;4
7937720;1;1;1;271.94506758;4
7937722;1;1;1;66.158265275;1
7937722;1;1;1;66.158265275;1
7937729;1;1;1;224.74207736;3
7937740;1;1;1;162.8139316;2
7937740;1;1;1;162.8139316;2
7937767;1;1;1;66.000451328;3
7937767;2;1;2;66.000451328;4
7937767;1;1;1;66.000451328;3
7937767;2;1;2;66.000451328;4
7937768;1;1;1;42.248294437;3
7937768;2;1;2;42.248294437;4
7937768;1;1;1;42.248294437;3
7937768;2;1;2;42.248294437;4
7937775;1;1;1;53.134412953;3
7937775;1;1;1;53.134412953;3
7937793;1;1;1;247.56899355;2
7937793;1;1;1;247.56899355;2
7937817;1;1;1;370.27950315;3
7937817;1;1;1;370.27950315;3
7937826;1;1;1;231.65999139;3
7937826;2;1;2;231.65999139;4
7937860;1;1;1;114.39495903;2
7937860;1;1;1;114.39495903;2
7937880;1;1;1;581.9983511;2
7937880;1;1;1;581.9983511;2
7937928;1;1;1;220.41564881;4
7937928;1;1;1;220.41564881;4
7937944;1;1;1;355.24955415;3
7937944;2;1;2;355.24955415;4
7937944;1;1;1;355.24955415;3
7937944;2;1;2;355.24955415;4
7937961;1;1;1;145.40107267;4
7937961;1;1;1;145.40107267;4
7937968;1;1;1;139.85877037;6
7937968;2;1;2;139.85877037;7
7937968;1;1;1;139.85877037;6
7937968;2;1;2;139.85877037;7
7937971;1;1;1;199.74964508;4
7937971;2;1;2;199.74964508;5
7937971;1;1;1;199.74964508;4
7937971;2;1;2;199.74964508;5
7937989;1;1;1;1809.7594138;3
7937989;1;1;1;1809.7594138;3
7937998;1;1;1;185.47950569;3
7937998;1;1;1;185.47950569;3
7938013;1;1;1;199.74964508;3
7938013;2;1;2;199.74964508;4
7938013;1;1;1;199.74964508;3
7938013;2;1;2;199.74964508;4
7938049;1;1;1;19.979824339;2
7938049;1;1;1;19.979824339;2
7938051;1;1;1;93.364143626;5
7938051;1;1;1;93.364143626;5
7938060;1;1;1;224.1779169;3
7938060;1;1;1;224.1779169;3
7938078;1;1;1;36.878075066;3
7938078;1;1;1;36.878075066;3
7938105;1;1;1;188.66167685;3
7938105;1;1;1;188.66167685;3
7938161;1;1;1;229.46485124;1
7938161;1;1;1;229.46485124;1
7938171;1;1;1;206.97036841;3
7938171;2;1;2;206.97036841;4
7938171;1;1;1;206.97036841;3
7938171;2;1;2;206.97036841;4
7938172;1;1;1;123.07517746;2
7938172;2;1;2;123.07517746;3
7938172;1;1;1;123.07517746;2
7938172;2;1;2;123.07517746;3
7938175;1;2;1;215.71104466;2
7938175;1;2;1;215.71104466;2
7938215;1;1;1;179.50478648;3
7938215;2;1;2;179.50478648;4
7938215;1;1;1;179.50478648;3
7938215;2;1;2;179.50478648;4
7938225;1;1;1;58.413881228;3
7938225;1;1;1;58.413881228;3
7938226;1;1;1;64.666481598;2
7938226;1;1;1;64.666481598;2
7938257;1;1;1;139.15010114;2
7938257;2;1;2;139.15010114;3
7938257;1;1;1;139.15010114;2
7938257;2;1;2;139.15010114;3
7938258;1;1;1;97.958754891;5
7938258;1;1;1;97.958754891;5
7938261;1;1;1;71.390425824;3
7938261;2;1;2;71.390425824;4
7938261;3;1;3;71.390425824;5
7938261;4;1;4;71.390425824;6
7938261;1;1;1;71.390425824;3
7938261;2;1;2;71.390425824;4
7938261;3;1;3;71.390425824;5
7938261;4;1;4;71.390425824;6
7938279;1;1;1;179.35685973;3
7938279;1;1;1;179.35685973;3
7938283;1;1;1;382.38254274;1
7938283;1;1;1;382.38254274;1
7938285;1;1;1;162.57961194;3
7938285;2;1;2;162.57961194;4
7938285;1;1;1;162.57961194;3
7938285;2;1;2;162.57961194;4
7938297;1;1;1;92.166733149;2
7938297;2;1;2;92.166733149;3
7938297;1;1;1;92.166733149;2
7938297;2;1;2;92.166733149;3
7938334;1;1;1;145.3279213;1
7938334;1;1;1;145.3279213;1
7938335;1;1;1;235.34622204;3
7938335;1;1;1;235.34622204;3
7938336;1;1;1;28.831907996;1
7938336;1;1;1;28.831907996;1
7938342;1;1;1;78.113835959;3
7938342;1;1;1;78.113835959;3
7938373;1;1;1;107.08215343;3
7938373;1;1;1;107.08215343;3
7938376;1;1;1;56.973545294;2
7938376;1;1;1;56.973545294;2
7938383;1;1;1;235.73692684;4
7938383;1;1;1;235.73692684;4
7938384;1;1;1;81.345839207;3
7938384;1;1;1;81.345839207;3
7938396;1;1;1;333.37914137;2
7938396;2;1;2;333.37914137;3
7938396;1;1;1;333.37914137;2
7938396;2;1;2;333.37914137;3
7938433;1;1;1;87.26016413;4
7938434;1;1;1;91.432418349;2
7938434;2;1;2;91.432418349;3
7938434;1;1;1;91.432418349;2
7938434;2;1;2;91.432418349;3
7938441;1;1;1;54.232121331;3
7938441;1;1;1;54.232121331;3
7938463;1;1;1;81.255509699;3
7938463;1;1;1;81.255509699;3
7938482;1;1;1;59.487458985;2
7938482;1;1;1;59.487458985;2
7938484;1;1;1;16.615708145;3
7938484;2;1;2;16.615708145;4
7938484;3;1;3;16.615708145;5
7938484;1;1;1;16.615708145;3
7938484;2;1;2;16.615708145;4
7938484;3;1;3;16.615708145;5
7938487;1;1;1;56.35929094;2
7938487;1;1;1;56.35929094;2
7938489;1;1;1;7.125683795;2
7938489;1;1;1;7.125683795;2
7938492;1;1;1;108.93039567;3
7938492;2;1;2;108.93039567;4
7938492;3;1;3;108.93039567;5
7938492;1;1;1;108.93039567;3
7938492;2;1;2;108.93039567;4
7938492;3;1;3;108.93039567;5
7938499;1;1;1;128.82247078;3
7938499;2;1;2;128.82247078;5
7938499;1;1;1;128.82247078;3
7938499;2;1;2;128.82247078;5
7938514;1;1;1;131.62924948;5
7938514;1;1;1;131.62924948;5
7938553;1;1;1;172.73802058;4
7938553;1;1;1;172.73802058;4
7938590;1;1;1;52.234060069;4
7938590;1;1;1;52.234060069;4
7938623;1;1;1;520.22971423;1
7938623;1;1;1;520.22971423;1
7938652;1;1;1;184.8966267;3
7938652;2;1;2;184.8966267;4
7938652;1;1;1;184.8966267;3
7938652;2;1;2;184.8966267;4
7938659;1;1;1;137.55247005;3
7938659;1;1;1;137.55247005;3
7938672;1;1;1;157.87538103;3
7938672;2;1;2;157.87538103;4
7938672;3;1;3;157.87538103;5
7938672;1;1;1;157.87538103;3
7938672;2;1;2;157.87538103;4
7938672;3;1;3;157.87538103;5
7938686;1;1;1;163.4481069;4
7938686;1;1;1;163.4481069;4
7938689;1;1;1;221.54789835;2
7938689;2;1;2;221.54789835;3
7938689;1;1;1;221.54789835;2
7938689;2;1;2;221.54789835;3
7938700;1;1;1;73.792382895;4
7938700;1;1;1;73.792382895;4
7938721;1;1;1;52.321193058;1
7938721;1;1;1;52.321193058;1
7938722;1;1;1;11.755329228;1
7938722;2;1;2;11.755329228;2
7938722;1;1;1;11.755329228;1
7938722;2;1;2;11.755329228;2
7938727;1;1;1;29.064419703;1
7938727;2;1;2;29.064419703;2
7938727;1;1;1;29.064419703;1
7938727;2;1;2;29.064419703;2
7938743;1;1;1;12.199596788;5
7938743;2;1;2;12.199596788;8
7938743;3;1;3;12.199596788;9
7938743;1;1;1;12.199596788;5
7938743;2;1;2;12.199596788;8
7938743;3;1;3;12.199596788;9
7938759;1;1;1;166.07622133;3
7938761;1;1;1;89.3821412;2
7938761;1;1;1;89.3821412;2
7938765;1;1;1;96.153614819;3
7938765;1;1;1;96.153614819;3
7938767;1;1;1;146.13568861;3
7938767;1;1;1;146.13568861;3
7938769;1;1;1;167.96268217;3
7938769;2;1;2;167.96268217;4
7938769;1;1;1;167.96268217;3
7938769;2;1;2;167.96268217;4
7938770;1;1;1;148.19963203;4
7938778;1;1;1;92.136055477;3
7938781;1;1;1;6.8863219438;2
7938781;1;1;1;6.8863219438;2
7938785;1;1;1;137.00313658;3
7938785;2;1;2;137.00313658;4
7938785;1;1;1;137.00313658;3
7938785;2;1;2;137.00313658;4
7938811;1;1;1;147.88772837;3
7938811;2;1;2;147.88772837;4
7938811;1;1;1;147.88772837;3
7938811;2;1;2;147.88772837;4
7938821;1;1;1;92.547866594;2
7938821;2;1;2;92.547866594;3
7938821;1;1;1;92.547866594;2
7938821;2;1;2;92.547866594;3
7938843;1;1;1;92.371088923;2
7938843;1;1;1;92.371088923;2
7938851;1;1;1;57.478352041;5
7938851;2;1;2;57.478352041;6
7938851;1;1;1;57.478352041;5
7938851;2;1;2;57.478352041;6
7938874;1;1;1;263.87515565;2
7938874;2;1;2;263.87515565;3
7938874;1;1;1;263.87515565;2
7938874;2;1;2;263.87515565;3
7938880;1;1;1;285.71941216;1
7938880;1;1;1;285.71941216;1
7938903;1;1;1;346.50272965;2
7938903;2;1;2;346.50272965;3
7938903;1;1;1;346.50272965;2
7938903;2;1;2;346.50272965;3
7938907;1;2;1;75.196087796;2
7938907;2;2;2;75.196087796;3
7938907;1;2;1;75.196087796;2
7938907;2;2;2;75.196087796;3
7938916;1;1;1;565.89348433;5
7938916;2;1;2;565.89348433;6
7938916;1;1;1;565.89348433;5
7938916;2;1;2;565.89348433;6
7938921;1;1;1;112.45980176;2
7938921;1;1;1;112.45980176;2
7938949;1;1;1;597.32081736;3
7938949;2;1;2;597.32081736;4
7938949;1;1;1;597.32081736;3
7938949;2;1;2;597.32081736;4
7938989;1;1;1;28.531374337;1
7938989;1;1;1;28.531374337;1
7939040;1;1;1;188.06768726;3
7939040;2;1;2;188.06768726;4
7939040;1;1;1;188.06768726;3
7939040;2;1;2;188.06768726;4
7939050;1;1;1;90.871575407;2
7939050;2;1;2;90.871575407;3
7939050;1;1;1;90.871575407;2
7939050;2;1;2;90.871575407;3
7939074;1;1;1;182.2192;5
7939074;1;1;1;182.2192;5
7939083;1;1;1;340.18926777;3
7939083;2;1;2;340.18926777;4
7939083;1;1;1;340.18926777;3
7939083;2;1;2;340.18926777;4
7939088;1;1;1;197.36899431;5
7939088;2;1;2;197.36899431;6
7939088;1;1;1;197.36899431;5
7939088;2;1;2;197.36899431;6
7939110;1;1;1;426.94375509;2
7939110;2;1;2;426.94375509;3
7939110;1;1;1;426.94375509;2
7939110;2;1;2;426.94375509;3
7939137;1;1;1;214.95277868;4
7939137;2;1;2;214.95277868;5
7939137;3;1;3;214.95277868;6
7939137;1;1;1;214.95277868;4
7939137;2;1;2;214.95277868;5
7939137;3;1;3;214.95277868;6
7939140;1;1;1;260.8896517;5
7939140;2;1;2;260.8896517;6
7939140;1;1;1;260.8896517;5
7939140;2;1;2;260.8896517;6
7939145;1;1;1;156.6744243;4
7939145;1;1;1;156.6744243;4
7939151;1;1;1;9.7432117814;2
7939151;2;1;2;9.7432117814;3
7939151;1;1;1;9.7432117814;2
7939151;2;1;2;9.7432117814;3
7939167;1;1;1;93.949642415;4
7939167;1;1;1;93.949642415;4
7939194;1;1;1;209.07595737;6
7939194;1;1;1;209.07595737;6
7939236;1;1;1;86.350548185;3
7939236;2;1;2;86.350548185;4
7939236;1;1;1;86.350548185;3
7939236;2;1;2;86.350548185;4
7939261;1;1;1;158.27546536;3
7939261;2;1;2;158.27546536;4
7939261;1;1;1;158.27546536;3
7939261;2;1;2;158.27546536;4
7939265;1;1;1;161.92319695;5
7939265;1;1;1;161.92319695;5
7939287;1;1;1;228.2762437;4
7939287;2;1;2;228.2762437;5
7939287;1;1;1;228.2762437;4
7939287;2;1;2;228.2762437;5
7939289;1;1;1;89.775758839;3
7939289;2;1;2;89.775758839;4
7939289;3;1;3;89.775758839;5
7939289;1;1;1;89.775758839;3
7939289;2;1;2;89.775758839;4
7939289;3;1;3;89.775758839;5
7939302;1;1;1;97.249471394;3
7939302;1;1;1;97.249471394;3
7939324;1;1;1;165.09056757;4
7939324;2;1;2;165.09056757;5
7939324;1;1;1;165.09056757;4
7939324;2;1;2;165.09056757;5
7939326;1;1;1;150.89701646;3
7939326;2;1;2;150.89701646;4
7939326;1;1;1;150.89701646;3
7939326;2;1;2;150.89701646;4
7939332;1;1;1;474.71209709;3
7939332;2;1;2;474.71209709;4
7939332;1;1;1;474.71209709;3
7939332;2;1;2;474.71209709;4
7939358;1;1;1;281.85125238;5
7939358;2;1;2;281.85125238;6
7939358;3;1;3;281.85125238;7
7939358;4;1;4;281.85125238;12
7939358;5;1;5;281.85125238;16
7939358;6;1;6;281.85125238;17
7939358;7;1;7;281.85125238;18
7939364;1;1;1;63.71131614;3
7939364;2;1;2;63.71131614;4
7939364;1;1;1;63.71131614;3
7939364;2;1;2;63.71131614;4
7939367;1;1;1;304.29730563;2
7939367;1;1;1;304.29730563;2
7939383;1;1;1;148.50178177;2
7939383;1;1;1;148.50178177;2
7939385;1;1;1;263.75070112;7
7939385;1;1;1;263.75070112;7
7939386;1;1;1;239.23308095;4
7939386;1;1;1;239.23308095;4
7939399;1;1;1;158.22941558;4
7939399;1;1;1;158.22941558;4
7939406;1;1;1;97.233897806;2
7939406;1;1;1;97.233897806;2
7939412;1;1;1;217.45340731;3
7939412;2;1;2;217.45340731;4
7939412;1;1;1;217.45340731;3
7939412;2;1;2;217.45340731;4
7939447;1;1;1;21.612511846;3
7939447;2;1;2;21.612511846;4
7939447;1;1;1;21.612511846;3
7939447;2;1;2;21.612511846;4
7939459;1;1;1;52.219256549;1
7939459;1;1;1;52.219256549;1
7939465;1;1;1;24.385416614;4
7939465;2;1;2;24.385416614;5
7939465;1;1;1;24.385416614;4
7939465;2;1;2;24.385416614;5
7939466;1;1;1;22.09084402;2
7939466;1;1;1;22.09084402;2
7939472;1;1;1;73.78323821;3
7939472;2;1;2;73.78323821;4
7939472;3;1;3;73.78323821;5
7939472;1;1;1;73.78323821;3
7939472;2;1;2;73.78323821;4
7939472;3;1;3;73.78323821;5
7939482;1;2;1;11.92558109;2
7939482;2;2;2;11.92558109;3
7939482;1;2;1;11.92558109;2
7939482;2;2;2;11.92558109;3
7939495;1;1;1;196.66422411;2
7939495;2;1;2;196.66422411;3
7939495;1;1;1;196.66422411;2
7939495;2;1;2;196.66422411;3
7939518;1;1;1;82.706545949;3
7939518;1;1;1;82.706545949;3
7939521;1;1;1;45.915087143;2
7939521;1;1;1;45.915087143;2
7939567;1;1;1;72.762618832;2
7939567;2;1;2;72.762618832;3
7939567;3;1;3;72.762618832;4
7939567;4;1;4;72.762618832;5
7939567;1;1;1;72.762618832;2
7939567;2;1;2;72.762618832;3
7939567;3;1;3;72.762618832;4
7939567;4;1;4;72.762618832;5
7939569;1;1;1;111.88060991;2
7939569;1;1;1;111.88060991;2
7939579;1;1;1;155.22089394;2
7939579;2;1;2;155.22089394;3
7939579;1;1;1;155.22089394;2
7939579;2;1;2;155.22089394;3
7939583;1;1;1;121.44838845;3
7939583;2;1;2;121.44838845;4
7939583;3;1;3;121.44838845;5
7939583;1;1;1;121.44838845;3
7939583;2;1;2;121.44838845;4
7939583;3;1;3;121.44838845;5
7939606;1;1;1;33.481668332;3
7939606;2;1;2;33.481668332;4
7939606;1;1;1;33.481668332;3
7939606;2;1;2;33.481668332;4
7939609;1;1;1;54.044244609;2
7939609;1;1;1;54.044244609;2
7939615;1;1;1;107.27579381;2
7939615;1;1;1;107.27579381;2
7939622;1;1;1;77.9141551;2
7939622;1;1;1;77.9141551;2
7939628;1;1;1;234.83948418;3
7939628;2;1;2;234.83948418;4
7939628;1;1;1;234.83948418;3
7939628;2;1;2;234.83948418;4
7939630;1;1;1;106.92806181;2
7939630;2;1;2;106.92806181;3
7939630;1;1;1;106.92806181;2
7939630;2;1;2;106.92806181;3
7939645;1;1;1;83.443444233;2
7939645;2;1;2;83.443444233;3
7939645;3;1;3;83.443444233;3
7939645;1;1;1;83.443444233;2
7939645;2;1;2;83.443444233;3
7939645;3;1;3;83.443444233;3
7939646;1;1;1;149.20519526;3
7939646;2;1;2;149.20519526;4
7939646;3;1;3;149.20519526;5
7939646;4;1;4;149.20519526;6
7939646;1;1;1;149.20519526;3
7939646;2;1;2;149.20519526;4
7939646;3;1;3;149.20519526;5
7939646;4;1;4;149.20519526;6
7939649;1;1;1;104.42462804;3
7939649;2;1;2;104.42462804;4
7939649;1;1;1;104.42462804;3
7939649;2;1;2;104.42462804;4
7939651;1;1;1;78.345629516;2
7939651;2;1;2;78.345629516;3
7939651;1;1;1;78.345629516;2
7939651;2;1;2;78.345629516;3
7939664;1;1;1;86.865708107;1
7939664;2;1;2;86.865708107;2
7939664;1;1;1;86.865708107;1
7939664;2;1;2;86.865708107;2
7939667;1;1;1;319.54133739;3
7939667;2;1;2;319.54133739;4
7939667;1;1;1;319.54133739;3
7939667;2;1;2;319.54133739;4
7939673;1;1;1;262.38061194;4
7939673;1;1;1;262.38061194;4
7939674;1;1;1;112.23928683;3
7939674;2;1;2;112.23928683;4
7939674;1;1;1;112.23928683;3
7939674;2;1;2;112.23928683;4
7939707;1;1;1;72.572910217;5
7939707;2;1;2;72.572910217;6
7939707;3;1;3;72.572910217;7
7939707;1;1;1;72.572910217;5
7939707;2;1;2;72.572910217;6
7939707;3;1;3;72.572910217;7
7939714;1;1;1;75.648372285;1
7939714;2;1;2;75.648372285;2
7939714;1;1;1;75.648372285;1
7939714;2;1;2;75.648372285;2
7939720;1;1;1;82.862621162;4
7939720;1;1;1;82.862621162;4
7939722;1;1;1;49.694405266;3
7939722;1;1;1;49.694405266;3
7939723;1;1;1;326.99503072;4
7939723;1;1;1;326.99503072;4
7939725;1;1;1;201.32548265;2
7939725;2;1;2;201.32548265;3
7939744;1;1;1;92.928112483;4
7939744;2;1;2;92.928112483;5
7939744;3;1;3;92.928112483;8
7939744;1;1;1;92.928112483;4
7939744;2;1;2;92.928112483;5
7939744;3;1;3;92.928112483;8
7939764;1;1;1;19.397367761;4
7939764;1;1;1;19.397367761;4
7939775;1;1;1;117.58786693;3
7939775;1;1;1;117.58786693;3
7939776;1;1;1;127.58289853;3
7939776;2;1;2;127.58289853;4
7939776;1;1;1;127.58289853;3
7939776;2;1;2;127.58289853;4
7939779;1;1;1;94.181450165;3
7939779;1;1;1;94.181450165;3
7939803;1;1;1;204.05536236;4
7939803;1;1;1;204.05536236;4
7939810;1;1;1;101.4481078;3
7939810;1;1;1;101.4481078;3
7939812;1;1;1;245.55186173;2
7939812;1;1;1;245.55186173;2
7939822;1;1;1;39.835804935;3
7939822;2;1;2;39.835804935;4
7939822;1;1;1;39.835804935;3
7939822;2;1;2;39.835804935;4
7939829;1;1;1;268.50798694;2
7939829;1;1;1;268.50798694;2
7939832;1;1;1;386.10266016;3
7939832;1;1;1;386.10266016;3
7939841;1;1;1;323.14292785;5
7939841;1;1;1;323.14292785;5
7939852;1;1;1;56.525499921;3
7939852;1;1;1;56.525499921;3
7939865;1;1;1;164.84433569;2
7939865;1;1;1;164.84433569;2
7939876;1;1;1;27.66393796;2
7939876;1;1;1;27.66393796;2
7939877;1;1;1;233.86221777;2
7939877;2;1;2;233.86221777;5
7939877;1;1;1;233.86221777;2
7939877;2;1;2;233.86221777;5
7939879;1;1;1;201.31198226;2
7939879;1;1;1;201.31198226;2
7939882;1;1;1;126.88840711;3
7939882;1;1;1;126.88840711;3
7939886;1;1;1;48.406612573;1
7939886;1;1;1;48.406612573;1
7939914;1;1;1;89.05125858;3
7939914;1;1;1;89.05125858;3
7939925;1;1;1;22.110771637;4
7939925;1;1;1;22.110771637;4
7939926;1;1;1;22.110771637;3
7939926;1;1;1;22.110771637;3
7939932;1;1;1;30.563690885;3
7939932;1;1;1;30.563690885;3
7939945;1;1;1;242.20349477;1
7939945;2;1;2;242.20349477;2
7939945;1;1;1;242.20349477;1
7939945;2;1;2;242.20349477;2
7939959;1;1;1;39.591565751;3
7939959;1;1;1;39.591565751;3
7939960;1;1;1;37.207061302;2
7939960;2;1;2;37.207061302;3
7939960;1;1;1;37.207061302;2
7939960;2;1;2;37.207061302;3
7939961;1;1;1;65.313397888;3
7939961;2;1;2;65.313397888;4
7939961;1;1;1;65.313397888;3
7939961;2;1;2;65.313397888;4
7939970;1;1;1;19.838809118;3
7939970;1;1;1;19.838809118;3
7939978;1;1;1;30.563690885;3
7939978;1;1;1;30.563690885;3
7939994;1;1;1;86.352634391;2
7939994;1;1;1;86.352634391;2
7939998;1;1;1;57.567319582;4
7939998;1;1;1;57.567319582;4
7940014;1;1;1;215.81424072;4
7940014;1;1;1;215.81424072;4
7940053;1;1;1;50.966324017;3
7940053;1;1;1;50.966324017;3
7940061;1;1;1;201.32167558;3
7940061;1;1;1;201.32167558;3
7940068;1;1;1;117.62998076;2
7940068;2;1;2;117.62998076;3
7940068;3;1;3;117.62998076;4
7940068;1;1;1;117.62998076;2
7940068;2;1;2;117.62998076;3
7940068;3;1;3;117.62998076;4
7940110;1;1;1;83.135638445;4
7940110;1;1;1;83.135638445;4
7940131;1;1;1;190.6873988;2
7940152;1;1;1;107.63494915;2
7940152;2;1;2;107.63494915;3
7940165;1;1;1;66.453711361;2
7940165;2;1;2;66.453711361;3
7940168;1;1;1;38.267692591;4
7940168;1;1;1;38.267692591;4
7940193;1;1;1;255.59770989;5
7940193;1;1;1;255.59770989;5
7940195;1;1;1;344.23577685;3
7940195;1;1;1;344.23577685;3
7940202;1;1;1;391.93225676;4
7940202;1;1;1;391.93225676;4
7940221;1;1;1;12.317722796;2
7940221;2;1;2;12.317722796;4
7940221;1;1;1;12.317722796;2
7940221;2;1;2;12.317722796;4
7940226;1;1;1;25.858882044;1
7940226;1;1;1;25.858882044;1
7940228;1;1;1;37.989853015;2
7940228;1;1;1;37.989853015;2
7940232;1;1;1;34.213190769;4
7940232;2;1;2;34.213190769;5
7940232;1;1;1;34.213190769;4
7940232;2;1;2;34.213190769;5
7940244;1;1;1;57.613995318;3
7940244;2;1;2;57.613995318;4
7940244;1;1;1;57.613995318;3
7940244;2;1;2;57.613995318;4
7940256;1;1;1;28.005456352;1
7940256;1;1;1;28.005456352;1
7940285;1;1;1;154.41571577;3
7940285;1;1;1;154.41571577;3
7940291;1;1;1;44.999582636;4
7940291;1;1;1;44.999582636;4
7940296;1;1;1;6.4038088232;3
7940296;2;1;2;6.4038088232;4
7940296;1;1;1;6.4038088232;3
7940296;2;1;2;6.4038088232;4
7940300;1;1;1;109.89704414;2
7940300;1;1;1;109.89704414;2
7940301;1;1;1;25.267343221;4
7940301;1;1;1;25.267343221;4
7940305;1;1;1;150.82356362;3
7940305;1;1;1;150.82356362;3
7940307;1;1;1;159.99629168;3
7940307;2;1;2;159.99629168;4
7940307;1;1;1;159.99629168;3
7940307;2;1;2;159.99629168;4
7940319;1;1;1;139.80710977;3
7940319;1;1;1;139.80710977;3
7940344;1;1;1;6.4038088232;2
7940344;1;1;1;6.4038088232;2
7940370;1;1;1;114.54842849;1
7940370;1;1;1;114.54842849;1
7940398;1;1;1;72.497521549;2
7940398;1;1;1;72.497521549;2
7940414;1;1;1;58.676984019;3
7940414;1;1;1;58.676984019;3
7940418;1;1;1;49.321106562;3
7940418;1;1;1;49.321106562;3
7940419;1;1;1;171.12652839;2
7940419;2;1;2;171.12652839;3
7940419;1;1;1;171.12652839;2
7940419;2;1;2;171.12652839;3
7940449;1;1;1;238.07683543;3
7940449;1;1;1;238.07683543;3
7940458;1;1;1;122.57150276;3
7940462;1;1;1;7.0441897055;3
7940462;1;1;1;7.0441897055;3
7940493;1;1;1;7.0441897055;3
7940493;2;1;2;7.0441897055;4
7940493;1;1;1;7.0441897055;3
7940493;2;1;2;7.0441897055;4
7940506;1;1;1;81.957555602;2
7940514;1;1;1;168.73037921;3
7940514;1;1;1;168.73037921;3
7940547;1;1;1;171.02463726;3
7940547;2;1;2;171.02463726;4
7940560;1;1;1;114.42874634;4
7940560;1;1;1;114.42874634;4
7940587;1;1;1;147.91160318;3
7940587;1;1;1;147.91160318;3
7940602;1;1;1;72.375998907;2
7940602;2;1;2;72.375998907;3
7940602;3;1;3;72.375998907;4
7940602;1;1;1;72.375998907;2
7940602;2;1;2;72.375998907;3
7940602;3;1;3;72.375998907;4
7940642;1;1;1;6.3397707349;3
7940642;1;1;1;6.3397707349;3
7940649;1;1;1;41.952280617;3
7940649;1;1;1;41.952280617;3
7940651;1;1;1;115.82863229;3
7940651;1;1;1;115.82863229;3
7940651;1;2;1;115.82863229;3
7940651;2;2;2;115.82863229;4
7940651;3;2;3;115.82863229;5
7940651;1;2;1;115.82863229;3
7940651;2;2;2;115.82863229;4
7940651;3;2;3;115.82863229;5
7940652;1;1;1;130.58874273;3
7940652;1;1;1;130.58874273;3
7940688;1;1;1;87.421175298;6
7940688;1;1;1;87.421175298;6
7940700;1;1;1;19.123828678;1
7940700;1;1;1;19.123828678;1
7940718;1;1;1;23.790089083;3
7940718;1;1;1;23.790089083;3
7940722;1;1;1;6.3397707349;3
7940722;1;1;1;6.3397707349;3
7940727;1;1;1;74.111910743;3
7940727;2;1;2;74.111910743;4
7940727;1;1;1;74.111910743;3
7940727;2;1;2;74.111910743;4
7940730;1;1;1;55.770661226;6
7940730;1;1;1;55.770661226;6
7940739;1;1;1;157.30962737;4
7940739;2;1;2;157.30962737;5
7940739;1;1;1;157.30962737;4
7940739;2;1;2;157.30962737;5
7940766;1;1;1;130.31518988;3
7940766;1;1;1;130.31518988;3
7940769;1;1;1;71.548379978;5
7940769;2;1;2;71.548379978;6
7940769;1;1;1;71.548379978;5
7940769;2;1;2;71.548379978;6
7940777;1;1;1;259.10124326;7
7940777;2;1;2;259.10124326;8
7940777;1;1;1;259.10124326;7
7940777;2;1;2;259.10124326;8
7940788;1;1;1;34.030620986;4
7940788;2;1;2;34.030620986;5
7940788;1;1;1;34.030620986;4
7940788;2;1;2;34.030620986;5
7940793;1;1;1;24.133884327;3
7940793;2;1;2;24.133884327;4
7940793;3;1;3;24.133884327;4
7940793;1;1;1;24.133884327;3
7940793;2;1;2;24.133884327;4
7940793;3;1;3;24.133884327;4
7940798;1;1;1;30.563574129;2
7940798;2;1;2;30.563574129;3
7940798;1;1;1;30.563574129;2
7940798;2;1;2;30.563574129;3
7940813;1;1;1;138.21925988;2
7940813;2;1;2;138.21925988;3
7940813;1;1;1;138.21925988;2
7940813;2;1;2;138.21925988;3
7940818;1;1;1;240.9602452;3
7940818;1;1;1;240.9602452;3
7940836;1;2;1;95.612086787;3
7940841;1;1;1;23.790669121;4
7940841;1;1;1;23.790669121;4
7940846;1;1;1;148.8748527;5
7940848;1;1;1;44.269721991;2
7940848;1;1;1;44.269721991;2
7940879;1;1;1;220.49569039;3
7940879;2;1;2;220.49569039;2
7940879;3;1;3;220.49569039;3
7940879;1;1;1;220.49569039;3
7940879;2;1;2;220.49569039;2
7940879;3;1;3;220.49569039;3
7940880;1;1;1;79.012721018;3
7940880;2;1;2;79.012721018;4
7940880;3;1;3;79.012721018;5
7940880;4;1;4;79.012721018;6
7940880;1;1;1;79.012721018;3
7940880;2;1;2;79.012721018;4
7940880;3;1;3;79.012721018;5
7940880;4;1;4;79.012721018;6
7940881;1;1;1;145.05895265;3
7940881;2;1;2;145.05895265;4
7940881;3;1;3;145.05895265;5
7940922;1;1;1;26.548264504;3
7940922;1;1;1;26.548264504;3
7940924;1;1;1;30.448795154;3
7940924;2;1;2;30.448795154;4
7940924;1;1;1;30.448795154;3
7940924;2;1;2;30.448795154;4
7940925;1;1;1;31.042341943;3
7940925;1;1;1;31.042341943;3
7940932;1;1;1;72.566996664;4
7940932;2;1;2;72.566996664;5
7940932;1;1;1;72.566996664;4
7940932;2;1;2;72.566996664;5
7940956;1;1;1;27.038146922;4
7940956;1;1;1;27.038146922;4
7940967;1;1;1;238.6214153;2
7940967;2;1;2;238.6214153;3
7940967;1;1;1;238.6214153;2
7940967;2;1;2;238.6214153;3
7940968;1;1;1;26.372728823;3
7940968;1;1;1;26.372728823;3
7940972;1;1;1;195.65633629;3
7940972;2;1;2;195.65633629;1
7940972;1;1;1;195.65633629;3
7940972;2;1;2;195.65633629;1
7940983;1;1;1;22.899871197;2
7940983;1;1;1;22.899871197;2
7940997;1;1;1;24.126009766;5
7940997;1;1;1;24.126009766;5
7940999;1;1;1;39.63716965;6
7940999;2;1;2;39.63716965;7
7941003;1;1;1;66.394386136;3
7941003;1;1;1;66.394386136;3
7941030;1;1;1;23.417104488;3
7941030;2;1;2;23.417104488;4
7941030;1;1;1;23.417104488;3
7941030;2;1;2;23.417104488;4
7941041;1;1;1;23.018634772;4
7941041;1;1;1;23.018634772;4
7941061;1;1;1;95.868686198;3
7941061;1;1;1;95.868686198;3
7941075;1;1;1;30.8139815;3
7941075;2;1;2;30.8139815;4
7941075;1;1;1;30.8139815;3
7941075;2;1;2;30.8139815;4
7941094;1;1;1;55.227676861;3
7941094;2;1;2;55.227676861;4
7941094;1;1;1;55.227676861;3
7941094;2;1;2;55.227676861;4
7941099;1;1;1;63.068600822;1
7941099;1;1;1;63.068600822;1
7941115;1;1;1;244.45524303;3
7941115;2;1;2;244.45524303;4
7941115;3;1;3;244.45524303;5
7941115;1;1;1;244.45524303;3
7941115;2;1;2;244.45524303;4
7941115;3;1;3;244.45524303;5
7941122;1;1;1;98.338343008;3
7941122;2;1;2;98.338343008;4
7941122;1;1;1;98.338343008;3
7941122;2;1;2;98.338343008;4
7941196;1;1;1;416.10687966;2
7941196;1;1;1;416.10687966;2
7941212;1;1;1;140.15201331;3
7941212;2;1;2;140.15201331;4
7941212;3;1;3;140.15201331;5
7941212;1;1;1;140.15201331;3
7941212;2;1;2;140.15201331;4
7941212;3;1;3;140.15201331;5
7941217;1;1;1;58.205007311;3
7941217;2;1;2;58.205007311;4
7941217;3;1;3;58.205007311;5
7941217;1;1;1;58.205007311;3
7941217;2;1;2;58.205007311;4
7941217;3;1;3;58.205007311;5
7941241;1;1;1;26.565561141;2
7941241;2;1;2;26.565561141;3
7941241;1;1;1;26.565561141;2
7941241;2;1;2;26.565561141;3
7941246;1;1;1;108.80063507;4
7941246;1;1;1;108.80063507;4
7941252;1;1;1;60.183646451;5
7941252;2;1;2;60.183646451;6
7941252;1;1;1;60.183646451;5
7941252;2;1;2;60.183646451;6
7941264;1;1;1;7.0441897055;5
7941264;1;1;1;7.0441897055;5
7941273;1;1;1;43.815044799;3
7941273;1;1;1;43.815044799;3
7941284;1;1;1;301.40448471;3
7941284;2;1;2;301.40448471;4
7941284;1;1;1;301.40448471;3
7941284;2;1;2;301.40448471;4
7941298;1;1;1;20.122942628;4
7941298;2;1;2;20.122942628;5
7941302;1;1;1;133.69485114;2
7941302;2;1;2;133.69485114;4
7941302;1;1;1;133.69485114;2
7941302;2;1;2;133.69485114;4
7941311;1;1;1;7.0441897055;4
7941311;1;1;1;7.0441897055;4
7941314;1;1;1;223.77312674;2
7941314;2;1;2;223.77312674;3
7941314;3;1;3;223.77312674;4
7941314;1;1;1;223.77312674;2
7941314;2;1;2;223.77312674;3
7941314;3;1;3;223.77312674;4
7941315;1;1;1;47.418562738;3
7941315;1;1;1;47.418562738;3
7941352;1;1;1;146.69265279;3
7941352;1;1;1;146.69265279;3
7941355;1;1;1;25.302473271;3
7941355;2;1;2;25.302473271;4
7941355;1;1;1;25.302473271;3
7941355;2;1;2;25.302473271;4
7941380;1;1;1;153.77143875;3
7941380;1;1;1;153.77143875;3
7941389;1;1;1;22.843844329;3
7941389;1;1;1;22.843844329;3
7941399;1;1;1;25.302473271;3
7941399;2;1;2;25.302473271;4
7941399;1;1;1;25.302473271;3
7941399;2;1;2;25.302473271;4
7941407;1;1;1;203.34421844;3
7941407;1;1;1;203.34421844;3
7941434;1;1;1;142.46892485;2
7941434;1;1;1;142.46892485;2
7941437;1;1;1;135.89898024;4
7941437;2;1;2;135.89898024;5
7941437;1;1;1;135.89898024;4
7941437;2;1;2;135.89898024;5
7941452;1;1;1;1300.8997343;4
7941452;1;1;1;1300.8997343;4
7941479;1;1;1;334.03850244;2
7941479;2;1;2;334.03850244;3
7941479;1;1;1;334.03850244;2
7941479;2;1;2;334.03850244;3
7941480;1;1;1;7.5413119311;3
7941480;1;1;1;7.5413119311;3
7941481;1;1;1;182.36412191;3
7941481;1;1;1;182.36412191;3
7941512;1;1;1;266.72615902;3
7941518;1;1;1;114.70539032;2
7941518;2;1;2;114.70539032;3
7941518;1;1;1;114.70539032;2
7941518;2;1;2;114.70539032;3
7941555;1;1;1;17.334271272;2
7941555;1;1;1;17.334271272;2
7941559;1;1;1;20.731839391;3
7941559;1;1;1;20.731839391;3
7941560;1;3;1;127.90801482;3
7941560;1;3;1;127.90801482;3
7941567;1;1;1;77.849591219;2
7941567;1;1;1;77.849591219;2
7941570;1;1;1;77.213291102;3
7941570;1;1;1;77.213291102;3
7941604;1;1;1;20.571248508;3
7941604;1;1;1;20.571248508;3
7941613;1;1;1;16.087804837;3
7941613;1;1;1;16.087804837;3
7941620;1;1;1;100.3199426;2
7941620;2;1;2;100.3199426;3
7941620;1;1;1;100.3199426;2
7941620;2;1;2;100.3199426;3
7941622;1;1;1;112.11165427;1
7941622;2;1;2;112.11165427;2
7941622;1;1;1;112.11165427;1
7941622;2;1;2;112.11165427;2
7941628;1;1;1;128.49819968;4
7941628;1;1;1;128.49819968;4
7941631;1;1;1;19.594382006;4
7941631;1;1;1;19.594382006;4
7941634;1;1;1;230.4481582;1
7941634;1;1;1;230.4481582;1
7941662;1;1;1;54.328701456;3
7941662;2;1;2;54.328701456;4
7941662;1;1;1;54.328701456;3
7941662;2;1;2;54.328701456;4
7941666;1;1;1;59.703026519;2
7941666;2;1;2;59.703026519;3
7941666;1;1;1;59.703026519;2
7941666;2;1;2;59.703026519;3
7941667;1;1;1;142.00189083;3
7941667;2;1;2;142.00189083;5
7941667;1;1;1;142.00189083;3
7941667;2;1;2;142.00189083;5
7941680;1;1;1;20.261938125;3
7941680;1;1;1;20.261938125;3
7941711;1;1;1;270.46395249;4
7941711;1;1;1;270.46395249;4
7941725;1;1;1;26.356742991;3
7941725;1;1;1;26.356742991;3
7941739;1;1;1;74.690465528;3
7941739;1;1;1;74.690465528;3
7941746;1;1;1;41.865150219;4
7941746;1;1;1;41.865150219;4
7941757;1;1;1;205.3198745;2
7941757;1;1;1;205.3198745;2
7941758;1;1;1;183.28213998;4
7941758;1;1;1;183.28213998;4
7941793;1;1;1;161.30392782;3
7941793;1;1;1;161.30392782;3
7941798;1;1;1;235.34622204;3
7941798;1;1;1;235.34622204;3
7941800;1;1;1;21.897933094;3
7941800;2;1;2;21.897933094;4
7941800;1;1;1;21.897933094;3
7941800;2;1;2;21.897933094;4
7941856;1;1;1;1110.1861051;3
7941856;2;1;2;1110.1861051;4
7941856;1;1;1;1110.1861051;3
7941856;2;1;2;1110.1861051;4
7941875;1;1;1;274.3305522;4
7941875;1;1;1;274.3305522;4
7941887;1;1;1;58.76964126;3
7941887;1;1;1;58.76964126;3
7941961;1;1;1;174.15353726;7
7941961;2;1;2;174.15353726;9
7941961;1;1;1;174.15353726;7
7941961;2;1;2;174.15353726;9
7941974;1;1;1;423.50591914;5
7941974;1;1;1;423.50591914;5
7941982;1;1;1;41.808065249;3
7941982;1;1;1;41.808065249;3
7941997;1;1;1;281.64539882;3
7941997;2;1;2;281.64539882;4
7942025;1;1;1;58.509241635;3
7942025;1;1;1;58.509241635;3
7942047;1;1;1;889.90808917;2
7942047;2;1;2;889.90808917;3
7942047;1;1;1;889.90808917;2
7942047;2;1;2;889.90808917;3
7942053;1;1;1;21.879443638;3
7942053;2;1;2;21.879443638;4
7942055;1;1;1;296.4953089;3
7942055;1;1;1;296.4953089;3
7942060;1;1;1;150.72561406;3
7942060;1;1;1;150.72561406;3
7942067;1;1;1;179.77468057;3
7942067;2;1;2;179.77468057;4
7942067;3;1;3;179.77468057;5
7942067;1;1;1;179.77468057;3
7942067;2;1;2;179.77468057;4
7942067;3;1;3;179.77468057;5
7942136;1;1;1;104.67444335;1
7942136;1;1;1;104.67444335;1
7942140;1;1;1;82.676239395;3
7942140;2;1;2;82.676239395;4
7942140;1;1;1;82.676239395;3
7942140;2;1;2;82.676239395;4
7942161;1;1;1;122.82412612;3
7942161;2;1;2;122.82412612;4
7942161;1;1;1;122.82412612;3
7942161;2;1;2;122.82412612;4
7942179;1;1;1;148.83508423;3
7942179;1;1;1;148.83508423;3
7942181;1;1;1;32.872068486;3
7942181;1;1;1;32.872068486;3
7942184;1;1;1;126.96701134;4
7942184;2;1;2;126.96701134;5
7942184;1;1;1;126.96701134;4
7942184;2;1;2;126.96701134;5
7942190;1;1;1;548.40617298;2
7942190;1;1;1;548.40617298;2
7942196;1;1;1;22.232142701;4
7942196;2;1;2;22.232142701;5
7942196;1;1;1;22.232142701;4
7942196;2;1;2;22.232142701;5
7942199;1;1;1;20.804501741;3
7942199;2;1;2;20.804501741;4
7942199;1;1;1;20.804501741;3
7942199;2;1;2;20.804501741;4
7942201;1;1;1;19.039255883;2
7942201;2;1;2;19.039255883;3
7942201;3;1;3;19.039255883;4
7942206;1;1;1;170.75522245;3
7942206;1;1;1;170.75522245;3
7942260;1;1;1;441.41334769;3
7942260;2;1;2;441.41334769;4
7942260;3;1;3;441.41334769;5
7942260;1;1;1;441.41334769;3
7942260;2;1;2;441.41334769;4
7942260;3;1;3;441.41334769;5
7942275;1;1;1;80.745527604;2
7942275;1;1;1;80.745527604;2
7942327;1;1;1;27.546962233;3
7942327;2;1;2;27.546962233;4
7942327;1;1;1;27.546962233;3
7942327;2;1;2;27.546962233;4
7942365;1;1;1;424.69415174;4
7942365;1;1;1;424.69415174;4
7942416;1;1;1;98.808380485;3
7942416;2;1;2;98.808380485;4
7942416;1;1;1;98.808380485;3
7942416;2;1;2;98.808380485;4
7942443;1;1;1;795.24734582;5
7942443;1;1;1;795.24734582;5
7942549;1;1;1;804.19901645;2
7942549;2;1;2;804.19901645;3
7942551;1;1;1;81.678981612;3
7942551;2;1;2;81.678981612;4
7942551;1;1;1;81.678981612;3
7942551;2;1;2;81.678981612;4
7942577;1;1;1;43.002093976;3
7942577;2;1;2;43.002093976;4
7942577;1;1;1;43.002093976;3
7942577;2;1;2;43.002093976;4
7942595;1;1;1;211.63678491;2
7942678;1;1;1;115.3740676;8
7942678;1;1;1;115.3740676;8
7942706;1;2;1;122.03772087;4
7942706;1;2;1;122.03772087;4
7942707;1;1;1;119.43430342;3
7942707;1;1;1;119.43430342;3
7942722;1;1;1;77.74425889;4
7942722;2;1;2;77.74425889;5
7942779;1;1;1;645.4557579;1
7942779;1;1;1;645.4557579;1
7942802;1;2;1;122.57964398;1
7942802;1;2;1;122.57964398;1
7942816;1;1;1;135.59627979;2
7942816;2;1;2;135.59627979;3
7942816;3;1;3;135.59627979;4
7942816;1;1;1;135.59627979;2
7942816;2;1;2;135.59627979;3
7942816;3;1;3;135.59627979;4
7942820;1;1;1;16.826048196;3
7942820;1;1;1;16.826048196;3
7942853;2;1;2;19.091441121;4
7942853;3;1;3;19.091441121;5
7942853;1;1;1;19.091441121;3
7942853;2;1;2;19.091441121;4
7942853;3;1;3;19.091441121;5
7942853;1;1;1;19.091441121;3
7942870;1;1;1;7.4836252015;2
7942870;2;1;2;7.4836252015;1
7942870;1;1;1;7.4836252015;2
7942870;2;1;2;7.4836252015;1
7942903;1;1;1;86.416466743;3
7942903;2;1;2;86.416466743;4
7942903;3;1;3;86.416466743;5
7942903;1;1;1;86.416466743;3
7942903;2;1;2;86.416466743;4
7942903;3;1;3;86.416466743;5
7942924;1;1;1;111.5158627;2
7942924;1;1;1;111.5158627;2
7942973;1;1;1;151.96421042;7
7942994;1;1;1;60.56683856;4
7942994;2;1;2;60.56683856;5
7943034;1;1;1;107.12022554;3
7943034;2;1;2;107.12022554;4
7943034;3;1;3;107.12022554;5
7943041;1;1;1;11.335816063;4
7943045;1;1;1;212.1517285;4
7943073;1;1;1;4.8194315952;1
7943079;1;1;1;41.315123847;1
7943092;1;1;1;690.45410247;3
7943102;1;1;1;127.78866121;2
7943102;2;1;2;127.78866121;3
7943113;1;1;1;317.11579614;3
7943117;1;1;1;89.324900619;6
7943119;1;1;1;114.29704911;2
7943119;2;1;2;114.29704911;3
7943120;1;1;1;119.21876531;1
7943123;1;1;1;43.514501964;3
7943123;2;1;2;43.514501964;4
7943140;1;1;1;8.0730687447;2
7943147;1;1;1;80.346011297;4
7943147;2;1;2;80.346011297;5
7943147;3;1;3;80.346011297;6
7943150;1;1;1;86.834673727;1
7943169;1;1;1;135.27587193;1
7943169;2;1;2;135.27587193;2
7943172;1;1;1;13.178728017;3
7943178;1;1;1;237.43100221;3
7943186;1;1;1;13.579510804;3
7943186;2;1;2;13.579510804;4
7943200;1;1;1;180.31105831;2
7943200;2;1;2;180.31105831;3
7943200;3;1;3;180.31105831;4
7943202;1;1;1;52.71243207;3
7943203;1;1;1;82.145775691;4
7943210;1;1;1;189.44203345;1
7943219;1;1;1;141.96130815;2
7943259;1;1;1;12.33988551;3
7943259;2;1;2;12.33988551;4
7943264;1;1;1;70.101405703;3
7943285;1;1;1;277.75955117;3
7943285;2;1;2;277.75955117;4
7943285;3;1;3;277.75955117;5
7943300;1;1;1;243.89562409;4
7943317;1;1;1;94.830535091;5
7943317;2;1;2;94.830535091;6
7943319;1;1;1;99.558861458;3
7943319;2;1;2;99.558861458;4
7943319;3;1;3;99.558861458;5
7943338;2;1;2;133.95367349;3
7943338;1;1;1;133.95367349;2
7943345;1;1;1;235.88671461;3
7943349;1;1;1;233.69566879;2
7943362;1;1;1;865.34717707;5
7943365;1;1;1;259.04951471;3
7943365;2;1;2;259.04951471;4
7943368;1;1;1;112.86456093;3
7943368;2;1;2;112.86456093;4
7943369;1;1;1;181.80572601;3
7943377;1;1;1;82.013050165;2
7943380;1;1;1;52.793263659;2
7943380;2;1;2;52.793263659;3
7943397;1;1;1;541.2265559;3
7943397;2;1;2;541.2265559;4
7943407;1;1;1;308.43517765;3
7943412;1;1;1;48.237911812;3
7943431;1;1;1;78.551740724;2
7943444;1;1;1;35.168796347;3
7943468;1;1;1;37.261961725;2
7943468;2;1;2;37.261961725;3
7943474;1;1;1;303.2590421;3
7943479;1;1;1;97.206374879;2
7943479;2;1;2;97.206374879;3
7943479;3;1;3;97.206374879;4
7943484;1;1;1;41.321596438;4
7943484;2;1;2;41.321596438;5
7943486;1;1;1;209.98528414;4
7943514;1;1;1;40.079085943;2
7943514;2;1;2;40.079085943;2
7943516;1;1;1;57.59452833;2
7943536;1;1;1;35.794620738;3
7943536;2;1;2;35.794620738;4
7943547;1;1;1;138.78558435;2
7943560;1;1;1;83.392758022;5
7943611;1;1;1;359.30792717;5
7943611;2;1;2;359.30792717;6
7943618;1;1;1;162.2435796;1
7943629;1;1;1;131.28538031;3
7943647;1;1;1;132.82904046;3
7943656;1;1;1;136.91884859;2
7943657;1;1;1;114.43269093;3
7943662;1;1;1;102.21320364;2
7943674;1;1;1;78.757515495;3
7943674;2;1;2;78.757515495;4
7943686;1;1;1;132.82904046;3
7943698;1;1;1;142.25446039;2
7943701;1;1;1;198.30718902;3
7943713;1;1;1;70.54108318;3
7943716;1;1;1;212.93088542;2
7943717;1;1;1;135.88531254;3
7943732;1;1;1;84.775832689;2
7943738;1;1;1;360.5652674;3
7943738;2;1;2;360.5652674;4
7943754;1;1;1;172.6805977;2
7943773;1;1;1;467.34426546;3
7943773;2;1;2;467.34426546;4
7943778;1;1;1;357.82890163;2
7943803;1;1;1;183.98376655;2
7943824;1;1;1;96.26544447;2
7943824;2;1;2;96.26544447;3
7943824;3;1;3;96.26544447;4
7943824;4;1;4;96.26544447;5
7943824;5;1;5;96.26544447;6
7943827;1;1;1;173.34603871;3
7943827;2;1;2;173.34603871;4
7943827;3;1;3;173.34603871;5
7943840;1;1;1;218.84117686;2
7943840;2;1;2;218.84117686;3
7943844;1;1;1;28.356477614;3
7943849;1;1;1;22.039948226;3
7943862;1;1;1;13.571582852;2
7943862;2;1;2;13.571582852;3
7943863;1;1;1;183.86223475;5
7943879;1;1;1;20.960450164;3
7943879;2;1;2;20.960450164;4
7943907;1;1;1;241.52140993;3
7943915;1;1;1;33.705200201;3
7943926;1;1;1;40.32456791;3
7943930;1;1;1;33.911616388;2
7943955;1;1;1;44.641149614;3
7943955;2;1;2;44.641149614;4
7943955;3;1;3;44.641149614;5
7943962;1;1;1;217.67286582;2
7943969;1;1;1;264.08528983;4
7944028;1;1;1;26.619265193;2
7944051;1;1;1;38.619721292;3
7944094;1;1;1;254.36758873;5
7944099;1;1;1;108.8225865;2
7944099;2;1;2;108.8225865;3
7944119;1;1;1;246.25957068;3
7944129;1;1;1;183.32999336;3
7944158;1;1;1;265.91780579;2
7944165;1;1;1;14.157159218;1
7944221;1;1;1;83.888843927;4
7944239;1;1;1;67.15705792;2
7944239;2;1;2;67.15705792;3
7944252;1;1;1;210.62125741;4
7944271;1;1;1;193.98033006;4
7944271;2;1;2;193.98033006;5
7944274;1;1;1;91.335794045;2
7944274;2;1;2;91.335794045;3
7944282;1;1;1;220.15430618;3
7944282;2;1;2;220.15430618;4
7944304;1;1;1;210.62125741;3
7944309;1;1;1;188.0169665;4
7944311;1;1;1;74.779131929;5
7944323;1;1;1;360.88292037;3
7944338;1;1;1;367.16280297;2
7944342;1;1;1;93.959001229;3
7944344;1;1;1;75.838391334;3
7944351;1;1;1;200.6800401;3
7944371;1;1;1;290.97078514;4
7944371;2;1;2;290.97078514;5
7944386;1;1;1;422.41684255;3
7944386;2;1;2;422.41684255;4
7944386;3;1;3;422.41684255;5
7944388;1;1;1;224.33738731;2
7944394;1;1;1;347.51644737;3
7944402;1;1;1;129.04524915;1
7944446;1;1;1;15.36891136;3
7944467;1;1;1;7.8715087578;3
7944467;2;1;2;7.8715087578;4
7944483;1;1;1;66.004859162;2
7944483;2;1;2;66.004859162;3
7944483;3;1;3;66.004859162;4
7944484;1;1;1;25.942143252;3
7944491;1;1;1;37.336417381;3
7944493;1;1;1;156.5503219;3
7944537;1;1;1;133.23712559;3
7944559;1;1;1;211.99683352;3
7944577;1;1;1;86.212405151;3
7944614;1;1;1;238.87979671;3
7944614;2;1;2;238.87979671;4
7944628;1;1;1;45.054771264;2
7944650;1;1;1;155.77928145;2
7944697;1;1;1;30.701491654;2
7944715;1;1;1;230.73200768;4
7944735;1;1;1;216.28872672;3
7944735;2;1;2;216.28872672;4
7944790;1;1;1;99.16715256;1
7944832;1;1;1;71.583878534;3
7944832;2;1;2;71.583878534;4
7944832;3;1;3;71.583878534;5
7944834;1;1;1;68.848461992;4
7944840;1;1;1;121.96566725;6
7944840;2;1;2;121.96566725;7
7944841;1;1;1;121.96566725;9
7944854;1;1;1;338.39980805;3
7944854;2;1;2;338.39980805;4
7944864;1;1;1;313.87916949;3
7944864;2;1;2;313.87916949;4
7944876;1;1;1;93.894827259;3
7944876;2;1;2;93.894827259;4
7944883;1;1;1;111.62423454;2
7944883;2;1;2;111.62423454;3
7944883;3;1;3;111.62423454;4
7944910;1;1;1;284.84667691;4
7944910;2;1;2;284.84667691;5
7944915;1;1;1;271.56297965;3
7944929;1;1;1;42.397078565;2
7944932;1;1;1;45.342766954;2
7944932;2;1;2;45.342766954;3
7944951;1;1;1;61.284191703;4
7944955;1;1;1;121.96566725;4
7944961;1;1;1;208.75201141;5
7944964;1;1;1;234.7880429;5
7944964;2;1;2;234.7880429;6
7944988;1;1;1;247.81367528;4
7945040;1;1;1;37.039452359;4
7945048;1;1;1;250.05593253;2
7945053;1;2;1;136.36805714;3
7945053;2;2;2;136.36805714;4
7945075;1;1;1;200.43782358;3
7945085;1;1;1;205.89669641;3
7945085;2;1;2;205.89669641;4
7945085;3;1;3;205.89669641;5
7945085;4;1;4;205.89669641;6
7945092;1;1;1;267.73826833;2
7945102;1;1;1;212.44273277;3
7945102;2;1;2;212.44273277;4
7945102;3;1;3;212.44273277;5
7945110;1;1;1;279.72228729;3
7945118;1;1;1;121.23159789;2
7945118;2;1;2;121.23159789;3
7945122;1;1;1;183.82794392;3
7945122;2;1;2;183.82794392;4
7945123;1;1;1;199.20475528;3
7945123;2;1;2;199.20475528;4
7945123;3;1;3;199.20475528;5
7945124;1;1;1;159.66209912;4
7945128;1;1;1;271.16150631;4
7945128;2;1;2;271.16150631;5
7945201;1;1;1;13.099111483;4
7945210;1;1;1;55.953029026;4
7945227;1;1;1;112.26473912;3
7945227;2;1;2;112.26473912;4
7945235;1;1;1;147.8495933;3
7945249;1;1;1;144.25639629;2
7945269;1;1;1;48.070659404;4
7945275;1;1;1;76.777269082;3
7945275;2;1;2;76.777269082;4
7945275;3;1;3;76.777269082;5
7945280;1;1;1;117.06858336;3
7945280;2;1;2;117.06858336;4
7945301;1;1;1;239.33290016;3
7945301;2;1;2;239.33290016;4
7945305;1;1;1;177.15964033;2
7945305;2;1;2;177.15964033;3
7945314;1;1;1;35.170277823;3
7945314;2;1;2;35.170277823;4
7945340;1;1;1;60.489213343;3
7945340;2;1;2;60.489213343;4
7945343;1;1;1;45.440309435;2
7945343;2;1;2;45.440309435;3
7945356;1;1;1;211.99683352;3
7945368;1;1;1;78.853473756;3
7945389;1;1;1;45.844636712;3
7945406;1;1;1;25.9782837;2
7945410;1;1;1;381.56224314;2
7945417;1;1;1;184.56238561;1
7945425;1;1;1;62.725200301;5
7945428;1;1;1;90.906821084;3
7945441;1;1;1;74.328513357;2
7945447;1;1;1;139.85877037;2
7945500;1;1;1;75.008609842;2
7945502;1;1;1;25.289083383;4
7945514;1;1;1;463.61187306;3
7945625;1;1;1;232.29181954;3
7945625;2;1;2;232.29181954;4
7945686;1;1;1;33.235609321;3
7945707;1;1;1;34.632314071;2
7945722;1;1;1;314.49478801;2
7945744;1;1;1;57.006902809;4
7945754;1;1;1;194.4711724;3
7945755;1;1;1;62.127989031;4
7945755;2;1;2;62.127989031;6
7945762;1;1;1;108.9388464;4
7945769;1;1;1;359.49525802;2
7945791;1;1;1;486.62733343;5
7945795;1;1;1;126.09441532;5
7945850;1;1;1;51.266164131;5
7945864;1;1;1;267.00279294;2
7945864;2;1;2;267.00279294;3
7945865;1;1;1;220.51561581;3
7945884;1;1;1;139.85877037;3
7945891;1;1;1;28.14257044;3
7945893;1;1;1;46.262285241;3
7945893;2;1;2;46.262285241;4
7945894;1;1;1;244.63787329;6
7945902;1;1;1;210.37739765;4
7945902;2;1;2;210.37739765;5
7945932;1;1;1;204.30435042;2
7945954;1;1;1;166.46161618;3
7945969;1;1;1;113.1929028;3
7945969;2;1;2;113.1929028;4
7945970;1;1;1;54.210241387;3
7945971;1;1;1;206.97091772;3
7945971;2;1;2;206.97091772;4
7945971;3;1;3;206.97091772;5
7945972;1;1;1;99.252224251;3
7945972;2;1;2;99.252224251;4
7945972;3;1;3;99.252224251;5
7945972;4;1;4;99.252224251;6
7945979;1;1;1;10.063128151;3
7945979;2;1;2;10.063128151;4
7945993;1;1;1;619.02585214;4
7945993;2;1;2;619.02585214;5
7945999;1;1;1;212.04813517;7
7945999;2;1;2;212.04813517;8
7946000;1;1;1;265.6101158;3
7946002;1;1;1;93.393049212;3
7946002;2;1;2;93.393049212;4
7946002;3;1;3;93.393049212;5
7946003;1;1;1;23.584336475;3
7946009;1;1;1;84.404351882;3
7946016;1;1;1;218.87324017;3
7946016;2;1;2;218.87324017;4
7946016;3;1;3;218.87324017;5
7946016;4;1;4;218.87324017;6
7946016;5;1;5;218.87324017;7
7946020;1;1;1;19.979824339;3
7946020;2;1;2;19.979824339;4
7946050;1;1;1;194.28298573;3
7946050;2;1;2;194.28298573;4
7946061;1;1;1;70.124501572;3
7946061;2;1;2;70.124501572;4
7946061;3;1;3;70.124501572;5
7946073;1;1;1;86.326476662;5
7946088;1;1;1;185.57316197;3
7946088;2;1;2;185.57316197;4
7946098;1;1;1;27.17228334;3
7946123;1;1;1;124.52327775;2
7946123;2;1;2;124.52327775;3
7946129;1;1;1;47.23976046;3
7946129;2;1;2;47.23976046;5
7946135;1;1;1;140.03249395;2
7946135;2;1;2;140.03249395;3
7946135;3;1;3;140.03249395;4
7946143;1;1;1;47.364221758;3
7946143;2;1;2;47.364221758;4
7946144;1;1;1;335.88415006;3
7946164;1;1;1;6.4038088232;3
7946164;2;1;2;6.4038088232;4
7946165;1;1;1;110.9006425;4
7946165;2;1;2;110.9006425;5
7946166;1;1;1;253.06127889;3
7946166;2;1;2;253.06127889;4
7946166;3;1;3;253.06127889;5
7946175;1;1;1;655.79307108;3
7946175;2;1;2;655.79307108;5
7946200;1;1;1;402.84774845;3
7946200;2;1;2;402.84774845;4
7946243;1;1;1;207.61091878;3
7946243;2;1;2;207.61091878;4
7946243;3;1;3;207.61091878;5
7946254;1;1;1;80.611742501;3
7946264;1;1;1;230.20790839;1
7946268;1;1;1;278.89816913;4
7946268;2;1;2;278.89816913;5
7946290;1;1;1;99.578061189;4
7946309;1;1;1;65.09946749;2
7946338;1;1;1;48.539698169;3
7946341;1;1;1;168.0178357;3
7946341;2;1;2;168.0178357;4
7946346;1;1;1;331.90300936;2
7946352;1;1;1;25.231077605;4
7946361;1;1;1;514.27842025;6
7946365;1;1;1;131.92025932;5
7946366;1;1;1;69.702569213;3
7946366;2;1;2;69.702569213;4
7946369;1;1;1;285.86041578;2
7946376;1;1;1;519.23554992;1
7946377;1;1;1;53.680078993;2
7946377;2;1;2;53.680078993;3
7946383;1;1;1;114.65570582;7
7946386;1;1;1;129.26390603;3
7946386;2;1;2;129.26390603;4
7946391;1;1;1;76.260958122;3
7946418;1;1;1;404.69135429;2
7946418;2;1;2;404.69135429;3
7946418;3;1;3;404.69135429;4
7946418;4;1;4;404.69135429;5
7946469;1;1;1;24.916011887;2
7946480;1;1;1;210.34535656;3
7946480;2;1;2;210.34535656;4
7946480;3;1;3;210.34535656;5
7946480;4;1;4;210.34535656;6
7946486;1;1;1;306.07095762;1
7946491;1;1;1;202.78716337;3
7946491;2;1;2;202.78716337;4
7946508;1;1;1;244.37516111;3
7946508;2;1;2;244.37516111;4
7946508;3;1;3;244.37516111;5
7946508;4;1;4;244.37516111;6
7946512;1;1;1;94.648578442;2
7946513;1;1;1;22.983396812;3
7946521;1;1;1;7.0441897055;3
7946526;1;1;1;7.0441897055;4
7946558;1;1;1;7.0441897055;3
7946563;1;1;1;382.52286704;3
7946563;2;1;2;382.52286704;4
7946594;1;1;1;5.3973553788;3
7946594;2;1;2;5.3973553788;4
7946599;1;1;1;89.412109459;6
7946605;1;1;1;5.3973553788;3
7946605;2;1;2;5.3973553788;4
7946622;1;1;1;99.058299739;2
7946631;1;1;1;397.67111394;4
7946631;2;1;2;397.67111394;5
7946643;1;1;1;58.422998229;3
7946662;1;1;1;16.985668194;3
7946678;1;1;1;116.84269044;3
7946678;2;1;2;116.84269044;4
7946678;3;1;3;116.84269044;5
7946698;1;1;1;3.301185025;2
7946710;1;1;1;87.556416561;1
7946713;1;1;1;265.6101158;3
7946717;1;1;1;52.82853487;4
7946725;1;1;1;88.972132353;3
7946725;2;1;2;88.972132353;4
7946725;3;1;3;88.972132353;5
7946726;1;1;1;188.9082397;2
7946726;2;1;2;188.9082397;3
7946738;1;1;1;48.984636678;3
7946738;2;1;2;48.984636678;4
7946750;1;1;1;46.547105368;2
7946764;1;1;1;10.723469572;3
7946764;2;1;2;10.723469572;4
7946781;1;1;1;13.016556314;2
7946781;2;1;2;13.016556314;3
7946781;3;1;3;13.016556314;4
7946782;1;1;1;240.1112193;3
7946782;2;1;2;240.1112193;4
7946792;1;1;1;41.336829596;2
7946795;1;1;1;8.0765302373;3
7946795;2;1;2;8.0765302373;4
7946805;1;1;1;106.52240206;3
7946818;1;1;1;79.182256745;5
7946828;1;1;1;29.176265032;2
7946832;1;1;1;69.894404362;4
7946841;1;1;1;56.600323903;3
7946841;2;1;2;56.600323903;4
7946841;3;1;3;56.600323903;5
7946842;1;1;1;58.422998229;3
7946842;2;1;2;58.422998229;4
7946844;1;1;1;7.7534690278;2
7946844;2;1;2;7.7534690278;3
7946848;1;1;1;56.600323903;3
7946848;2;1;2;56.600323903;5
7946848;3;1;3;56.600323903;6
7946848;4;1;4;56.600323903;7
7946860;2;1;2;146.52711168;3
7946860;1;1;1;146.52711168;2
7946865;1;1;1;174.82346296;3
7946883;1;1;1;174.82346296;4
7946883;2;1;2;174.82346296;5
7946883;3;1;3;174.82346296;6
7946885;1;1;1;174.82346296;3
7946885;2;1;2;174.82346296;4
7946885;3;1;3;174.82346296;5
7946885;4;1;4;174.82346296;6
7946885;5;1;5;174.82346296;7
7946885;6;1;6;174.82346296;8
7946891;1;1;1;174.82346296;4
7946891;2;1;2;174.82346296;5
7946896;1;1;1;100.15522496;3
7946896;2;1;2;100.15522496;4
7946896;3;1;3;100.15522496;5
7946966;1;1;1;160.50090058;3
7946966;2;1;2;160.50090058;4
7946974;1;1;1;70.2512576;3
7946974;2;1;2;70.2512576;4
7946989;1;1;1;166.40730828;4
7946989;2;1;2;166.40730828;5
7946989;3;1;3;166.40730828;6
7946996;1;1;1;116.05950635;3
7946996;2;1;2;116.05950635;4
7946997;1;1;1;109.57933622;1
7946997;2;1;2;109.57933622;2
7946997;3;1;3;109.57933622;3
7947000;1;1;1;183.4531271;4
7947000;2;1;2;183.4531271;5
7947000;3;1;3;183.4531271;6
7947001;1;1;1;375.90585815;4
7947004;1;1;1;412.51442808;4
7947004;2;1;2;412.51442808;5
7947007;1;1;1;54.047429642;4
7947019;1;1;1;62.553532463;2
7947021;1;1;1;82.864007379;2
7947021;2;1;2;82.864007379;3
7947021;3;1;3;82.864007379;4
7947025;1;1;1;26.284941024;3
7947046;1;1;1;155.42352549;3
7947046;2;1;2;155.42352549;4
7947050;1;1;1;56.993046107;4
7947050;2;1;2;56.993046107;2
7947095;1;1;1;46.791229047;3
7947107;1;1;1;63.18321371;3
7947107;2;1;2;63.18321371;4
7947107;3;1;3;63.18321371;5
7947112;1;1;1;55.198765076;6
7947126;1;1;1;263.92640577;2
7947131;1;1;1;469.37852207;2
7947135;1;1;1;44.766375936;2
7947136;1;1;1;153.19117406;4
7947198;1;1;1;19.979824339;3
7947204;1;1;1;7.0441897055;2
7947204;2;1;2;7.0441897055;3
7947217;1;1;1;266.90085937;3
7947217;2;1;2;266.90085937;4
7947246;1;1;1;10.569475527;2
7947258;1;1;1;160.62444809;2
7947264;1;1;1;147.58418046;4
7947264;1;2;1;147.58418046;2
7947265;1;1;1;37.822634324;3
7947314;1;1;1;73.588340959;4
7947320;1;1;1;433.34381318;4
7947320;2;1;2;433.34381318;5
7947332;1;1;1;138.071409;3
7947333;1;1;1;487.28610275;3
7947333;2;1;2;487.28610275;4
7947343;1;1;1;81.557589802;3
7947343;2;1;2;81.557589802;5
7947349;1;1;1;215.06569289;4
7947349;2;1;2;215.06569289;5
7947349;3;1;3;215.06569289;6
7947375;1;1;1;752.566778;3
7947375;2;1;2;752.566778;4
7947436;1;1;1;7.0441897055;3
7947436;2;1;2;7.0441897055;4
7947443;1;1;1;210.83292537;3
7947443;2;1;2;210.83292537;4
7947458;1;1;1;38.166953409;3
7947462;1;1;1;613.8234256;3
7947467;1;1;1;45.666816804;3
7947515;1;1;1;7.0441897055;3
7947515;2;1;2;7.0441897055;4
7947518;1;1;1;560.93133842;2
7947522;1;1;1;7.0441897055;4
7947540;1;1;1;21.817847188;1
7947544;1;1;1;303.92746585;2
7947551;1;1;1;665.15455999;1
7947573;1;1;1;8.1870382393;3
7947573;2;1;2;8.1870382393;4
7947593;1;1;1;81.646760057;3
7947593;2;1;2;81.646760057;4
7947603;1;1;1;66.840385477;2
7947603;2;1;2;66.840385477;3
7947606;1;1;1;7.0441897055;2
7947606;2;1;2;7.0441897055;3
7947607;1;1;1;7.0441897055;5
7947609;1;1;1;21.817847188;2
7947609;2;1;2;21.817847188;3
7947651;1;1;1;174.41561848;3
7947651;2;1;2;174.41561848;4
7947656;1;1;1;7.0441897055;3
7947656;2;1;2;7.0441897055;4
7947692;1;1;1;4.6646846681;3
7947742;1;1;1;219.31275617;3
7947757;1;1;1;8.0765302373;3
7947810;3;1;3;5.0897975646;7
7947810;1;1;1;5.0897975646;4
7947810;2;1;2;5.0897975646;5
7947820;1;1;1;679.50340857;2
7947829;1;1;1;6.9299178612;3
7947829;2;1;2;6.9299178612;4
7947829;3;1;3;6.9299178612;5
7947829;4;1;4;6.9299178612;6
7947853;1;1;1;18.415669448;3
7947853;2;1;2;18.415669448;4
7947894;1;1;1;147.23892954;9
7947901;1;1;1;97.499747803;4
7947902;1;1;1;235.65002404;1
7947934;1;1;1;25.42942065;2
7947952;1;1;1;147.84369648;6
7947966;1;1;1;52.919556985;1
7947989;1;1;1;449.58647376;2
7948016;1;1;1;206.60447894;3
7948016;2;1;2;206.60447894;4
7948030;1;1;1;7.0441897055;3
7948041;1;1;1;306.9687926;3
7948041;2;1;2;306.9687926;4
7948042;1;1;1;63.45456271;2
7948054;1;1;1;18.312743267;3
7948071;1;1;1;87.368446674;5
7948071;2;1;2;87.368446674;6
7948096;1;1;1;45.137070279;2
7948096;2;1;2;45.137070279;3
7948107;1;1;1;29.463084068;3
7948123;1;1;1;264.81096143;3
7948125;1;1;1;296.42191595;2
7948129;1;1;1;7.0441897055;3
7948165;1;1;1;107.45911553;4
7948165;2;1;2;107.45911553;5
7948165;3;1;3;107.45911553;6
7948170;1;1;1;6.6414104559;2
7948170;2;1;2;6.6414104559;4
7948180;1;1;1;24.225056785;4
7948188;1;1;1;2.2087362413;3
7948188;2;1;2;2.2087362413;4
7948262;1;1;1;273.19051912;4
7948262;2;1;2;273.19051912;5
7948262;3;1;3;273.19051912;6
7948265;1;1;1;191.92963894;3
7948265;2;1;2;191.92963894;4
7948289;1;1;1;7.0639351516;2
7948297;1;1;1;22.502130219;3
7948297;2;1;2;22.502130219;4
7948303;1;1;1;300.34579674;6
7948306;1;1;1;11.249296546;3
7948306;2;1;2;11.249296546;4
7948330;1;1;1;439.00584059;3
7948355;1;1;1;287.17129112;3
7948355;2;1;2;287.17129112;4
7948358;1;1;1;8.3212735778;4
7948360;1;1;1;140.45985058;2
7948366;1;1;1;124.39852972;4
7948379;1;1;1;20.273318165;2
7948379;2;1;2;20.273318165;3
7948379;3;1;3;20.273318165;4
7948391;1;1;1;113.78403836;3
7948409;1;1;1;15.165546873;2
7948415;1;1;1;161.70566354;2
7948429;1;1;1;206.60447894;3
7948429;2;1;2;206.60447894;4
7948451;1;1;1;17.212205342;1
7948458;1;1;1;17.544094414;3
7948472;1;1;1;431.53905664;3
7948474;1;1;1;96.924980679;3
7948474;2;1;2;96.924980679;4
7948510;1;1;1;211.57661309;2
7948528;1;1;1;261.9824695;3
7948528;2;1;2;261.9824695;4
7948537;1;1;1;75.933877576;4
7948548;1;1;1;161.36030482;1
7948557;1;1;1;261.16281994;4
7948560;1;1;1;13.856362442;2
7948560;2;1;2;13.856362442;3
7948560;3;1;3;13.856362442;4
7948569;1;1;1;317.01188583;3
7948595;1;1;1;66.760552438;2
7948605;1;1;1;183.39272799;2
7948624;1;1;1;151.85908696;3
7948634;1;1;1;153.80104181;3
7948639;1;1;1;161.36030482;2
7948641;1;1;1;301.76092231;3
7948641;2;1;2;301.76092231;4
7948650;1;1;1;737.06611769;3
7948650;2;1;2;737.06611769;4
7948650;3;1;3;737.06611769;5
7948670;1;1;1;85.651901707;4
7948670;2;1;2;85.651901707;5
7948683;1;1;1;240.32896008;2
7948689;1;1;1;65.140768706;3
7948709;1;1;1;191.56635049;3
7948709;2;1;2;191.56635049;4
7948709;3;1;3;191.56635049;5
7948742;1;1;1;297.20914181;3
7948785;1;1;1;18.276618916;2
7948785;2;1;2;18.276618916;3
7948785;3;1;3;18.276618916;4
7948793;1;1;1;7.199625182;3
7948806;1;1;1;6.3611503721;3
7948806;2;1;2;6.3611503721;4
7948806;3;1;3;6.3611503721;5
7948809;1;1;1;72.098688023;1
7948819;1;1;1;301.76092231;3
7948819;2;1;2;301.76092231;4
7948823;1;1;1;12.985945845;4
7948823;2;1;2;12.985945845;5
7948823;3;1;3;12.985945845;6
7948850;1;1;1;174.8064719;3
7948863;1;1;1;239.68925358;2
7948878;1;1;1;101.52878451;2
7948878;2;1;2;101.52878451;3
7948878;3;1;3;101.52878451;4
7948968;1;1;1;36.475175943;3
7948968;2;1;2;36.475175943;4
7948968;1;1;1;36.475175943;3
7948968;2;1;2;36.475175943;4
7949104;1;1;1;116.43952919;3
7949104;1;1;1;116.43952919;3
7949138;1;1;1;21.337921395;3
7949138;1;1;1;21.337921395;3
7949148;1;1;1;36.204745562;3
7949148;1;1;1;36.204745562;3
7949169;1;1;1;22.912442967;3
7949169;1;1;1;22.912442967;3
7949217;1;1;1;173.70226397;3
7949217;2;1;2;173.70226397;4
7949217;1;1;1;173.70226397;3
7949217;2;1;2;173.70226397;4
7949224;1;1;1;108.77405002;3
7949224;2;1;2;108.77405002;4
7949224;1;1;1;108.77405002;3
7949224;2;1;2;108.77405002;4
7949225;1;1;1;173.70226397;5
7949225;1;1;1;173.70226397;5
7949251;1;1;1;144.9445497;2
7949251;2;1;2;144.9445497;3
7949251;1;1;1;144.9445497;2
7949251;2;1;2;144.9445497;3
7949365;1;1;1;87.928107337;2
7949365;1;1;1;87.928107337;2
7949394;1;1;1;43.286735848;3
7949394;1;1;1;43.286735848;3
7949408;1;1;1;219.68601098;3
7949408;1;1;1;219.68601098;3
7949409;1;1;1;146.30641811;2
7949409;1;1;1;146.30641811;2
7949410;1;1;1;184.99531948;2
7949410;2;1;2;184.99531948;3
7949410;1;1;1;184.99531948;2
7949410;2;1;2;184.99531948;3
7949415;1;1;1;262.53273285;5
7949415;1;1;1;262.53273285;5
7949418;1;1;1;187.02927798;3
7949418;1;1;1;187.02927798;3
7949464;1;1;1;133.55580772;2
7949464;1;1;1;133.55580772;2
7949474;1;1;1;45.365024586;3
7949474;1;1;1;45.365024586;3
7949514;1;1;1;156.47119004;3
7949514;1;1;1;156.47119004;3
7949522;1;1;1;150.25028369;2
7949548;1;1;1;54.552613413;2
7949548;2;1;2;54.552613413;3
7949548;1;1;1;54.552613413;2
7949548;2;1;2;54.552613413;3
7949554;1;1;1;161.55623814;3
7949554;1;1;1;161.55623814;3
7949555;1;1;1;201.83187134;3
7949555;1;1;1;201.83187134;3
7949558;1;1;1;199.95761112;3
7949558;2;1;2;199.95761112;4
7949558;1;1;1;199.95761112;3
7949558;2;1;2;199.95761112;4
7949569;1;1;1;135.19760847;3
7949569;1;1;1;135.19760847;3
7949570;1;1;1;137.07186868;2
7949570;2;1;2;137.07186868;3
7949589;1;1;1;106.92312588;2
7949589;1;1;1;106.92312588;2
7949595;1;1;1;251.65365574;4
7949595;1;1;1;251.65365574;4
7949683;1;1;1;13.807246443;2
7949683;2;1;2;13.807246443;3
7949683;1;1;1;13.807246443;2
7949683;2;1;2;13.807246443;3
7949707;1;1;1;112.82449427;6
7949707;1;1;1;112.82449427;6
7949710;1;1;1;118.92884395;2
7949710;1;1;1;118.92884395;2
7949711;1;1;1;81.757568222;3
7949711;1;1;1;81.757568222;3
7949721;1;1;1;31.998842779;5
7949721;1;1;1;31.998842779;5
7949726;1;1;1;52.071709062;3
7949726;2;1;2;52.071709062;4
7949726;1;1;1;52.071709062;3
7949726;2;1;2;52.071709062;4
7949727;1;1;1;102.65138331;2
7949727;1;1;1;102.65138331;2
7949729;1;1;1;117.66793331;6
7949729;1;1;1;117.66793331;6
7949734;1;1;1;19.006243314;3
7949734;1;1;1;19.006243314;3
7949744;1;1;1;69.001564417;3
7949744;2;1;2;69.001564417;4
7949744;1;1;1;69.001564417;3
7949744;2;1;2;69.001564417;4
7949753;1;1;1;65.109420267;2
7949753;1;1;1;65.109420267;2
7949756;1;1;1;126.36099298;2
7949756;1;1;1;126.36099298;2
7949761;1;1;1;192.58140601;2
7949761;1;1;1;192.58140601;2
7949782;1;1;1;81.757568222;4
7949782;1;1;1;81.757568222;4
7949783;1;1;1;167.51411917;1
7949783;1;1;1;167.51411917;1
7949788;1;1;1;126.40569304;2
7949788;2;1;2;126.40569304;3
7949788;1;1;1;126.40569304;2
7949788;2;1;2;126.40569304;3
7949809;1;1;1;81.757568222;3
7949809;1;1;1;81.757568222;3
7949824;1;1;1;126.61923443;2
7949824;1;1;1;126.61923443;2
7949826;1;1;1;66.055170374;3
7949828;1;1;1;128.78975936;1
7949828;1;1;1;128.78975936;1
7949838;1;1;1;102.69167629;4
7949838;1;1;1;102.69167629;4
7949840;1;1;1;269.01595057;3
7949840;2;1;2;269.01595057;4
7949840;3;1;3;269.01595057;5
7949840;1;1;1;269.01595057;3
7949840;2;1;2;269.01595057;4
7949840;3;1;3;269.01595057;5
7949860;1;1;1;205.78507737;3
7949860;1;1;1;205.78507737;3
7949862;1;1;1;138.22217812;2
7949862;1;1;1;138.22217812;2
7949865;1;1;1;109.97601276;2
7949865;2;1;2;109.97601276;3
7949865;3;1;3;109.97601276;3
7949865;4;1;4;109.97601276;4
7949865;1;1;1;109.97601276;2
7949865;2;1;2;109.97601276;3
7949865;3;1;3;109.97601276;3
7949865;4;1;4;109.97601276;4
7949867;1;1;1;25.181580675;3
7949867;1;1;1;25.181580675;3
7949871;1;1;1;164.30864581;4
7949871;1;1;1;164.30864581;4
7949882;1;1;1;107.15159969;2
7949882;2;1;2;107.15159969;3
7949882;3;1;3;107.15159969;4
7949882;1;1;1;107.15159969;2
7949882;2;1;2;107.15159969;3
7949882;3;1;3;107.15159969;4
7949892;1;1;1;113.52373331;4
7949892;1;1;1;113.52373331;4
7949894;1;1;1;108.06726898;3
7949894;2;1;2;108.06726898;4
7949894;1;1;1;108.06726898;3
7949894;2;1;2;108.06726898;4
7949901;1;1;1;101.40817467;4
7949901;1;1;1;101.40817467;4
7949905;1;1;1;44.81856857;2
7949905;2;1;2;44.81856857;3
7949905;1;1;1;44.81856857;2
7949905;2;1;2;44.81856857;3
7949921;1;1;1;148.89252984;2
7949921;1;1;1;148.89252984;2
7949927;1;1;1;125.66969553;2
7949927;1;1;1;125.66969553;2
7949934;1;1;1;198.83220084;4
7949934;1;1;1;198.83220084;4
7949960;1;1;1;164.67619646;4
7949960;1;1;1;164.67619646;4
7949964;1;1;1;89.606738292;3
7949964;2;1;2;89.606738292;4
7949964;1;1;1;89.606738292;3
7949964;2;1;2;89.606738292;4
7949967;1;1;1;169.03528627;4
7949967;1;1;1;169.03528627;4
7949995;1;1;1;62.649170566;2
7949995;1;1;1;62.649170566;2
7950013;1;1;1;43.636700404;3
7950013;2;1;2;43.636700404;4
7950013;1;1;1;43.636700404;3
7950013;2;1;2;43.636700404;4
7950020;1;1;1;34.625739501;2
7950020;2;1;2;34.625739501;3
7950020;1;1;1;34.625739501;2
7950020;2;1;2;34.625739501;3
7950024;1;1;1;39.803955411;3
7950024;2;1;2;39.803955411;5
7950024;1;1;1;39.803955411;3
7950024;2;1;2;39.803955411;5
7950026;1;1;1;290.97078514;3
7950026;2;1;2;290.97078514;4
7950026;1;1;1;290.97078514;3
7950026;2;1;2;290.97078514;4
7950028;1;1;1;154.3079984;2
7950033;1;1;1;154.4326061;4
7950033;1;1;1;154.4326061;4
7950040;1;1;1;90.518959109;2
7950040;2;1;2;90.518959109;3
7950040;3;1;3;90.518959109;4
7950040;1;1;1;90.518959109;2
7950040;2;1;2;90.518959109;3
7950040;3;1;3;90.518959109;4
7950042;1;1;1;73.158225632;4
7950042;1;1;1;73.158225632;4
7950045;1;1;1;167.59955334;2
7950045;1;1;1;167.59955334;2
7950046;1;1;1;146.63888119;3
7950046;2;1;2;146.63888119;4
7950046;3;1;3;146.63888119;5
7950046;4;1;4;146.63888119;6
7950046;5;1;5;146.63888119;7
7950046;6;1;6;146.63888119;8
7950046;1;1;1;146.63888119;3
7950046;2;1;2;146.63888119;4
7950046;3;1;3;146.63888119;5
7950046;4;1;4;146.63888119;6
7950046;5;1;5;146.63888119;7
7950046;6;1;6;146.63888119;8
7950047;1;1;1;204.71880888;4
7950047;2;1;2;204.71880888;5
7950047;1;1;1;204.71880888;4
7950047;2;1;2;204.71880888;5
7950048;1;1;1;118.27576592;2
7950048;2;1;2;118.27576592;3
7950048;1;1;1;118.27576592;2
7950048;2;1;2;118.27576592;3
7950058;1;1;1;14.457461172;7
7950060;1;1;1;11.932674561;2
7950060;1;1;1;11.932674561;2
7950064;1;1;1;72.742696286;3
7950064;1;1;1;72.742696286;3
7950065;1;1;1;347.04488915;4
7950065;1;1;1;347.04488915;4
7950081;1;1;1;61.322753558;3
7950081;1;1;1;61.322753558;3
7950096;1;1;1;16.746997943;3
7950096;2;1;2;16.746997943;4
7950096;3;1;3;16.746997943;5
7950096;4;1;4;16.746997943;7
7950115;1;1;1;160.92712611;3
7950115;1;1;1;160.92712611;3
7950126;1;1;1;18.988660661;4
7950126;2;1;2;18.988660661;5
7950128;1;1;1;16.171822123;4
7950128;2;1;2;16.171822123;5
7950131;1;1;1;222.47714679;3
7950131;1;1;1;222.47714679;3
7950151;1;1;1;222.47714679;3
7950151;1;1;1;222.47714679;3
7950152;1;1;1;11.98850084;5
7950152;1;1;1;11.98850084;5
7950153;1;1;1;12.239074573;3
7950172;1;1;1;16.401191803;5
7950172;2;1;2;16.401191803;6
7950172;1;1;1;16.401191803;5
7950172;2;1;2;16.401191803;6
7950179;1;1;1;14.314932973;3
7950179;1;1;1;14.314932973;3
7950184;1;1;1;15.513939272;4
7950184;1;1;1;15.513939272;4
7950215;1;1;1;216.40887048;2
7950215;1;1;1;216.40887048;2
7950234;1;1;1;101.80482559;2
7950234;1;1;1;101.80482559;2
7950246;1;1;1;93.366760558;4
7950246;1;1;1;93.366760558;4
7950283;1;1;1;183.90178505;3
7950283;1;1;1;183.90178505;3
7950290;1;1;1;15.132266519;2
7950290;2;1;2;15.132266519;3
7950290;3;1;3;15.132266519;4
7950290;1;1;1;15.132266519;2
7950290;2;1;2;15.132266519;3
7950290;3;1;3;15.132266519;4
7950302;1;1;1;17.895051502;4
7950304;1;1;1;18.995447706;4
7950321;1;1;1;18.063615945;4
7950323;1;1;1;10.608623015;2
7950323;1;1;1;10.608623015;2
7950327;1;1;1;169.95305741;3
7950327;2;1;2;169.95305741;4
7950327;1;1;1;169.95305741;3
7950327;2;1;2;169.95305741;4
7950329;1;1;1;15.132266519;2
7950329;2;1;2;15.132266519;3
7950329;3;1;3;15.132266519;4
7950343;1;1;1;494.51154913;3
7950343;2;1;2;494.51154913;4
7950343;1;1;1;494.51154913;3
7950343;2;1;2;494.51154913;4
7950344;1;1;1;115.00268584;3
7950344;1;1;1;115.00268584;3
7950345;1;1;1;494.51154913;7
7950345;1;1;1;494.51154913;7
7950351;1;1;1;75.473194097;3
7950351;2;1;2;75.473194097;4
7950351;1;1;1;75.473194097;3
7950351;2;1;2;75.473194097;4
7950381;1;1;1;271.85119815;4
7950381;1;1;1;271.85119815;4
7950382;1;1;1;29.737222819;4
7950382;2;1;2;29.737222819;5
7950382;1;1;1;29.737222819;4
7950382;2;1;2;29.737222819;5
7950403;1;1;1;87.166194939;3
7950403;2;1;2;87.166194939;4
7950403;1;1;1;87.166194939;3
7950403;2;1;2;87.166194939;4
7950420;1;1;1;191.88036093;2
7950420;1;1;1;191.88036093;2
7950433;1;1;1;49.871846448;3
7950433;1;1;1;49.871846448;3
7950439;1;1;1;55.364115511;3
7950439;2;1;2;55.364115511;4
7950439;1;1;1;55.364115511;3
7950439;2;1;2;55.364115511;4
7950448;1;1;1;75.446684613;3
7950448;2;1;2;75.446684613;4
7950448;1;1;1;75.446684613;3
7950448;2;1;2;75.446684613;4
7950474;1;1;1;95.932912393;2
7950474;2;1;2;95.932912393;3
7950474;3;1;3;95.932912393;5
7950474;1;1;1;95.932912393;2
7950474;2;1;2;95.932912393;3
7950474;3;1;3;95.932912393;5
7950504;1;1;1;69.169622953;3
7950504;2;1;2;69.169622953;4
7950504;1;1;1;69.169622953;3
7950504;2;1;2;69.169622953;4
7950509;1;1;1;31.054593231;2
7950509;1;1;1;31.054593231;2
7950511;1;1;1;72.954750578;3
7950511;1;1;1;72.954750578;3
7950523;1;1;1;45.844261429;3
7950523;1;1;1;45.844261429;3
7950529;1;1;1;114.79131821;5
7950529;2;1;2;114.79131821;6
7950529;1;1;1;114.79131821;5
7950529;2;1;2;114.79131821;6
7950541;1;1;1;247.06589397;4
7950556;1;1;1;31.054593231;1
7950556;1;1;1;31.054593231;1
7950557;1;1;1;83.697229405;3
7950557;2;1;2;83.697229405;4
7950557;3;1;3;83.697229405;5
7950557;1;1;1;83.697229405;3
7950557;2;1;2;83.697229405;4
7950557;3;1;3;83.697229405;5
7950579;1;1;1;115.00268584;3
7950579;1;1;1;115.00268584;3
7950587;1;1;1;47.780645999;3
7950587;2;1;2;47.780645999;4
7950598;1;1;1;47.780645999;3
7950598;1;1;1;47.780645999;3
7950604;1;1;1;32.585995317;2
7950604;1;1;1;32.585995317;2
7950605;1;1;1;139.74213256;6
7950605;2;1;2;139.74213256;7
7950605;1;1;1;139.74213256;6
7950605;2;1;2;139.74213256;7
7950633;1;1;1;205.4567778;5
7950633;1;1;1;205.4567778;5
7950651;1;1;1;183.90178505;3
7950651;1;1;1;183.90178505;3
7950664;1;1;1;200.23919404;4
7950664;2;1;2;200.23919404;5
7950664;1;1;1;200.23919404;4
7950664;2;1;2;200.23919404;5
7950669;1;1;1;177.92817645;6
7950669;1;1;1;177.92817645;6
7950673;1;1;1;33.20005196;4
7950673;2;1;2;33.20005196;5
7950673;1;1;1;33.20005196;4
7950673;2;1;2;33.20005196;5
7950687;1;1;1;115.00268584;2
7950687;1;1;1;115.00268584;2
7950697;1;1;1;164.42424374;2
7950697;1;1;1;164.42424374;2
7950705;1;1;1;405.95138062;2
7950705;1;1;1;405.95138062;2
7950716;1;1;1;43.798550843;3
7950716;2;1;2;43.798550843;4
7950717;1;1;1;113.71851015;5
7950717;1;1;1;113.71851015;5
7950719;1;1;1;77.331814487;3
7950719;1;1;1;77.331814487;3
7950722;1;1;1;173.46331949;3
7950728;1;1;1;95.586697106;1
7950728;1;1;1;95.586697106;1
7950740;1;1;1;139.74213256;3
7950740;2;1;2;139.74213256;4
7950740;1;1;1;139.74213256;3
7950740;2;1;2;139.74213256;4
7950742;1;1;1;494.51154913;3
7950742;2;1;2;494.51154913;4
7950742;3;1;3;494.51154913;5
7950742;1;1;1;494.51154913;3
7950742;2;1;2;494.51154913;4
7950742;3;1;3;494.51154913;5
7950748;1;1;1;467.0718226;3
7950748;1;1;1;467.0718226;3
7950752;1;1;1;31.054593231;1
7950752;1;1;1;31.054593231;1
7950773;1;1;1;255.6708449;3
7950773;2;1;2;255.6708449;4
7950773;1;1;1;255.6708449;3
7950773;2;1;2;255.6708449;4
7950776;1;1;1;118.88722659;7
7950776;1;1;1;118.88722659;7
7950778;1;1;1;175.85916155;3
7950778;2;1;2;175.85916155;4
7950778;1;1;1;175.85916155;3
7950778;2;1;2;175.85916155;4
7950795;1;1;1;166.34372034;1
7950795;1;1;1;166.34372034;1
7950835;1;1;1;98.815524337;4
7950835;1;1;1;98.815524337;4
7950837;1;1;1;52.212373836;1
7950837;1;1;1;52.212373836;1
7950839;1;1;1;185.05422495;2
7950839;2;1;2;185.05422495;3
7950839;1;1;1;185.05422495;2
7950839;2;1;2;185.05422495;3
7950867;1;1;1;115.00268584;2
7950867;2;1;2;115.00268584;3
7950867;3;1;3;115.00268584;4
7950867;1;1;1;115.00268584;2
7950867;2;1;2;115.00268584;3
7950867;3;1;3;115.00268584;4
7950890;1;1;1;62.747508906;4
7950890;1;1;1;62.747508906;4
7950905;1;1;1;14.592443932;3
7950905;2;1;2;14.592443932;4
7950905;1;1;1;14.592443932;3
7950905;2;1;2;14.592443932;4
7950906;1;1;1;62.747508906;5
7950906;2;1;2;62.747508906;6
7950906;1;1;1;62.747508906;5
7950906;2;1;2;62.747508906;6
7950907;1;1;1;117.10532707;4
7950907;1;1;1;117.10532707;4
7950948;1;1;1;14.592443932;3
7950948;1;1;1;14.592443932;3
7950954;1;1;1;88.504738791;3
7950954;2;1;2;88.504738791;4
7950954;1;1;1;88.504738791;3
7950954;2;1;2;88.504738791;4
7950977;1;1;1;37.70729658;2
7950977;1;1;1;37.70729658;2
7950988;1;1;1;250.8168253;1
7950988;1;1;1;250.8168253;1
7950990;1;1;1;14.592443932;3
7950990;1;1;1;14.592443932;3
7950991;1;1;1;131.11698304;4
7950991;2;1;2;131.11698304;5
7950991;1;1;1;131.11698304;4
7950991;2;1;2;131.11698304;5
7950995;1;1;1;32.361889946;3
7950995;1;1;1;32.361889946;3
7951022;1;1;1;238.33747893;3
7951022;1;1;1;238.33747893;3
7951025;1;1;1;218.81537517;3
7951025;2;1;2;218.81537517;4
7951025;3;1;3;218.81537517;5
7951025;1;1;1;218.81537517;3
7951025;2;1;2;218.81537517;4
7951025;3;1;3;218.81537517;5
7951032;1;1;1;214.80310886;2
7951032;2;1;2;214.80310886;3
7951032;1;1;1;214.80310886;2
7951032;2;1;2;214.80310886;3
7951044;1;1;1;399.71172031;3
7951044;2;1;2;399.71172031;4
7951044;3;1;3;399.71172031;5
7951044;1;1;1;399.71172031;3
7951044;2;1;2;399.71172031;4
7951044;3;1;3;399.71172031;5
7951047;1;1;1;20.238203461;2
7951047;1;1;1;20.238203461;2
7951056;1;1;1;20.238203461;2
7951056;1;1;1;20.238203461;2
7951062;1;1;1;20.238203461;1
7951062;1;1;1;20.238203461;1
7951066;1;1;1;135.3711667;3
7951066;2;1;2;135.3711667;4
7951066;1;1;1;135.3711667;3
7951066;2;1;2;135.3711667;4
7951109;1;1;1;174.82346296;3
7951109;2;1;2;174.82346296;4
7951152;1;1;1;19.81083337;3
7951152;2;1;2;19.81083337;4
7951152;1;1;1;19.81083337;3
7951152;2;1;2;19.81083337;4
7951159;1;1;1;20.530789072;3
7951159;2;1;2;20.530789072;4
7951159;1;1;1;20.530789072;3
7951159;2;1;2;20.530789072;4
7951163;1;1;1;300.70953408;2
7951163;2;1;2;300.70953408;3
7951163;3;1;3;300.70953408;4
7951163;1;1;1;300.70953408;2
7951163;2;1;2;300.70953408;3
7951163;3;1;3;300.70953408;4
7951207;1;1;1;21.159220981;3
7951207;2;1;2;21.159220981;4
7951226;1;1;1;41.133244437;1
7951226;2;1;2;41.133244437;1
7951226;1;1;1;41.133244437;1
7951226;2;1;2;41.133244437;1
7951253;1;1;1;95.632685938;1
7951253;1;1;1;95.632685938;1
7951276;1;1;1;9.0155687226;3
7951276;1;1;1;9.0155687226;3
7951284;1;1;1;22.587932294;3
7951294;1;1;1;162.17469765;4
7951294;2;1;2;162.17469765;5
7951294;3;1;3;162.17469765;6
7951294;1;1;1;162.17469765;4
7951294;2;1;2;162.17469765;5
7951294;3;1;3;162.17469765;6
7951318;1;1;1;78.781806511;4
7951318;2;1;2;78.781806511;5
7951328;1;1;1;81.012429273;4
7951328;2;1;2;81.012429273;5
7951328;1;1;1;81.012429273;4
7951328;2;1;2;81.012429273;5
7951329;1;1;1;10.784450044;3
7951329;1;1;1;10.784450044;3
7951342;1;1;1;211.17714673;2
7951342;2;1;2;211.17714673;3
7951342;3;1;3;211.17714673;4
7951366;1;1;1;251.03904346;2
7951366;1;1;1;251.03904346;2
7951374;1;1;1;81.908312063;3
7951374;1;1;1;81.908312063;3
7951381;1;1;1;197.62966171;2
7951381;2;1;2;197.62966171;3
7951381;1;1;1;197.62966171;2
7951381;2;1;2;197.62966171;3
7951388;1;1;1;20.038639965;4
7951388;1;1;1;20.038639965;4
7951447;1;1;1;36.758721703;4
7951447;1;1;1;36.758721703;4
7951448;1;1;1;192.88818352;4
7951448;2;1;2;192.88818352;5
7951470;1;1;1;48.579427712;2
7951470;2;1;2;48.579427712;3
7951470;1;1;1;48.579427712;2
7951470;2;1;2;48.579427712;3
7951473;1;1;1;16.531175277;1
7951473;2;1;2;16.531175277;2
7951473;1;1;1;16.531175277;1
7951473;2;1;2;16.531175277;2
7951479;1;1;1;169.58441126;4
7951479;1;1;1;169.58441126;4
7951484;1;1;1;37.782041026;2
7951484;2;1;2;37.782041026;3
7951485;1;1;1;42.031236862;3
7951485;1;1;1;42.031236862;3
7951497;1;1;1;130.30407341;3
7951497;2;1;2;130.30407341;4
7951497;1;1;1;130.30407341;3
7951497;2;1;2;130.30407341;4
7951504;1;1;1;128.01966299;6
7951504;1;1;1;128.01966299;6
7951505;1;1;1;152.02519586;3
7951505;2;1;2;152.02519586;4
7951505;3;1;3;152.02519586;5
7951505;1;1;1;152.02519586;3
7951505;2;1;2;152.02519586;4
7951505;3;1;3;152.02519586;5
7951509;1;1;1;119.56992798;3
7951509;2;1;2;119.56992798;4
7951512;1;1;1;26.680923001;3
7951512;1;1;1;26.680923001;3
7951517;1;1;1;134.49981167;3
7951517;2;1;2;134.49981167;4
7951517;1;1;1;134.49981167;3
7951517;2;1;2;134.49981167;4
7951558;1;1;1;461.51850893;4
7951558;2;1;2;461.51850893;5
7951558;1;1;1;461.51850893;4
7951558;2;1;2;461.51850893;5
7951607;1;1;1;108.59632559;5
7951607;1;1;1;108.59632559;5
7951609;1;1;1;135.09280754;3
7951609;1;1;1;135.09280754;3
7951633;1;1;1;65.457809329;4
7951633;2;1;2;65.457809329;5
7951646;1;1;1;115.37962723;2
7951646;1;1;1;115.37962723;2
7951647;1;1;1;164.73744997;3
7951647;1;1;1;164.73744997;3
7951648;1;1;1;139.09135973;2
7951648;1;1;1;139.09135973;2
7951673;1;1;1;18.818132962;5
7951673;1;1;1;18.818132962;5
7951679;1;1;1;51.601499154;4
7951679;2;1;2;51.601499154;5
7951699;1;1;1;155.06063576;3
7951699;2;1;2;155.06063576;4
7951699;1;1;1;155.06063576;3
7951699;2;1;2;155.06063576;4
7951729;1;1;1;325.75723241;3
7951729;2;1;2;325.75723241;4
7951729;1;1;1;325.75723241;3
7951729;2;1;2;325.75723241;4
7951748;1;1;1;105.1397641;3
7951748;2;1;2;105.1397641;4
7951748;3;1;3;105.1397641;5
7951748;1;1;1;105.1397641;3
7951748;2;1;2;105.1397641;4
7951748;3;1;3;105.1397641;5
7951760;1;1;1;176.10152262;3
7951760;1;1;1;176.10152262;3
7951768;1;1;1;47.976234932;4
7951768;2;1;2;47.976234932;5
7951768;1;1;1;47.976234932;4
7951768;2;1;2;47.976234932;5
7951770;1;1;1;948.00736128;5
7951770;2;1;2;948.00736128;6
7951770;1;1;1;948.00736128;5
7951770;2;1;2;948.00736128;6
7951808;1;1;1;89.281648662;3
7951808;1;1;1;89.281648662;3
7951817;1;1;1;45.292177709;2
7951817;1;1;1;45.292177709;2
7951842;1;1;1;84.274194096;3
7951842;1;1;1;84.274194096;3
7951870;1;1;1;290.64980364;3
7951870;1;1;1;290.64980364;3
7951908;1;1;1;110.75177206;4
7951908;1;1;1;110.75177206;4
7951910;1;1;1;167.45185934;2
7951910;1;1;1;167.45185934;2
7951924;1;1;1;73.460239844;2
7951924;1;1;1;73.460239844;2
7951941;1;1;1;263.392857;3
7951941;1;1;1;263.392857;3
7951948;1;1;1;264.45567469;3
7951948;2;1;2;264.45567469;4
7951948;1;1;1;264.45567469;3
7951948;2;1;2;264.45567469;4
7951949;1;1;1;87.645726793;3
7951949;1;1;1;87.645726793;3
7951962;1;1;1;10.722130434;2
7951962;1;1;1;10.722130434;2
7951974;1;1;1;192.70029866;2
7951974;2;1;2;192.70029866;3
7951974;1;1;1;192.70029866;2
7951974;2;1;2;192.70029866;3
7951975;1;1;1;89.754087697;4
7951975;1;1;1;89.754087697;4
7951990;1;1;1;189.37938145;3
7951990;2;1;2;189.37938145;4
7952016;1;1;1;182.83006724;3
7952016;1;1;1;182.83006724;3
7952027;1;1;1;68.919256663;4
7952027;1;1;1;68.919256663;4
7952029;1;1;1;227.17339127;3
7952029;2;1;2;227.17339127;5
7952029;1;1;1;227.17339127;3
7952029;2;1;2;227.17339127;5
7952044;1;1;1;277.08805571;4
7952044;1;1;1;277.08805571;4
7952050;1;1;1;130.57637162;1
7952050;1;1;1;130.57637162;1
7952072;1;1;1;154.21176805;4
7952072;2;1;2;154.21176805;5
7952072;1;1;1;154.21176805;4
7952072;2;1;2;154.21176805;5
7952109;1;1;1;210.84406747;2
7952109;2;1;2;210.84406747;3
7952109;1;1;1;210.84406747;2
7952109;2;1;2;210.84406747;3
7952119;1;1;1;14.125471071;3
7952119;1;1;1;14.125471071;3
7952125;1;1;1;253.16909342;3
7952125;1;1;1;253.16909342;3
7952145;1;1;1;306.5816995;3
7952145;1;1;1;306.5816995;3
7952174;1;1;1;232.09126129;3
7952174;2;1;2;232.09126129;4
7952174;1;1;1;232.09126129;3
7952174;2;1;2;232.09126129;4
7952207;1;1;1;217.05973336;3
7952207;1;1;1;217.05973336;3
7952223;1;1;1;209.49558361;3
7952223;1;1;1;209.49558361;3
7952249;1;1;1;27.813234935;2
7952249;1;1;1;27.813234935;2
7952261;1;1;1;40.266992124;2
7952261;1;1;1;40.266992124;2
7952268;1;1;1;80.612101998;2
7952268;2;1;2;80.612101998;3
7952268;1;1;1;80.612101998;2
7952268;2;1;2;80.612101998;3
7952269;1;1;1;39.145813889;3
7952269;1;1;1;39.145813889;3
7952287;1;1;1;68.049058084;2
7952287;1;1;1;68.049058084;2
7952342;1;1;1;288.39475209;2
7952342;2;1;2;288.39475209;3
7952342;3;1;3;288.39475209;4
7952342;1;1;1;288.39475209;2
7952342;2;1;2;288.39475209;3
7952342;3;1;3;288.39475209;4
7952365;1;1;1;193.87317066;3
7952365;2;1;2;193.87317066;4
7952365;3;1;3;193.87317066;5
7952365;1;1;1;193.87317066;3
7952365;2;1;2;193.87317066;4
7952365;3;1;3;193.87317066;5
7952377;1;1;1;275.58589127;4
7952377;2;1;2;275.58589127;5
7952380;1;1;1;298.01989507;4
7952380;2;1;2;298.01989507;5
7952380;1;1;1;298.01989507;4
7952380;2;1;2;298.01989507;5
7952383;1;1;1;265.80276872;3
7952383;2;1;2;265.80276872;4
7952383;1;1;1;265.80276872;3
7952383;2;1;2;265.80276872;4
7952386;1;1;1;270.13331397;3
7952386;1;1;1;270.13331397;3
7952391;1;1;1;375.69173865;4
7952391;2;1;2;375.69173865;5
7952391;1;1;1;375.69173865;4
7952391;2;1;2;375.69173865;5
7952403;1;1;1;368.61968041;4
7952403;1;1;1;368.61968041;4
7952405;1;1;1;313.09464591;3
7952405;2;1;2;313.09464591;4
7952405;1;1;1;313.09464591;3
7952405;2;1;2;313.09464591;4
7952407;1;1;1;60.846584062;3
7952407;1;1;1;60.846584062;3
7952412;1;1;1;75.080584004;3
7952412;1;1;1;75.080584004;3
7952424;1;1;1;555.36400475;3
7952424;1;1;1;555.36400475;3
7952439;1;1;1;147.47321998;3
7952439;2;1;2;147.47321998;4
7952439;3;1;3;147.47321998;5
7952439;1;1;1;147.47321998;3
7952439;2;1;2;147.47321998;4
7952439;3;1;3;147.47321998;5
7952456;1;1;1;136.6914015;3
7952456;1;1;1;136.6914015;3
7952457;1;1;1;118.91664429;2
7952457;1;1;1;118.91664429;2
7952467;1;1;1;174.87326412;3
7952467;1;1;1;174.87326412;3
7952472;1;1;1;120.30368207;3
7952472;2;1;2;120.30368207;4
7952472;3;1;3;120.30368207;5
7952472;1;1;1;120.30368207;3
7952472;2;1;2;120.30368207;4
7952472;3;1;3;120.30368207;5
7952482;1;1;1;113.79885764;3
7952482;2;1;2;113.79885764;4
7952482;1;1;1;113.79885764;3
7952482;2;1;2;113.79885764;4
7952493;1;1;1;173.74989445;4
7952503;1;1;1;181.96229205;2
7952503;2;1;2;181.96229205;3
7952503;3;1;3;181.96229205;4
7952503;1;1;1;181.96229205;2
7952503;2;1;2;181.96229205;3
7952503;3;1;3;181.96229205;4
7952512;1;1;1;110.84910375;2
7952512;1;1;1;110.84910375;2
7952520;1;1;1;103.58491803;3
7952520;1;1;1;103.58491803;3
7952523;1;1;1;204.33594375;4
7952536;1;1;1;15.300158293;3
7952536;1;1;1;15.300158293;3
7952546;1;1;1;35.215681985;1
7952546;1;1;1;35.215681985;1
7952562;1;1;1;107.27773003;2
7952562;1;1;1;107.27773003;2
7952567;1;1;1;28.538785053;2
7952567;2;1;2;28.538785053;3
7952567;1;1;1;28.538785053;2
7952567;2;1;2;28.538785053;3
7952571;1;1;1;53.122982376;3
7952571;2;1;2;53.122982376;4
7952571;1;1;1;53.122982376;3
7952571;2;1;2;53.122982376;4
7952586;1;1;1;32.104655575;2
7952586;2;1;2;32.104655575;3
7952586;3;1;3;32.104655575;4
7952586;1;1;1;32.104655575;2
7952586;2;1;2;32.104655575;3
7952586;3;1;3;32.104655575;4
7952595;1;1;1;21.250219852;3
7952606;1;1;1;124.62822792;3
7952606;1;1;1;124.62822792;3
7952623;1;1;1;13.721920683;5
7952623;1;1;1;13.721920683;5
7952640;1;1;1;52.34666187;2
7952640;2;1;2;52.34666187;3
7952640;1;1;1;52.34666187;2
7952640;2;1;2;52.34666187;3
7952663;1;1;1;21.778208251;2
7952663;1;1;1;21.778208251;2
7952664;1;1;1;19.200646761;3
7952664;1;1;1;19.200646761;3
7952668;1;1;1;13.825809126;3
7952668;1;1;1;13.825809126;3
7956791;1;1;1;9.2346677928;2
7956795;1;1;1;175.81523213;3
7956845;1;1;1;165.30676893;2
7956845;2;1;2;165.30676893;3
7956862;1;1;1;86.489053547;3
7956862;2;1;2;86.489053547;4
7956882;1;1;1;47.815512499;2
7956882;2;1;2;47.815512499;3
7956882;3;1;3;47.815512499;4
7956883;1;1;1;47.815512499;3
7956883;2;1;2;47.815512499;4
7956890;1;1;1;185.11542636;3
7956890;2;1;2;185.11542636;4
7956895;1;1;1;170.16918586;3
7956895;2;1;2;170.16918586;4
7956910;1;1;1;138.57567434;4
7956926;1;1;1;22.202643802;3
7956926;2;1;2;22.202643802;4
7956928;1;1;1;58.196735112;5
7956936;1;1;1;66.313817332;2
7956936;2;1;2;66.313817332;3
7956965;1;1;1;10.193230318;3
7956965;2;1;2;10.193230318;4
7956975;1;1;1;98.317623004;3
7956975;2;1;2;98.317623004;4
7956975;3;1;3;98.317623004;5
7956976;1;1;1;112.3264799;3
7956976;2;1;2;112.3264799;4
7956976;3;1;3;112.3264799;5
7957020;1;1;1;146.49358663;4
7957024;1;1;1;75.399393765;3
7957024;2;1;2;75.399393765;4
7957030;1;1;1;8.9190765281;3
7957030;2;1;2;8.9190765281;4
7957033;1;1;1;91.51157478;3
7957033;2;1;2;91.51157478;4
7957037;1;1;1;92.928112483;2
7957039;1;1;1;92.928112483;4
7957039;2;1;2;92.928112483;7
7957039;3;1;3;92.928112483;8
7957039;4;1;4;92.928112483;19
7957049;1;1;1;62.485989734;2
7957050;1;1;1;8.9190765281;3
7957055;1;1;1;227.02170752;2
7957055;2;1;2;227.02170752;3
7957072;1;1;1;8.1082513892;3
7957072;2;1;2;8.1082513892;4
7957088;1;1;1;145.32449887;3
7957099;1;1;1;291.80900054;3
7957106;1;1;1;150.18897442;3
7957106;2;1;2;150.18897442;5
7957141;1;1;1;155.36437694;2
7957141;2;1;2;155.36437694;3
7957141;3;1;3;155.36437694;4
7957142;1;1;1;278.8993132;5
7957146;1;1;1;223.76524549;2
7957147;1;1;1;14.445261275;2
7957147;2;1;2;14.445261275;4
7957149;1;1;1;14.445261275;3
7957149;2;1;2;14.445261275;4
7957151;1;1;1;26.662568229;3
7957163;1;1;1;302.90561361;5
7957178;1;1;1;208.28065982;3
7957199;1;1;1;194.48768441;1
7957203;1;1;1;13.512138222;3
7957203;2;1;2;13.512138222;4
7957218;1;1;1;20.268207334;3
7957219;1;1;1;141.87745134;3
7957219;2;1;2;141.87745134;4
7957222;1;1;1;147.11966833;3
7957246;1;1;1;62.516640447;3
7957257;1;1;1;237.86499391;3
7957257;2;1;2;237.86499391;4
7957260;1;1;1;105.14931635;3
7957260;2;1;2;105.14931635;4
7957260;3;1;3;105.14931635;5
7957267;1;1;1;157.7531475;1
7957273;1;1;1;75.714012099;4
7957284;1;1;1;78.017584756;3
7957288;1;1;1;248.67566839;3
7957288;2;1;2;248.67566839;4
7957288;3;1;3;248.67566839;5
7957307;1;1;1;49.054562922;3
7957307;2;1;2;49.054562922;4
7957308;1;1;1;21.687490162;3
7957308;2;1;2;21.687490162;4
7957309;1;1;1;45.901536482;3
7957309;2;1;2;45.901536482;4
7957309;3;1;3;45.901536482;5
7957312;1;1;1;55.004771945;4
7957336;1;1;1;26.584644703;2
7957343;1;1;1;83.361985218;2
7957381;1;1;1;39.245840565;3
7957403;1;1;1;290.97078514;3
7957453;1;1;1;165.26067406;4
7957453;2;1;2;165.26067406;5
7957460;1;1;1;100.5686694;3
7957460;2;1;2;100.5686694;4
7957462;1;1;1;67.725575941;3
7957465;1;1;1;236.70322853;2
7957465;2;1;2;236.70322853;3
7957467;1;1;1;45.627312448;3
7957474;1;1;1;140.39327827;1
7957475;1;1;1;143.45210255;2
7957479;1;1;1;71.506525384;2
7957492;1;1;1;37.274778108;4
7957494;1;1;1;73.115400111;3
7957494;2;1;2;73.115400111;4
7957494;3;1;3;73.115400111;5
7957494;4;1;4;73.115400111;6
7957495;1;1;1;53.862814829;4
7957501;1;1;1;108.44061804;7
7957502;1;1;1;71.454981691;4
7957502;2;1;2;71.454981691;5
7957502;3;1;3;71.454981691;5
7957502;4;1;4;71.454981691;7
7957512;1;1;1;524.32037047;1
7957525;1;1;1;60.235778958;3
7957526;1;1;1;115.89529527;3
7957538;1;1;1;59.577281472;3
7957538;2;1;2;59.577281472;4
7957539;1;1;1;126.47889547;3
7957545;1;1;1;74.559187761;2
7957546;1;1;1;340.72103039;3
7957546;2;1;2;340.72103039;4
7957553;1;1;1;55.608949488;2
7957553;2;1;2;55.608949488;3
7957553;1;2;1;55.608949488;2
7957555;1;1;1;33.782465149;2
7957556;1;1;1;129.31500141;2
7957560;1;1;1;68.507988219;4
7957567;1;1;1;24.870674131;3
7957593;1;1;1;168.66369085;5
7957595;1;1;1;73.952390336;2
7957595;2;1;2;73.952390336;3
7957596;1;1;1;159.76173956;3
7957655;1;1;1;92.191509393;5
7957655;2;1;2;92.191509393;6
7957658;1;1;1;50.455284626;4
7957660;1;1;1;225.86664793;4
7957685;1;1;1;29.604381196;3
7957689;1;1;1;20.487002087;4
7957693;1;1;1;196.3280894;2
7957699;1;1;1;114.58355248;3
7957699;2;1;2;114.58355248;4
7957720;1;1;1;200.01014831;1
7957738;1;1;1;173.28314862;2
7957761;1;1;1;55.400313247;3
7957763;1;1;1;50.249577994;3
7957763;2;1;2;50.249577994;4
7957768;1;1;1;242.04064916;1
7957771;1;1;1;245.37024556;2
7957818;1;1;1;157.44464634;3
7957859;1;1;1;15.564627591;5
7957862;1;1;1;153.07189704;3
7957862;2;1;2;153.07189704;4
7957875;1;1;1;148.62352848;3
7957880;1;1;1;367.63142033;3
7957886;1;1;1;153.41490079;2
7957886;2;1;2;153.41490079;3
7957898;1;1;1;578.63000538;4
7957906;1;1;1;4.9550425156;2
7957906;2;1;2;4.9550425156;3
7957909;1;1;1;522.97532421;4
7957916;1;1;1;183.58659395;3
7957916;2;1;2;183.58659395;4
7957917;1;1;1;186.60417666;3
7957917;2;1;2;186.60417666;4
7957950;1;1;1;353.12684622;2
7957955;1;1;1;4.9550425156;3
7957955;2;1;2;4.9550425156;4
7957957;1;1;1;121.51096028;3
7957957;2;1;2;121.51096028;4
7957960;1;1;1;45.587914112;2
7957966;1;1;1;61.965309262;3
7957972;1;1;1;763.44954288;1
7957973;1;1;1;4.9550425156;4
7958004;1;1;1;174.82346296;6
7958006;1;1;1;94.730762497;3
7958006;2;1;2;94.730762497;4
7958034;1;1;1;97.851068399;3
7958037;1;1;1;39.160275014;2
7958037;2;1;2;39.160275014;3
7958037;3;1;3;39.160275014;4
7958038;1;1;1;67.588691791;2
7958038;2;1;2;67.588691791;3
7958041;1;1;1;329.67807729;4
7958043;1;1;1;56.048244314;3
7958050;1;1;1;30.136858929;5
7958050;2;1;2;30.136858929;6
7958050;3;1;3;30.136858929;7
7958102;1;1;1;126.16099424;3
7958105;1;1;1;88.146249401;2
7958105;2;1;2;88.146249401;3
7958105;3;1;3;88.146249401;4
7958120;1;1;1;110.37485256;3
7958120;2;1;2;110.37485256;4
7958120;3;1;3;110.37485256;5
7958127;1;1;1;79.962091711;2
7958129;1;1;1;87.889701016;3
7958129;2;1;2;87.889701016;4
7958130;1;1;1;269.46800149;5
7958145;1;1;1;85.276133605;3
7958145;2;1;2;85.276133605;4
7958148;1;1;1;279.84180083;5
7958148;2;1;2;279.84180083;6
7958151;1;1;1;282.30751692;3
7958176;1;1;1;65.897728812;1
7958184;1;1;1;181.51479759;3
7958203;1;1;1;25.460289907;3
7958203;2;1;2;25.460289907;4
7958203;3;1;3;25.460289907;5
7958205;1;1;1;643.46644418;3
7958205;2;1;2;643.46644418;4
7958210;1;1;1;34.376952576;3
7958215;1;1;1;39.021043089;1
7958218;1;1;1;183.66930816;3
7958249;1;1;1;147.37563369;3
7958250;1;1;1;44.062346496;3
7958250;2;1;2;44.062346496;4
7958263;1;1;1;818.94819142;4
7958263;2;1;2;818.94819142;5
7958263;3;1;3;818.94819142;6
7958263;4;1;4;818.94819142;7
7958276;1;1;1;141.10846537;3
7958276;2;1;2;141.10846537;4
7958278;1;1;1;18.434070247;3
7958298;1;1;1;86.473094059;2
7958305;1;1;1;22.951986528;3
7958330;1;1;1;157.5423727;3
7958330;2;1;2;157.5423727;4
7958336;1;1;1;300.51786918;3
7958336;2;1;2;300.51786918;4
7958348;1;1;1;45.2829885;3
7958348;2;1;2;45.2829885;4
7958363;1;1;1;27.087224048;2
7958363;2;1;2;27.087224048;3
7958368;1;1;1;30.18233283;2
7958371;1;1;1;32.622479187;3
7958379;1;1;1;29.973192514;2
7958381;1;1;1;87.112833002;5
7958381;2;1;2;87.112833002;6
7958381;3;1;3;87.112833002;7
7958405;1;1;1;157.27895088;2
7958418;1;1;1;54.611760532;1
7958418;2;1;2;54.611760532;3
7958426;1;1;1;69.622448073;3
7958456;1;1;1;54.791993255;3
7958456;2;1;2;54.791993255;4
7958459;1;1;1;71.418113505;3
7958459;2;1;2;71.418113505;4
7958462;1;1;1;85.362508697;2
7958478;1;1;1;65.909619834;4
7958478;2;1;2;65.909619834;5
7958490;1;1;1;62.91115596;3
7958490;2;1;2;62.91115596;4
7958490;3;1;3;62.91115596;5
7958494;1;1;1;310.71411832;2
7958513;1;1;1;53.442272103;3
7958513;2;1;2;53.442272103;4
7958513;3;1;3;53.442272103;5
7958517;1;1;1;78.882582625;2
7958517;2;1;2;78.882582625;4
7958552;1;1;1;310.71411832;2
7958556;1;1;1;114.50936648;3
7958556;2;1;2;114.50936648;9
7958579;1;1;1;38.997883428;2
7958595;1;1;1;65.527571863;3
7958595;2;1;2;65.527571863;4
7958608;1;1;1;185.95062003;3
7958608;2;1;2;185.95062003;4
7958608;3;1;3;185.95062003;5
7958618;1;1;1;304.91079574;3
7958618;2;1;2;304.91079574;4
7958618;3;1;3;304.91079574;5
7958620;1;1;1;207.62572909;2
7958673;1;1;1;117.34595834;4
7958676;1;1;1;139.59684494;3
7958681;1;1;1;66.4602042;3
7958682;1;1;1;368.43544634;3
7958682;2;1;2;368.43544634;4
7958687;1;1;1;50.437417396;2
7958692;1;1;1;70.580622538;3
7958692;2;1;2;70.580622538;4
7958697;1;1;1;57.20513142;3
7958701;1;1;1;61.420362078;2
7958701;2;1;2;61.420362078;3
7958702;1;1;1;106.48903811;3
7958711;1;1;1;70.580622538;3
7958711;2;1;2;70.580622538;4
7958713;1;1;1;57.94349015;4
7958713;2;1;2;57.94349015;5
7958715;1;1;1;102.86759202;3
7958715;2;1;2;102.86759202;4
7958717;1;1;1;432.7667419;5
7958717;2;1;2;432.7667419;6
7958726;1;1;1;54.634914709;3
7958726;2;1;2;54.634914709;4
7958726;3;1;3;54.634914709;6
7958736;1;1;1;269.4379822;4
7958742;1;1;1;173.36247093;3
7958742;2;1;2;173.36247093;4
7958742;3;1;3;173.36247093;5
7958753;1;1;1;386.45500918;2
7958758;1;1;1;72.921340981;2
7958758;2;1;2;72.921340981;3
7958758;3;1;3;72.921340981;4
7958762;2;1;2;90.472154181;4
7958762;3;1;3;90.472154181;5
7958762;1;1;1;90.472154181;1
7958764;1;1;1;62.059496957;3
7958764;2;1;2;62.059496957;4
7958766;1;1;1;104.95120164;3
7958777;1;1;1;129.83146846;1
7958779;1;1;1;215.63030279;1
7958784;1;1;1;152.29124846;2
7958784;2;1;2;152.29124846;4
7958784;3;1;3;152.29124846;5
7958784;4;1;4;152.29124846;6
7958791;1;1;1;277.89895691;2
7958796;1;1;1;109.88387334;3
7958800;1;1;1;55.017054502;2
7958808;1;1;1;89.943084454;2
7958819;1;1;1;89.745875264;7
7958843;1;1;1;64.072151777;4
7958843;2;1;2;64.072151777;5
7958845;1;1;1;68.747109858;3
7958846;1;1;1;77.07809067;3
7958846;2;1;2;77.07809067;4
7958846;3;1;3;77.07809067;5
7958847;1;1;1;225.34762639;4
7958849;1;1;1;231.55281664;2
7958849;2;1;2;231.55281664;3
7958857;1;1;1;382.44594782;2
7958859;1;1;1;280.34917783;2
7958862;1;1;1;66.4602042;3
7958867;1;1;1;111.31107154;1
7958867;2;1;2;111.31107154;2
7958874;1;1;1;166.89200794;5
7958874;2;1;2;166.89200794;6
7958884;1;1;1;168.47914261;4
7958884;2;1;2;168.47914261;5
7958896;1;1;1;59.938581294;3
7958896;2;1;2;59.938581294;4
7958904;1;1;1;58.401914808;3
7958904;2;1;2;58.401914808;4
7958910;1;1;1;302.93671933;4
7958936;1;1;1;423.52883811;2
7958936;2;1;2;423.52883811;3
7958940;1;1;1;185.89317324;3
7958940;2;1;2;185.89317324;4
7958948;1;1;1;99.124380193;3
7958948;2;1;2;99.124380193;4
7958954;1;1;1;91.394938182;3
7958963;1;1;1;273.02338386;2
7958963;2;1;2;273.02338386;3
7958968;1;1;1;65.63807828;2
7958968;2;1;2;65.63807828;4
7958972;1;1;1;221.13744744;3
7958972;2;1;2;221.13744744;4
7958972;3;1;3;221.13744744;5
7958977;1;1;1;450.07705547;3
7958984;1;1;1;88.24344134;3
7958986;1;1;1;87.816545045;3
7958986;2;1;2;87.816545045;4
7958992;1;1;1;70.450399844;3
7959012;1;1;1;93.464305999;3
7959012;2;1;2;93.464305999;4
7959016;1;1;1;71.497232764;3
7959018;1;1;1;258.83728386;2
7959018;2;1;2;258.83728386;3
7959026;1;1;1;54.62091266;4
7959026;2;1;2;54.62091266;5
7959052;1;1;1;220.21256892;3
7959052;2;1;2;220.21256892;4
7959057;1;1;1;67.3694014;3
7959080;1;1;1;15.524480428;1
7959097;1;1;1;286.02708993;3
7959102;1;1;1;4.0999602008;2
7959102;2;1;2;4.0999602008;3
7959107;1;1;1;7.3652956476;3
7959107;2;1;2;7.3652956476;4
7959107;3;1;3;7.3652956476;5
7959110;1;1;1;203.17789486;2
7959117;1;1;1;10.933227202;1
7959123;1;1;1;67.3694014;4
7959134;1;1;1;201.2536877;2
7959134;2;1;2;201.2536877;3
7959168;1;1;1;674.82576879;3
7959194;1;1;1;127.65888968;1
7959194;2;1;2;127.65888968;4
7959199;1;1;1;9.375482323;4
7959199;2;1;2;9.375482323;5
7959213;1;1;1;135.48958863;3
7959213;2;1;2;135.48958863;4
7959226;1;1;1;149.18265382;3
7959227;1;1;1;215.84360184;2
7959252;1;1;1;169.40298391;3
7959252;2;1;2;169.40298391;4
7959301;1;1;1;148.68325449;5
7959304;1;1;1;122.0907781;2
7959305;1;1;1;360.11908939;1
7959311;1;1;1;418.73094571;2
7959311;2;1;2;418.73094571;3
7959332;1;1;1;173.51657585;2
7959336;1;1;1;107.79308131;3
7959340;1;1;1;416.31677794;4
7959340;2;1;2;416.31677794;5
7959343;1;1;1;70.450399844;4
7959355;2;1;2;495.0144378;4
7959355;1;1;1;495.0144378;3
7959366;1;1;1;66.771046429;3
7959377;1;1;1;1118.1673026;2
7959379;1;1;1;123.25456849;2
7959384;1;1;1;14.876630998;3
7959408;1;1;1;408.70322805;3
7959408;2;1;2;408.70322805;4
7959412;1;1;1;332.33268182;2
7959414;1;1;1;25.712116097;3
7959414;2;1;2;25.712116097;4
7959422;1;1;1;1346.8711187;1
7959425;1;1;1;119.71495057;3
7959425;2;1;2;119.71495057;4
7959428;1;1;1;307.99161754;3
7959428;2;1;2;307.99161754;4
7959434;1;1;1;145.25551486;1
7959445;1;1;1;56.325361163;3
7959445;2;1;2;56.325361163;4
7959447;1;1;1;1159.1322487;1
7959455;1;1;1;260.45709298;3
7959458;1;1;1;130.76868173;1
7959461;1;1;1;594.03887329;3
7959479;1;1;1;258.3423733;2
7959479;2;1;2;258.3423733;3
7959484;1;1;1;19.853468527;3
7959485;1;1;1;135.13343159;2
7959485;2;1;2;135.13343159;3
7959486;1;1;1;558.58119606;2
7959503;1;1;1;19.853468527;3
7959503;2;1;2;19.853468527;4
7959504;1;1;1;19.853468527;3
7959512;1;1;1;220.52066575;3
7959555;1;1;1;394.30749762;1
7959566;1;1;1;493.91994885;3
7959591;1;1;1;12.856773109;5
7959591;2;1;2;12.856773109;6
7959600;1;1;1;6.5320090878;3
7959601;1;1;1;75.870216256;3
7959642;1;1;1;87.306375358;5
7959646;1;1;1;168.26548624;2
7959646;2;1;2;168.26548624;3
7959673;1;1;1;21.116743115;2
7959673;2;1;2;21.116743115;3
7959673;3;1;3;21.116743115;4
7959679;1;1;1;90.177496724;4
7959690;1;1;1;11.707578367;4
7959700;1;1;1;53.313656318;3
7959712;1;1;1;115.83632616;1
7959731;1;1;1;145.25551486;3
7959743;1;1;1;260.91466404;4
7959748;1;1;1;261.87314108;3
7959752;1;1;1;237.03862519;1
7959820;1;1;1;169.72826184;3
7959849;1;1;1;25.480661245;3
7959851;1;1;1;199.23670517;2
7959867;1;1;1;6.5320090878;3
7959882;1;1;1;281.19743284;3
7959882;2;1;2;281.19743284;4
7959882;3;1;3;281.19743284;5
7959893;1;1;1;365.15568872;3
7959893;2;1;2;365.15568872;4
7959893;3;1;3;365.15568872;5
7959894;1;1;1;5.7979326334;3
7959939;1;1;1;332.5121275;3
7959939;2;1;2;332.5121275;4
7959940;1;1;1;330.01274934;2
7959959;1;1;1;97.289139086;2
7959960;1;1;1;184.95827828;3
7959982;1;1;1;152.42271346;2
7959982;2;1;2;152.42271346;3
7969579;1;1;1;74.104391024;2
7969579;2;1;2;74.104391024;3
7969580;1;1;1;62.057802083;3
7969580;2;1;2;62.057802083;4
7969629;1;1;1;490.7249823;2
7969668;1;1;1;289.2786942;3
7969671;1;1;1;280.98584137;3
7969684;1;1;1;76.449878163;2
7969684;2;1;2;76.449878163;4
7969699;1;1;1;329.938739;3
7969708;1;1;1;258.50724228;4
7969711;1;1;1;233.90812767;2
7969723;1;1;1;329.94926101;3
7969724;1;1;1;171.40464353;4
7969727;1;1;1;106.24930659;2
7969728;1;1;1;132.61666592;2
7969730;1;1;1;96.257000605;2
7969739;1;1;1;97.417000494;2
7969739;2;1;2;97.417000494;3
7969740;1;1;1;207.6406835;4
7969742;1;1;1;175.27620425;6
7969743;1;1;1;85.971164815;2
7969758;1;1;1;142.31368944;2
7969758;2;1;2;142.31368944;3
7969758;3;1;3;142.31368944;4
7969760;1;1;1;216.14258907;4
7969764;1;1;1;189.2182142;2
7969776;1;1;1;130.87755251;3
7969776;2;1;2;130.87755251;4
7969776;3;1;3;130.87755251;5
7969780;1;1;1;84.539525434;3
7969780;2;1;2;84.539525434;4
7969808;1;1;1;138.2358966;3
7969808;2;1;2;138.2358966;4
7969819;1;1;1;111.5788937;3
7969819;2;1;2;111.5788937;4
7969821;1;1;1;193.55521519;3
7969821;2;1;2;193.55521519;4
7969821;3;1;3;193.55521519;5
7969821;4;1;4;193.55521519;6
7969826;1;1;1;155.58358361;3
7969826;2;1;2;155.58358361;4
7969826;3;1;3;155.58358361;5
7969827;1;1;1;159.26098772;4
7969827;2;1;2;159.26098772;5
7969832;1;1;1;155.50903267;4
7969845;1;1;1;13.512138222;2
7969859;1;1;1;10.377434172;4
7969874;1;1;1;27.814327542;3
7969874;2;1;2;27.814327542;4
7969875;1;1;1;78.04416194;2
7969878;1;1;1;11.785993078;2
7969878;2;1;2;11.785993078;3
7969895;1;1;1;53.089606666;2
7969909;1;1;1;24.355928571;3
7969909;2;1;2;24.355928571;5
7969932;1;1;1;429.569574;2
7969935;1;1;1;191.89725901;3
7969935;2;1;2;191.89725901;4
7969941;1;1;1;172.14230481;3
7969941;2;1;2;172.14230481;4
7969944;1;1;1;100.51492765;2
7969944;2;1;2;100.51492765;3
7969951;1;1;1;20.268207334;3
7969951;2;1;2;20.268207334;4
7969953;1;1;1;20.268207334;3
7969956;1;1;1;118.10048991;2
7969956;2;1;2;118.10048991;3
7969991;1;1;1;65.793371424;4
7970005;1;1;1;129.28103672;3
7970005;2;1;2;129.28103672;4
7970005;3;1;3;129.28103672;5
7970024;1;1;1;90.621260727;4
7970024;2;1;2;90.621260727;5
7970026;1;1;1;152.42978049;3
7970032;1;1;1;83.604265236;3
7970042;1;1;1;18.89412854;4
7970044;1;1;1;102.71713473;2
7970057;1;1;1;18.425643031;3
7970057;2;1;2;18.425643031;4
7970073;1;1;1;61.760138745;5
7970073;2;1;2;61.760138745;6
7970078;1;1;1;61.58673193;3
7970100;1;1;1;47.321088531;2
7970100;2;1;2;47.321088531;3
7970100;3;1;3;47.321088531;4
7970102;1;1;1;57.650540752;3
7970102;2;1;2;57.650540752;4
7970119;1;1;1;27.207536375;3
7970121;1;1;1;131.89283811;3
7970121;2;1;2;131.89283811;4
7970123;1;1;1;507.35262318;2
7970123;2;1;2;507.35262318;3
7970123;3;1;3;507.35262318;4
7970127;1;1;1;167.59955334;2
7970127;2;1;2;167.59955334;3
7970130;1;1;1;117.74452961;3
7970130;2;1;2;117.74452961;4
7970131;1;1;1;129.16192114;3
7970140;1;1;1;49.067066031;3
7970140;2;1;2;49.067066031;4
7970178;1;1;1;133.84124078;3
7970188;1;1;1;68.703181543;2
7970214;1;1;1;210.6255537;3
7970214;2;1;2;210.6255537;4
7970217;1;1;1;144.44519076;3
7970225;1;1;1;198.75063583;4
7970232;1;1;1;176.35337391;2
7970237;1;1;1;128.46207901;3
7970240;1;1;1;176.07722829;2
7970243;1;1;1;240.29437632;1
7970245;1;1;1;284.17974935;3
7970251;1;1;1;348.92106133;3
7970254;1;1;1;320.23713713;5
7970254;2;1;2;320.23713713;6
7970277;1;1;1;151.77501396;1
7970289;1;1;1;19.302953596;3
7970301;1;1;1;122.77897896;2
7970301;2;1;2;122.77897896;3
7970301;3;1;3;122.77897896;4
7970313;1;1;1;2450.3754109;4
7970313;2;1;2;2450.3754109;5
7970316;1;1;1;107.98706304;3
7970319;1;1;1;140.87151702;4
7970321;1;1;1;219.83380141;1
7970325;1;1;1;41.3467086;3
7970326;1;1;1;461.54571504;7
7970342;1;1;1;165.3868344;3
7970346;1;1;1;35.89606136;5
7970350;1;1;1;242.34991948;1
7970356;1;1;1;272.0700831;1
7970364;1;1;1;52.775340862;4
7970371;1;1;1;76.949696561;3
7970392;1;1;1;231.3049678;2
7970426;1;1;1;103.71951565;3
7970426;2;1;2;103.71951565;4
7970430;1;1;1;55.005392805;5
7970451;1;1;1;149.62022726;4
7970451;2;1;2;149.62022726;5
7970460;1;1;1;138.83181427;3
7970475;1;1;1;50.192335192;3
7970475;2;1;2;50.192335192;4
7970480;1;1;1;134.12007668;3
7970491;1;1;1;263.12258964;3
7970491;2;1;2;263.12258964;4
7970491;3;1;3;263.12258964;5
7970491;1;2;1;263.12258964;3
7970502;1;1;1;133.50038455;3
7970508;1;1;1;186.40874583;4
7970508;2;1;2;186.40874583;5
7970508;3;1;3;186.40874583;7
7970508;4;1;4;186.40874583;8
7970508;5;1;5;186.40874583;9
7970515;1;1;1;301.82231168;3
7970518;1;2;1;149.15686157;2
7970529;1;1;1;41.808065249;2
7970542;1;1;1;114.15338512;2
7970548;1;1;1;124.18750121;2
7970552;1;1;1;18.336517922;3
7970552;2;1;2;18.336517922;4
7970559;1;1;1;109.26431431;3
7970569;1;1;1;172.3963767;2
7970569;2;1;2;172.3963767;3
7970587;1;1;1;10.894759856;3
7970588;1;1;1;18.111582554;3
7970590;1;1;1;11.095564039;3
7970599;1;1;1;117.69832632;2
7970599;2;1;2;117.69832632;3
7970608;1;1;1;225.26376751;4
7970612;1;1;1;85.144763042;3
7970612;2;1;2;85.144763042;4
7970616;1;1;1;17.292345579;6
7970621;1;1;1;16.084223436;2
7970621;2;1;2;16.084223436;3
7970621;3;1;3;16.084223436;4
7970627;1;1;1;132.19020005;3
7970629;1;1;1;148.547832;2
7970631;1;1;1;300.17523699;3
7970631;2;1;2;300.17523699;4
7970631;3;1;3;300.17523699;5
7970631;4;1;4;300.17523699;6
7970633;1;1;1;133.60443784;3
7970641;1;1;1;197.05517491;3
7970642;1;1;1;150.09367877;2
7970642;2;1;2;150.09367877;3
7970646;1;1;1;241.37341201;2
7970646;2;1;2;241.37341201;3
7970675;1;1;1;33.974602999;2
7970680;1;1;1;47.30106436;4
7970688;1;1;1;163.95210267;3
7970688;2;1;2;163.95210267;4
7970691;1;1;1;194.08013498;4
7970697;1;1;1;53.741161668;3
7970724;1;1;1;120.29227715;3
7970726;1;1;1;137.28066734;3
7970726;2;1;2;137.28066734;4
7970746;1;1;1;12.33691283;4
7970749;1;1;1;17.807348496;4
7970749;2;1;2;17.807348496;5
7970763;1;1;1;136.03337072;2
7970763;2;1;2;136.03337072;3
7970764;1;1;1;71.069655301;4
7970805;1;1;1;149.85989143;4
7970805;2;1;2;149.85989143;5
7970810;1;1;1;167.60038174;3
7970810;2;1;2;167.60038174;4
7970810;3;1;3;167.60038174;5
7970814;1;1;1;533.28368286;4
7970822;1;1;1;117.08766395;2
7970822;2;1;2;117.08766395;3
7970830;1;1;1;4.2133961608;3
7970839;1;1;1;104.99599908;4
7970850;1;1;1;536.97778372;2
7970863;1;1;1;19.848053826;3
7970863;2;1;2;19.848053826;4
7970863;3;1;3;19.848053826;5
7970874;1;1;1;173.06125315;2
7970881;1;1;1;408.93683438;3
7970886;1;1;1;156.25359436;3
7970898;1;1;1;32.04834019;2
7970898;2;1;2;32.04834019;3
7970898;3;1;3;32.04834019;4
7970898;4;1;4;32.04834019;5
7970902;1;1;1;47.30106436;4
7970902;2;1;2;47.30106436;5
7970903;1;1;1;43.015403567;3
7970903;2;1;2;43.015403567;4
7970903;3;1;3;43.015403567;5
7970906;1;1;1;330.21510694;2
7970906;2;1;2;330.21510694;3
7970910;1;1;1;177.54723275;3
7970910;2;1;2;177.54723275;4
7970911;1;1;1;144.12320452;3
7970912;1;1;1;70.395851542;3
7970912;2;1;2;70.395851542;4
7970921;1;1;1;120.02659571;2
7970921;2;1;2;120.02659571;3
7970921;3;1;3;120.02659571;4
7970931;1;1;1;288.69185639;4
7970931;2;1;2;288.69185639;5
7970953;1;1;1;351.7566618;3
7970963;1;1;1;277.19633255;3
7970963;2;1;2;277.19633255;4
7970963;3;1;3;277.19633255;5
7970964;1;1;1;466.41791116;4
7970989;1;1;1;91.608039823;2
7970999;1;1;1;421.7783813;3
7971009;1;1;1;133.5532807;4
7971009;2;1;2;133.5532807;5
7971016;1;1;1;129.94711454;3
7971023;1;1;1;110.38251144;4
7971036;1;1;1;162.67666332;3
7971036;2;1;2;162.67666332;4
7971036;3;1;3;162.67666332;5
7971036;4;1;4;162.67666332;6
7971071;1;1;1;78.958203765;3
7971082;1;1;1;90.219581427;2
7971082;2;1;2;90.219581427;3
7971084;1;1;1;145.0288551;3
7971107;1;1;1;60.864729741;6
7971107;2;1;2;60.864729741;7
7971119;1;1;1;142.20129514;3
7971122;1;1;1;107.84720766;2
7971124;1;1;1;79.350966516;3
7971124;2;1;2;79.350966516;4
7971125;1;1;1;132.58561001;2
7971135;1;1;1;130.68257281;4
7971140;1;1;1;12.794427574;4
7971140;2;1;2;12.794427574;5
7971146;1;1;1;191.83533406;5
7971150;1;1;1;42.993762491;3
7971165;1;1;1;145.52458363;2
7971166;1;1;1;212.96753224;3
7971172;1;1;1;322.45376006;3
7971172;2;1;2;322.45376006;4
7971172;3;1;3;322.45376006;5
7971176;1;1;1;239.97829746;2
7971193;1;1;1;196.20151641;3
7971193;2;1;2;196.20151641;4
7971232;1;1;1;14.369368974;3
7971232;2;1;2;14.369368974;4
7971295;1;1;1;129.8109995;3
7971300;1;1;1;124.33761903;3
7971300;2;1;2;124.33761903;4
7971301;1;1;1;235.75645556;2
7971301;2;1;2;235.75645556;3
7971301;3;1;3;235.75645556;4
7971305;1;1;1;109.98662593;3
7971305;2;1;2;109.98662593;4
7971314;1;1;1;103.84672318;3
7971314;2;1;2;103.84672318;4
7971324;1;1;1;31.649417385;4
7971329;1;1;1;113.73746846;3
7971329;2;1;2;113.73746846;4
7971329;3;1;3;113.73746846;6
7971342;1;1;1;7.514319407;2
7971343;1;1;1;37.911262937;3
7971354;1;1;1;174.62930301;5
7971354;2;1;2;174.62930301;10
7971354;3;1;3;174.62930301;11
7971356;1;1;1;116.35207427;3
7971356;2;1;2;116.35207427;4
7971360;1;1;1;234.92879946;3
7971362;1;1;1;105.40950094;4
7971376;1;1;1;205.77906361;5
7971376;2;1;2;205.77906361;6
7971381;1;1;1;25.022251011;3
7971388;1;1;1;64.301794276;3
7971388;2;1;2;64.301794276;4
7971421;1;1;1;146.34908205;2
7971421;2;1;2;146.34908205;3
7971446;1;1;1;61.843293553;1
7971462;1;1;1;82.032575905;1
7971495;1;1;1;4.1209778575;3
7971497;1;1;1;62.443975264;3
7971515;1;1;1;21.817847188;3
7971531;1;1;1;152.72493031;3
7971531;2;1;2;152.72493031;4
7971531;3;1;3;152.72493031;5
7971542;1;1;1;75.480609774;4
7971547;1;1;1;246.32380208;2
7971547;2;1;2;246.32380208;3
7971547;3;1;3;246.32380208;4
7971548;1;1;1;199.93414484;2
7971554;1;1;1;269.88193058;4
7971565;1;1;1;891.03132536;4
7971671;1;1;1;42.852154042;3
7971671;2;1;2;42.852154042;4
7971671;3;1;3;42.852154042;5
7971673;1;1;1;5.8701580879;3
7971677;1;1;1;482.50803991;4
7971712;1;1;1;321.65494729;5
7971743;1;1;1;105.77929293;2
7971757;1;1;1;133.50038455;3
7971778;1;1;1;19.699040469;3
7971791;1;1;1;273.44965755;3
7971811;1;1;1;729.06842645;2
7971816;1;2;1;392.85910562;5
7971834;1;1;1;129.57565677;3
7971834;2;1;2;129.57565677;6
7971859;1;1;1;309.56215431;3
7971931;1;1;1;421.23026045;3
7971931;2;1;2;421.23026045;4
7971949;1;1;1;201.30065483;3
7971955;1;1;1;450.41278567;2
7971956;1;1;1;423.71226806;3
7971956;2;1;2;423.71226806;4
7971970;1;1;1;111.55775803;1
7972020;1;1;1;367.03230756;3
7972020;2;1;2;367.03230756;4
7972020;3;1;3;367.03230756;5
7972034;1;1;1;221.13744744;5
7972047;1;1;1;4.903228069;3
7972050;1;1;1;4.903228069;3
7972050;2;1;2;4.903228069;4
7972054;1;1;1;232.08819087;2
7972060;1;1;1;138.97427969;4
7972062;1;1;1;221.13744744;3
7972062;2;1;2;221.13744744;4
7972062;3;1;3;221.13744744;5
7972071;1;1;1;4.903228069;2
7972071;2;1;2;4.903228069;3
7972072;1;1;1;81.460599601;4
7972073;1;1;1;208.86424738;3
7972073;2;1;2;208.86424738;4
7972090;1;1;1;54.232121331;3
7972099;1;1;1;144.38866046;2
7972103;1;1;1;55.28436186;1
7972105;1;1;1;281.70825595;3
7972105;2;1;2;281.70825595;4
7972113;1;1;1;98.069067909;4
7972113;2;1;2;98.069067909;5
7972114;1;1;1;185.48989756;3
7972120;1;1;1;4.0999602008;2
7972120;2;1;2;4.0999602008;3
7972138;1;1;1;473.44870472;1
7972155;1;1;1;14.561864909;3
7972170;1;1;1;5.8838736828;3
7972205;1;1;1;19.379787952;1
7972232;1;1;1;5.8838736828;3
7972235;1;1;1;5.8838736828;3
7972251;1;1;1;122.47806035;3
7972251;2;1;2;122.47806035;4
7972262;1;1;1;67.180110447;3
7972262;2;1;2;67.180110447;4
7972289;1;1;1;136.93109074;2
7972310;1;1;1;5.8838736828;4
7972315;1;1;1;559.93331256;7
7972335;1;1;1;152.00714717;3
7972347;1;1;1;70.742165626;5
7972360;1;1;1;180.7102574;3
7972377;1;1;1;7.0441897055;2
7972380;1;1;1;43.27735641;3
7972380;2;1;2;43.27735641;4
7972389;1;1;1;567.27542197;2
7972413;1;1;1;589.09705423;4
7972416;1;1;1;56.039810812;3
7972419;1;1;1;122.54375949;3
7972419;2;1;2;122.54375949;4
7972431;1;1;1;163.39258674;5
7972442;1;1;1;5.8838736828;3
7972454;1;1;1;220.45253803;1
7972460;1;1;1;7.0441897055;3
7972461;1;1;1;13.435397141;2
7972466;1;1;1;7.1565322929;1
7972470;1;1;1;153.54355042;4
7972470;2;1;2;153.54355042;5
7972470;3;1;3;153.54355042;6
7972486;1;1;1;38.723510737;2
7972489;1;1;1;300.09939306;3
7972489;2;1;2;300.09939306;4
7972489;3;1;3;300.09939306;5
7972492;1;1;1;579.39126277;3
7972505;1;1;1;262.58243552;2
7972514;1;1;1;56.101045348;4
7972527;1;1;1;136.8748931;3
7972527;2;1;2;136.8748931;4
7972527;3;1;3;136.8748931;5
7972554;1;1;1;160.6843241;2
7972559;1;1;1;5.8838736828;2
7972559;2;1;2;5.8838736828;3
7972621;1;1;1;16.409438418;4
7972621;2;1;2;16.409438418;5
7972623;1;1;1;102.11768206;2
7972638;1;1;1;21.817847188;3
7972638;2;1;2;21.817847188;4
7972650;1;1;1;21.817847188;3
7972657;1;1;1;5.8838736828;4
7972659;1;1;1;17.296165703;3
7972659;2;1;2;17.296165703;4
7972659;3;1;3;17.296165703;5
7972661;1;1;1;21.207408637;3
7972679;1;1;1;30.123940094;5
7972695;1;1;1;41.588812433;3
7972695;2;1;2;41.588812433;4
7972701;1;1;1;7.0441897055;4
7972727;1;1;1;274.08502169;3
7972727;2;1;2;274.08502169;4
7972727;3;1;3;274.08502169;5
7972728;1;1;1;241.63071251;3
7972732;1;1;1;5.8838736828;3
7972732;2;1;2;5.8838736828;4
7972733;1;1;1;331.05606136;4
7972741;1;1;1;294.28509853;3
7972741;2;1;2;294.28509853;4
7972741;3;1;3;294.28509853;5
7972747;1;1;1;40.246943357;2
7972747;2;1;2;40.246943357;3
7972751;1;1;1;169.72826184;3
7972761;1;1;1;252.11885926;2
7972776;1;1;1;7.0441897055;2
7972776;2;1;2;7.0441897055;3
7972776;3;1;3;7.0441897055;4
7972787;1;1;1;199.513871;2
7972804;1;1;1;229.2054095;2
7972804;2;1;2;229.2054095;3
7972810;1;1;1;145.25551486;3
7972812;1;1;1;199.86269335;2
7972821;1;1;1;235.3116675;5
7972821;2;1;2;235.3116675;6
7972823;1;1;1;206.07949317;2
7972836;1;1;1;5.8838736828;4
7972854;1;1;1;875.62268344;2
7972879;1;1;1;1034.1785258;1
7972884;1;1;1;774.68724715;2
7972889;1;1;1;22.264067332;4
7972909;1;1;1;91.92330757;3
7972922;1;1;1;13.211618582;2
7972922;2;1;2;13.211618582;3
7972944;1;1;1;6.4038088232;3
7972947;1;1;1;388.0069322;3
7972947;2;1;2;388.0069322;4
7972955;1;1;1;225.99419094;3
7972967;1;1;1;354.2903233;1
7972967;2;1;2;354.2903233;4
7972970;1;1;1;82.935552291;3
7973003;1;1;1;7.0441897055;3
7973003;2;1;2;7.0441897055;4
7973017;1;1;1;116.06087757;3
7973036;1;1;1;144.04261917;2
7973042;1;1;1;173.90582021;3
7973042;2;1;2;173.90582021;4
7973045;1;1;1;171.19267857;3
7973058;1;1;1;155.07950663;4
7973067;1;1;1;160.34793965;1
7973068;1;1;1;76.861209173;2
7973068;2;1;2;76.861209173;3
7973071;1;1;1;179.41676581;4
7973080;1;1;1;158.10017054;2
7973092;1;1;1;164.406665;3
7973093;1;1;1;297.40789004;3
7973093;2;1;2;297.40789004;4
7973105;1;1;1;138.39325362;2
7973109;1;1;1;207.80401998;3
7973111;1;1;1;84.548961881;7
7973122;1;1;1;284.99781409;2
7973127;1;1;1;74.236415877;2
7973150;1;1;1;64.427143427;3
7973150;2;1;2;64.427143427;4
7973152;1;1;1;277.37722165;2
7973161;1;1;1;79.380287027;4
7973161;2;1;2;79.380287027;5
7973170;1;1;1;172.53227786;3
7973174;1;1;1;9.5340545786;2
7973174;2;1;2;9.5340545786;3
7973181;1;1;1;7.0441897055;2
7973198;1;1;1;305.57378961;3
7973209;1;1;1;108.73287386;1
7973227;1;1;1;17.16938892;2
7973231;1;1;1;131.55786131;3
7973243;1;1;1;9.4435942728;1
7973245;1;1;1;10.62552252;2
7973245;2;1;2;10.62552252;3
7973268;1;1;1;10.35988549;3
7973268;2;1;2;10.35988549;4
7977107;1;1;1;296.13281235;1
7977117;1;1;1;18.371336321;3
7977117;2;1;2;18.371336321;4
7977133;1;1;1;104.06640689;3
7977162;1;1;1;51.678847682;2
7977162;2;1;2;51.678847682;3
7977164;1;1;1;101.87278078;4
7977168;1;1;1;8.7780057915;1
7977169;1;1;1;76.396055502;3
7977172;1;1;1;56.734499544;3
7977174;1;1;1;51.149109841;3
7977177;1;1;1;149.96571379;7
7977184;1;1;1;84.462624252;3
7977184;2;1;2;84.462624252;4
7977185;1;1;1;103.73741828;5
7977185;2;1;2;103.73741828;6
7977185;3;1;3;103.73741828;7
7977187;1;1;1;81.219217241;2
7977187;2;1;2;81.219217241;3
7977187;3;1;3;81.219217241;4
7977189;1;1;1;66.152953496;6
7977189;2;1;2;66.152953496;7
7977189;3;1;3;66.152953496;8
7977207;1;1;1;74.267150888;6
7977207;2;1;2;74.267150888;7
7977221;1;1;1;76.850836312;4
7977228;1;1;1;89.323273388;4
7977250;1;1;1;56.412727981;3
7977258;1;1;1;131.67784197;4
7977274;1;1;1;163.6407872;2
7977275;1;1;1;654.56314879;2
7977275;2;1;2;654.56314879;3
7977275;3;1;3;654.56314879;4
7977275;4;1;4;654.56314879;5
7977275;5;1;5;654.56314879;6
7977275;6;1;6;654.56314879;7
7977289;1;1;1;654.56314879;5
7977295;1;1;1;265.97344601;3
7977295;2;1;2;265.97344601;4
7977297;1;1;1;188.97705615;3
7977323;1;1;1;278.2689749;4
7977332;1;1;1;42.688506657;2
7977360;1;1;1;18.543651142;3
7977360;2;1;2;18.543651142;4
7977364;1;1;1;156.13622652;3
7977368;1;1;1;156.51660936;2
7977368;2;1;2;156.51660936;3
7977373;1;1;1;368.66612699;2
7977373;2;1;2;368.66612699;3
7977384;1;1;1;446.88716959;5
7977384;2;1;2;446.88716959;6
7977384;3;1;3;446.88716959;7
7977384;4;1;4;446.88716959;8
7977387;1;1;1;111.7217924;2
7977387;2;1;2;111.7217924;3
7977439;1;1;1;218.9733592;3
7977439;2;1;2;218.9733592;4
7977458;1;1;1;195.68398298;1
7977463;1;1;1;125.93887396;2
7977463;2;1;2;125.93887396;3
7977474;1;1;1;180.84393618;2
7977476;1;1;1;201.83187134;3
7977476;2;1;2;201.83187134;4
7977497;1;1;1;1813.3538813;4
7977515;1;1;1;322.716782;4
7977515;2;1;2;322.716782;5
7977521;1;1;1;233.7972786;2
7977521;2;1;2;233.7972786;3
7977534;1;1;1;296.10558775;4
7977534;2;1;2;296.10558775;5
7977534;3;1;3;296.10558775;6
7977541;1;1;1;170.65596929;1
7977542;1;1;1;199.60451358;2
7977542;2;1;2;199.60451358;3
7977545;1;1;1;105.70614809;2
7977550;1;1;1;122.14876083;2
7977556;1;1;1;208.06267828;3
7977559;1;1;1;149.114612;4
7977560;1;1;1;169.80886832;3
7977590;1;1;1;129.17586241;2
7977590;2;1;2;129.17586241;3
7977591;1;1;1;163.19809536;2
7977606;1;1;1;173.32298818;3
7977610;1;1;1;134.92528481;2
7977613;1;1;1;116.06585188;4
7977625;1;1;1;172.44091585;2
7977636;1;1;1;81.36772161;3
7977639;1;1;1;186.35766315;5
7977664;1;1;1;471.57449972;4
7977687;1;1;1;106.92312588;2
7977691;1;1;1;80.470268806;4
7977713;1;1;1;16.302621695;2
7977713;2;1;2;16.302621695;3
7977715;1;1;1;23.816114003;1
7977753;1;1;1;352.75673465;3
7977753;2;1;2;352.75673465;4
7977755;1;1;1;46.401000432;3
7977758;1;1;1;10.527405203;3
7977758;2;1;2;10.527405203;4
7977759;1;1;1;32.681641157;2
7977815;1;1;1;806.95097658;2
7977825;1;1;1;165.42749133;3
7977825;2;1;2;165.42749133;4
7977826;1;1;1;67.502086542;4
7977831;1;1;1;78.648808344;3
7977832;1;1;1;148.08051905;3
7977832;2;1;2;148.08051905;4
7977842;1;1;1;108.23492801;2
7977842;2;1;2;108.23492801;3
7977862;1;1;1;174.37889396;4
7977862;2;1;2;174.37889396;5
7977863;1;1;1;82.134623912;3
7977864;1;1;1;171.82821667;4
7977864;2;1;2;171.82821667;5
7977882;1;1;1;27.316138373;3
7977885;1;1;1;183.00484737;5
7977897;1;1;1;98.425960277;3
7977897;2;1;2;98.425960277;4
7977907;1;1;1;73.568465721;3
7977910;1;1;1;156.14102765;3
7977910;2;1;2;156.14102765;4
7977923;1;1;1;152.37990765;3
7977924;1;1;1;105.62308212;2
7977924;2;1;2;105.62308212;3
7977929;1;1;1;191.80164759;3
7977929;2;1;2;191.80164759;4
7977929;3;1;3;191.80164759;5
7977932;1;1;1;128.45236583;2
7977932;2;1;2;128.45236583;3
7977953;1;1;1;1362.8544197;1
7977953;2;1;2;1362.8544197;2
7977971;1;1;1;107.98706304;2
7977974;1;1;1;210.26582363;2
7977977;1;1;1;30.253080707;3
7977982;1;1;1;181.46821813;4
7977982;2;1;2;181.46821813;5
7977994;1;1;1;326.77296578;2
7977994;2;1;2;326.77296578;3
7977999;1;1;1;298.83178977;4
7978008;1;1;1;248.25428343;3
7978008;2;1;2;248.25428343;4
7978017;1;1;1;125.4614393;2
7978025;1;1;1;277.21558837;2
7978026;1;1;1;184.05654692;2
7978029;1;1;1;25.50377184;2
7978046;1;1;1;89.29513193;3
7978048;1;1;1;26.963724727;1
7978058;1;1;1;118.40976061;2
7978066;1;1;1;70.162187584;3
7978069;1;1;1;234.20478312;3
7978073;1;1;1;33.911070769;3
7978081;1;1;1;55.00413342;4
7978081;2;1;2;55.00413342;5
7978143;1;1;1;283.37101478;4
7978152;1;1;1;230.16060412;3
7978156;1;1;1;295.78526302;6
7978179;1;1;1;50.310691126;3
7978212;1;1;1;150.82710591;3
7978212;2;1;2;150.82710591;4
7978228;1;1;1;140.72283438;3
7978239;1;1;1;147.2619752;3
7978299;1;1;1;39.079007803;2
7978303;1;1;1;163.05424448;5
7978309;1;1;1;24.429777078;2
7978319;1;1;1;31.730925971;3
7978321;1;1;1;7.6233157893;1
7978322;1;1;1;146.2271913;6
7978342;1;1;1;218.30744908;2
7978349;1;1;1;63.648671755;1
7978361;1;1;1;98.102522512;5
7978361;2;1;2;98.102522512;6
7978361;3;1;3;98.102522512;7
7978371;1;1;1;14.101486021;1
7978380;1;1;1;8.9787490832;3
7978386;1;1;1;148.08051905;3
7978386;2;1;2;148.08051905;4
7978388;1;1;1;263.46049452;3
7978388;2;1;2;263.46049452;4
7978388;3;1;3;263.46049452;6
7978441;1;1;1;143.85611696;2
7978448;1;1;1;216.22713279;3
7978448;2;1;2;216.22713279;4
7978471;1;1;1;95.089453065;4
7978483;1;1;1;394.34306125;2
7978494;1;1;1;181.98030832;2
7978497;1;1;1;34.329156352;3
7978499;1;1;1;23.973114317;1
7978499;2;1;2;23.973114317;2
7978517;1;1;1;17.975409837;2
7978518;1;1;1;95.548221003;3
7978518;2;1;2;95.548221003;4
7978524;1;1;1;524.20021466;3
7978530;1;1;1;116.55662136;3
7978530;2;1;2;116.55662136;4
7978544;1;1;1;113.2920753;2
7978548;1;1;1;19.296995605;1
7978549;1;1;1;96.509413131;4
7978549;2;1;2;96.509413131;5
7978562;1;1;1;103.31330056;3
7978562;2;1;2;103.31330056;4
7978598;1;1;1;214.58515007;3
7978598;2;1;2;214.58515007;4
7978615;1;1;1;235.88237496;3
7978615;2;1;2;235.88237496;4
7978615;3;1;3;235.88237496;5
7978621;1;1;1;191.1191371;4
7978630;1;1;1;122.18336979;1
7978630;2;1;2;122.18336979;3
7978656;1;1;1;416.02912924;3
7978657;1;1;1;242.17282505;3
7978657;2;1;2;242.17282505;4
7978664;1;1;1;92.986352665;3
7978689;1;1;1;345.23790925;2
7978710;1;1;1;139.25265493;4
7978710;2;1;2;139.25265493;5
7978713;1;1;1;375.50481644;3
7978722;1;1;1;40.651813875;3
7978744;1;1;1;99.062694573;2
7978747;1;1;1;275.86862548;3
7978749;1;1;1;54.325765308;4
7978750;1;1;1;110.40387913;1
7978767;1;1;1;304.00973372;5
7978767;2;1;2;304.00973372;6
7978770;1;1;1;159.30695239;3
7978770;2;1;2;159.30695239;4
7978773;1;1;1;129.59384562;5
7978773;2;1;2;129.59384562;6
7978779;1;1;1;42.571663252;3
7978805;1;1;1;447.14079896;4
7978811;1;1;1;106.17217515;3
7978812;1;1;1;106.37336722;2
7978820;1;1;1;283.89285761;1
7978847;1;1;1;118.07803187;4
7978847;2;1;2;118.07803187;5
7978928;1;1;1;190.57103651;3
7978928;2;1;2;190.57103651;4
7978928;3;1;3;190.57103651;5
7978949;1;1;1;104.15477014;3
7978949;2;1;2;104.15477014;4
7978949;3;1;3;104.15477014;5
7978964;1;1;1;59.28945555;3
7978964;2;1;2;59.28945555;4
7978986;1;1;1;162.6072555;4
7978986;2;1;2;162.6072555;5
7979015;1;1;1;179.55301452;3
7979029;1;1;1;276.89924731;2
7979029;2;1;2;276.89924731;3
7979049;1;1;1;418.6153587;3
7979057;1;1;1;229.27762898;2
7979073;1;1;1;270.57866567;2
7979089;1;1;1;192.5997937;3
7979089;2;1;2;192.5997937;4
7979089;3;1;3;192.5997937;5
7979092;1;1;1;138.66077718;3
7979144;1;1;1;301.75121657;3
7979183;1;1;1;335.50581445;3
7979183;2;1;2;335.50581445;4
7979195;1;1;1;11.430661952;2
7979195;2;1;2;11.430661952;3
7979222;1;1;1;264.94132707;3
7979227;1;1;1;229.93617726;4
7979252;1;1;1;88.472162887;3
7979281;1;1;1;240.00314194;3
7979290;1;1;1;43.562186862;4
7979295;1;1;1;300.0639904;2
7979297;1;1;1;38.166953409;3
7979299;1;1;1;470.74214034;3
7979316;1;1;1;52.26958776;3
7979316;2;1;2;52.26958776;4
7979323;1;1;1;6.3441384438;3
7979325;1;1;1;11.01711476;3
7979333;1;1;1;93.982761736;2
7979333;2;1;2;93.982761736;3
7979337;1;1;1;169.60297886;4
7979337;2;1;2;169.60297886;5
7979339;1;1;1;370.07076379;2
7979339;2;1;2;370.07076379;3
7979349;1;1;1;517.37357517;9
7979349;2;1;2;517.37357517;6
7979426;1;1;1;417.19338058;3
7979426;2;1;2;417.19338058;4
7979448;1;1;1;479.2684506;3
7979448;2;1;2;479.2684506;4
7979453;1;1;1;86.309477311;1
7979455;1;1;1;327.46117362;2
7979455;2;1;2;327.46117362;3
7979474;1;1;1;400.16881118;3
7979479;1;1;1;380.62956672;3
7979500;1;1;1;354.42819597;2
7979500;2;1;2;354.42819597;3
7979503;1;1;1;345.23790925;2
7979510;1;1;1;290.24103325;2
7979510;2;1;2;290.24103325;3
7979512;1;1;1;91.435337661;6
7979519;1;1;1;455.09957252;3
7979519;2;1;2;455.09957252;4
7979524;1;1;1;86.010428237;3
7979524;2;1;2;86.010428237;4
7979546;1;1;1;380.97641333;3
7979551;1;1;1;207.443288;1
7979565;1;1;1;450.07705547;3
7979572;1;1;1;160.56284112;3
7979577;1;1;1;544.46495881;1
7979582;1;1;1;595.18075093;4
7979584;1;1;1;344.4921995;2
7979595;1;1;1;107.11924427;3
7979613;1;1;1;229.84489059;1
7979615;1;1;1;7.0456163923;3
7979615;2;1;2;7.0456163923;4
7979629;1;1;1;335.65354279;1
7979634;1;1;1;124.52478198;3
7979639;1;1;1;345.23790925;1
7979670;1;1;1;338.20763493;5
7979672;1;1;1;236.99046178;3
7979672;2;1;2;236.99046178;4
7979690;1;1;1;495.0144378;4
7979700;1;1;1;380.97641333;3
7979750;1;1;1;111.43581523;3
7979750;2;1;2;111.43581523;1
7979764;1;1;1;81.864309677;5
7979769;1;1;1;167.08410097;3
7979770;1;1;1;95.023434253;3
7979771;3;1;3;247.7454281;6
7979771;1;1;1;247.7454281;4
7979771;2;1;2;247.7454281;5
7979784;1;1;1;69.827744534;4
7979785;1;1;1;265.37962247;1
7979790;1;1;1;230.69525455;2
7979791;1;1;1;189.45014341;2
7979792;1;1;1;65.404835377;3
7979792;2;1;2;65.404835377;4
7979823;1;1;1;36.599739563;2
7979843;1;1;1;159.78727197;3
7979863;1;1;1;406.11076524;3
7979863;2;1;2;406.11076524;4
7979874;1;1;1;355.25426227;3
7979876;1;1;1;277.87993522;5
7979879;1;1;1;231.80409858;2
7979893;1;1;1;217.17900505;3
7979893;2;1;2;217.17900505;4
7979896;1;1;1;77.340990892;2
7979896;2;1;2;77.340990892;3
7979896;3;1;3;77.340990892;4
7979936;1;1;1;22.637779654;2
7979936;2;1;2;22.637779654;3
7979936;3;1;3;22.637779654;4
7979957;1;1;1;118.3917784;3
7979957;2;1;2;118.3917784;4
7979957;3;1;3;118.3917784;5
7979973;1;1;1;6.2138792751;2
7979977;1;1;1;185.41321415;2
7979977;2;1;2;185.41321415;3
7979979;1;1;1;70.429150685;3
7979979;2;1;2;70.429150685;4
7980015;1;1;1;69.095793704;1
7980068;1;1;1;11.058215271;4
7980073;1;1;1;21.698349879;2
7980073;2;1;2;21.698349879;3
7980073;3;1;3;21.698349879;4
7980076;1;1;1;22.054934952;2
7980121;1;1;1;71.794653154;4
7980121;2;1;2;71.794653154;5
7980121;3;1;3;71.794653154;6
7980136;1;1;1;118.83661772;3
7980136;2;1;2;118.83661772;5
7980136;3;1;3;118.83661772;7
7980137;1;1;1;160.99689568;3
7980137;2;1;2;160.99689568;4
7980149;1;1;1;77.314406228;3
7980164;1;1;1;166.66957999;5
7980168;1;1;1;116.78897494;2
7980174;1;1;1;216.58794363;3
7980186;1;1;1;26.878231237;3
7980186;2;1;2;26.878231237;4
7980216;1;1;1;430.79081732;3
7980237;1;1;1;32.37894388;4
7980237;2;1;2;32.37894388;5
7980237;3;1;3;32.37894388;6
7980265;1;1;1;119.42385183;4
7980315;1;1;1;145.47823811;4
7980322;1;1;1;19.841218699;3
7980323;1;1;1;17.093473887;5
7980329;1;1;1;26.017014658;4
7980329;2;1;2;26.017014658;5
7980329;3;1;3;26.017014658;6
7980389;1;1;1;26.856536347;6
7980393;1;1;1;31.31282331;2
7980408;1;1;1;28.61129018;3
7980425;1;1;1;22.955731166;3
7980425;2;1;2;22.955731166;4
7980440;1;1;1;540.98994157;5
7980442;1;1;1;570.80076359;3
7980481;1;1;1;139.31800873;3
7980486;1;1;1;175.83603969;4
7980505;1;1;1;787.65272048;3
7980505;2;1;2;787.65272048;4
7980518;1;1;1;39.919697736;4
7980520;1;1;1;29.728188165;1
7980520;2;1;2;29.728188165;2
7980520;3;1;3;29.728188165;3
7980522;1;1;1;6.2317874766;3
7980525;1;1;1;25.164629546;2
7980525;2;1;2;25.164629546;3
7980539;1;1;1;12.628541433;2
7980539;2;1;2;12.628541433;3
7980586;1;1;1;36.864970951;5
7980591;1;1;1;73.930794504;3
7980591;2;1;2;73.930794504;4
7980611;1;1;1;117.57270626;3
7980611;2;1;2;117.57270626;4
7980611;3;1;3;117.57270626;5
7980612;1;1;1;77.235048642;2
7980619;1;1;1;69.596979362;3
7980628;1;1;1;69.628566578;3
7980705;1;1;1;243.54049237;2
7980707;1;1;1;229.01005727;2
7980732;1;1;1;17.004715686;4
7980744;1;1;1;33.648260854;3
7980774;1;1;1;59.960923094;3
7980774;2;1;2;59.960923094;4
7980780;1;1;1;51.837825063;5
7980794;1;1;1;26.599168927;2
7980794;2;1;2;26.599168927;3
7980799;1;1;1;5.7608863953;3
7980799;2;1;2;5.7608863953;4
7980799;3;1;3;5.7608863953;5
7980801;1;1;1;79.35533987;4
7980801;2;1;2;79.35533987;5
7980819;1;1;1;11.336477124;3
7980834;1;1;1;267.85131867;4
7980839;1;1;1;180.34909962;2
7980839;2;1;2;180.34909962;3
7980840;1;1;1;125.28753206;3
7980841;1;1;1;149.43898181;3
7980841;2;1;2;149.43898181;4
7980841;3;1;3;149.43898181;5
7980842;1;1;1;151.89658377;4
7980916;1;1;1;178.12407495;4
7980929;1;1;1;158.46964647;5
7980947;1;1;1;18.577691828;3
7980972;1;1;1;205.32517553;3
7980972;2;1;2;205.32517553;4
7980976;1;1;1;39.700155677;3
7980976;2;1;2;39.700155677;4
7980992;1;1;1;64.705328078;3
7980998;1;1;1;54.108570644;5
7980998;2;1;2;54.108570644;6
7981005;1;1;1;45.336198752;3
7981005;2;1;2;45.336198752;4
7981049;1;1;1;18.30839377;4
7981052;1;1;1;23.087657659;4
7981066;1;1;1;187.35118136;2
7981071;1;1;1;41.878217768;3
7981071;2;1;2;41.878217768;4
7981080;1;1;1;36.661007008;3
7981080;2;1;2;36.661007008;4
7981084;1;1;1;184.76420914;2
7981086;1;1;1;41.878217768;3
7981086;2;1;2;41.878217768;4
7981108;1;1;1;59.727995149;3
7981109;1;1;1;232.72794124;2
7981133;1;1;1;352.53039578;2
7981136;1;1;1;48.834050438;3
7981136;2;1;2;48.834050438;4
7981151;1;1;1;113.84568916;2
7981189;1;1;1;19.691683914;2
7981189;2;1;2;19.691683914;3
7981197;1;1;1;28.884228261;3
7981203;1;1;1;54.851561812;5
7981203;2;1;2;54.851561812;6
7981235;1;1;1;64.626324111;2
7981235;2;1;2;64.626324111;3
7981251;1;1;1;64.692700016;3
7981277;1;1;1;48.674616569;6
7981308;1;1;1;12.622374803;2
7981313;1;1;1;8.1580396182;1
7981317;1;1;1;9.3607454767;2
7981355;1;1;1;205.24146537;2
7981358;1;1;1;83.075886356;4
7981358;2;1;2;83.075886356;5
7981364;1;1;1;8.5504613645;4
7981364;2;1;2;8.5504613645;5
7981393;1;1;1;156.75398175;3
7981393;2;1;2;156.75398175;4
7981409;1;1;1;181.35546285;1
7981409;2;1;2;181.35546285;2
7981431;1;1;1;21.637192638;2
7981431;2;1;2;21.637192638;3
7981459;1;1;1;293.10908204;2
7981460;1;1;1;272.17884641;3
7981460;2;1;2;272.17884641;4
7981461;1;1;1;209.86555266;3
7981465;1;1;1;91.59229078;5
7981465;2;1;2;91.59229078;8
7981473;1;1;1;422.54116325;4
7981473;2;1;2;422.54116325;5
7981473;3;1;3;422.54116325;6
7981492;1;1;1;193.09129562;3
7981499;1;1;1;96.27506389;2
7981523;1;1;1;35.110569774;3
7981547;1;1;1;218.24667792;3
7981580;1;1;1;193.11123488;3
7981580;2;1;2;193.11123488;4
7981581;1;1;1;224.47233367;3
7981619;1;1;1;112.28477936;3
7981654;1;1;1;68.787468952;4
7981682;2;1;2;88.958993999;4
7981682;1;1;1;88.958993999;3
7981744;1;1;1;196.02421836;2
7981754;1;1;1;126.46420091;2
7981756;1;1;1;75.223703381;3
7981762;1;1;1;18.999406377;2
7981766;1;1;1;75.158694481;3
7981766;2;1;2;75.158694481;4
7981766;3;1;3;75.158694481;5
7981791;1;1;1;37.405019065;3
7981792;1;1;1;33.396217002;3
7981794;1;1;1;25.400610307;3
7981795;1;1;1;266.08942367;3
7981795;2;1;2;266.08942367;4
7981800;1;1;1;28.417574461;3
7981800;2;1;2;28.417574461;4
7981801;1;1;1;259.90293873;2
7981809;1;1;1;44.181886589;3
7981809;2;1;2;44.181886589;4
7981809;3;1;3;44.181886589;5
7981815;1;1;1;16.441393649;3
7981818;1;1;1;38.409025708;4
7981823;1;1;1;164.41607781;3
7981823;2;1;2;164.41607781;4
7981823;3;1;3;164.41607781;5
7981823;4;1;4;164.41607781;6
7981829;1;1;1;86.708409757;3
7981829;2;1;2;86.708409757;4
7981846;1;1;1;216.22967006;3
7981846;2;1;2;216.22967006;4
7981850;1;1;1;86.267547622;5
7981850;2;1;2;86.267547622;6
7981856;1;1;1;35.585755029;3
7981871;1;1;1;292.44513218;3
7981871;2;1;2;292.44513218;4
7981875;1;1;1;290.6635253;2
7981875;2;1;2;290.6635253;3
7981945;1;1;1;368.98109421;3
7981946;1;1;1;66.115586179;5
7981954;1;1;1;184.13886996;3
7981959;1;1;1;151.02758556;3
7981959;2;1;2;151.02758556;4
7981963;1;1;1;176.11482863;3
7981987;1;1;1;171.9740709;3
7981991;1;1;1;35.565075309;3
7981991;2;1;2;35.565075309;5
7981994;1;1;1;268.58185577;3
7981997;1;1;1;349.18724441;2
7981997;2;1;2;349.18724441;3
7982007;1;1;1;265.61069669;2
7982045;1;1;1;278.00230687;4
7982045;2;1;2;278.00230687;5
7982050;1;2;1;437.67389257;3
7982058;1;1;1;134.7909616;2
7982058;2;1;2;134.7909616;3
7982065;1;1;1;167.12481602;5
7982069;1;1;1;137.42330389;2
7982069;2;1;2;137.42330389;3
7982069;3;1;3;137.42330389;4
7982070;1;1;1;80.548873781;2
7982084;1;1;1;92.27772832;6
7982099;1;1;1;769.24343584;3
7982099;2;1;2;769.24343584;4
7982104;1;1;1;363.04832841;2
7982104;2;1;2;363.04832841;3
7982105;1;1;1;398.99308979;2
7982105;2;1;2;398.99308979;3
7982105;3;1;3;398.99308979;4
7982124;1;1;1;406.62832999;2
7982124;2;1;2;406.62832999;3
7982124;3;1;3;406.62832999;4
7982130;1;1;1;123.73802376;3
7982142;1;1;1;260.0255124;2
7982160;1;1;1;14.740514425;3
7982160;2;1;2;14.740514425;4
7982161;1;1;1;14.740514425;3
7982178;1;1;1;122.25979671;4
7982178;2;1;2;122.25979671;5
7982178;3;1;3;122.25979671;6
7982203;1;1;1;100.8168798;3
7982203;2;1;2;100.8168798;4
7982228;1;1;1;458.33637531;1
7982242;1;1;1;44.232380148;2
7982275;1;1;1;165.3868344;1
7982275;2;1;2;165.3868344;2
7982277;1;1;1;41.3467086;3
7982293;1;1;1;954.56493485;3
7982293;2;1;2;954.56493485;4
7982297;1;1;1;138.22892127;2
7982325;1;1;1;11.471236895;3
7982363;1;1;1;479.65358549;3
7982363;2;1;2;479.65358549;4
7982379;1;1;1;262.31324569;3
7982379;2;1;2;262.31324569;4
7982382;1;1;1;298.27484667;3
7982382;2;1;2;298.27484667;4
7982410;1;1;1;230.57774768;3
7982418;1;1;1;262.8340595;2
7982425;1;2;1;252.61790683;5
7982427;1;1;1;237.97380677;3
7982428;1;1;1;162.1497892;2
7982435;1;1;1;275.69332333;3
7982435;2;1;2;275.69332333;4
7982438;1;1;1;275.69332333;3
7982438;2;1;2;275.69332333;4
7982463;1;1;1;147.08987308;2
7982465;1;1;1;176.50946644;3
7982465;2;1;2;176.50946644;4
7982465;3;1;3;176.50946644;5
7982478;1;1;1;153.74962381;5
7982483;1;1;1;127.3776386;3
7982483;2;1;2;127.3776386;4
7982484;1;1;1;92.13672664;4
7982495;1;1;1;265.46154221;4
7982502;1;1;1;292.3075217;3
7982503;1;1;1;276.36961596;1
7982511;1;1;1;258.93727415;1
7982511;2;1;2;258.93727415;3
7982514;1;1;1;331.56533455;4
7982514;2;1;2;331.56533455;5
7982532;1;1;1;307.72753911;2
7982540;1;1;1;87.988525561;5
7982553;1;1;1;87.508356343;3
7982553;2;1;2;87.508356343;4
7982559;1;1;1;54.533351921;3
7982560;1;1;1;79.826989778;4
7982562;1;1;1;92.46705481;5
7982573;1;1;1;226.6423209;3
7982634;1;1;1;73.325198916;4
7982642;1;1;1;506.00159883;1
7982650;1;1;1;187.84670866;2
7982653;1;1;1;120.5139771;2
7982653;2;1;2;120.5139771;3
7982661;1;1;1;256.42161796;3
7982683;1;1;1;12.12809731;1
7982687;1;1;1;190.27984819;2
7982687;2;1;2;190.27984819;3
7982695;1;1;1;72.527429084;2
7982695;2;1;2;72.527429084;3
7982721;1;1;1;60.864729741;2
7982721;2;1;2;60.864729741;5
7982721;3;1;3;60.864729741;9
7982729;1;1;1;163.56602562;3
7982729;2;1;2;163.56602562;5
7982729;3;1;3;163.56602562;5
7982730;1;1;1;122.64472614;4
7982730;2;1;2;122.64472614;5
7982748;1;1;1;33.623960092;3
7982762;1;1;1;71.590242326;4
7982830;1;1;1;70.059299782;3
7982830;2;1;2;70.059299782;4
7982837;1;1;1;36.045669545;3
7982891;1;1;1;140.63581004;4
7982905;1;1;1;94.829665161;4
7982945;1;1;1;63.761602338;5
7982956;1;1;1;15.517414587;3
7982965;1;1;1;240.752332;1
7982968;1;1;1;65.025311929;3
7982968;2;1;2;65.025311929;4
7982976;1;1;1;85.701736206;3
7982976;2;1;2;85.701736206;4
7982979;1;1;1;166.40125933;2
7982999;1;1;1;102.43501044;3
7982999;2;1;2;102.43501044;4
7982999;3;1;3;102.43501044;5
7983019;1;1;1;326.15063259;4
7983020;1;1;1;145.0288551;2
7983024;1;1;1;201.13586387;3
7983038;1;1;1;87.830596623;4
7983045;1;1;1;101.20216508;3
7983064;1;1;1;61.378297467;3
7983072;1;1;1;27.431725089;2
7983073;1;1;1;52.878923113;3
7983073;2;1;2;52.878923113;4
7983073;3;1;3;52.878923113;5
7983080;1;1;1;98.773351197;3
7983082;1;1;1;81.255509699;3
7983095;1;1;1;112.55824014;3
7983095;2;1;2;112.55824014;5
7983108;1;1;1;507.59242519;3
7983118;1;1;1;161.19943664;3
7983126;3;1;3;43.032880276;4
7983126;1;1;1;43.032880276;2
7983126;2;1;2;43.032880276;3
7983132;1;1;1;263.51419669;3
7983134;1;1;1;101.14758481;3
7983134;2;1;2;101.14758481;4
7983134;3;1;3;101.14758481;5
7983139;1;1;1;684.84330776;3
7983167;1;1;1;280.03215613;3
7983176;1;1;1;133.90621414;4
7983179;1;1;1;95.719032992;2
7983180;1;1;1;106.67049276;4
7983197;1;1;1;63.787683842;3
7983197;2;1;2;63.787683842;4
7983197;3;1;3;63.787683842;5
7983202;1;1;1;54.530600638;3
7983202;2;1;2;54.530600638;4
7983204;1;1;1;55.841339534;4
7983204;2;1;2;55.841339534;5
7983204;3;1;3;55.841339534;6
7983214;1;1;1;223.57776946;2
7983214;2;1;2;223.57776946;3
7983215;1;1;1;268.05519031;3
7983215;2;1;2;268.05519031;4
7983221;1;1;1;90.746433599;3
7983234;1;1;1;226.70271498;3
7983234;2;1;2;226.70271498;4
7983235;1;1;1;247.25434033;4
7983275;1;1;1;214.90021903;3
7983278;1;1;1;111.48959874;2
7983279;1;1;1;163.75182025;4
7983300;1;1;1;181.74697206;2
7983302;1;1;1;216.15098193;2
7983313;1;1;1;171.60163236;2
7983315;1;1;1;145.25551486;3
7983335;1;1;1;294.52824541;3
7983335;2;1;2;294.52824541;4
7983337;1;1;1;137.35654925;3
7983337;2;1;2;137.35654925;4
7983338;1;1;1;160.47392236;2
7983341;1;1;1;266.61878395;2
7983345;1;1;1;122.0907781;2
7983349;1;1;1;122.0907781;2
7983355;1;1;1;139.17119979;4
7983356;1;1;1;258.6149615;4
7983379;1;1;1;125.50724245;2
7983381;1;1;1;165.64406093;2
7983387;1;1;1;114.88998865;3
7983387;2;1;2;114.88998865;4
7983391;1;1;1;972.26284087;2
7983405;1;1;1;134.72696396;2
7983435;1;1;1;139.24369978;3
7983439;1;1;1;91.92330757;4
7983445;1;1;1;289.31424011;3
7983457;1;1;1;86.937499485;8
7983457;2;1;2;86.937499485;9
7983458;1;1;1;695.69472739;3
7983458;2;1;2;695.69472739;4
7983459;1;1;1;412.53989701;2
7983460;1;1;1;285.0940034;4
7983464;1;1;1;208.27080214;3
7983468;1;1;1;291.75851818;3
7983473;1;1;1;88.846102608;3
7983473;2;1;2;88.846102608;4
7983475;1;1;1;214.64391118;3
7983476;1;1;1;294.83330428;2
7983476;2;1;2;294.83330428;3
7983477;1;1;1;127.0428825;3
7983477;2;1;2;127.0428825;4
7983479;1;1;1;184.37350931;2
7983479;2;1;2;184.37350931;3
7983491;1;1;1;118.77606654;3
7983518;1;1;1;238.51542473;3
7983518;2;1;2;238.51542473;4
7983538;1;1;1;377.61394165;3
7983538;2;1;2;377.61394165;4
7983538;3;1;3;377.61394165;5
7983546;1;1;1;82.302302656;3
7983546;2;1;2;82.302302656;4
7983554;1;1;1;125.87909211;1
7983587;1;1;1;203.35487117;3
7983646;1;1;1;71.438173104;2
7983646;2;1;2;71.438173104;3
7983647;1;1;1;15.363293983;5
7983647;2;1;2;15.363293983;6
7983677;1;1;1;137.04291313;3
7983677;2;1;2;137.04291313;4
7983689;1;1;1;135.37186299;2
7983692;1;1;1;91.407912581;3
7983692;2;1;2;91.407912581;4
7983692;3;1;3;91.407912581;5
7983694;1;1;1;535.43237486;6
7983700;1;1;1;252.12675599;3
7983700;2;1;2;252.12675599;4
7983711;1;1;1;148.98237057;2
7983714;1;1;1;229.5694528;1
7983726;1;1;1;136.60528164;5
7983726;2;1;2;136.60528164;6
7983726;3;1;3;136.60528164;7
7983743;1;1;1;63.153803399;5
7983743;2;1;2;63.153803399;6
7983747;1;1;1;80.474345048;2
7983769;1;1;1;140.74817818;1
7983771;1;1;1;154.12895769;3
7983776;1;1;1;127.23331525;3
7983776;2;1;2;127.23331525;5
7983860;1;1;1;275.87734644;3
7983864;1;1;1;338.69012218;3
7983900;1;1;1;141.02789658;2
7983900;2;1;2;141.02789658;3
7983901;1;1;1;101.17355295;2
7983922;1;1;1;116.0416261;4
7983923;1;1;1;119.65582974;2
7983924;1;1;1;122.14230255;4
7983924;2;1;2;122.14230255;5
7983926;1;1;1;57.206650386;3
7983926;2;1;2;57.206650386;4
7983926;3;1;3;57.206650386;5
7983930;1;1;1;90.671659772;2
7983930;2;1;2;90.671659772;3
7983947;1;1;1;53.9817587;3
7983948;1;1;1;139.41206035;4
7983948;2;1;2;139.41206035;5
7983952;3;1;3;46.112949274;4
7983952;1;1;1;46.112949274;2
7983952;2;1;2;46.112949274;3
7983956;1;1;1;131.65887026;3
7983956;2;1;2;131.65887026;4
7983956;3;1;3;131.65887026;5
7983964;1;1;1;261.05711542;3
7983970;1;1;1;391.21353355;3
7983984;1;1;1;114.52980654;3
7983984;2;1;2;114.52980654;4
7983987;1;1;1;96.485876226;2
7983987;2;1;2;96.485876226;3
7984007;1;1;1;18.507723744;3
7984007;2;1;2;18.507723744;4
7984015;2;1;2;130.00937272;4
7984015;1;1;1;130.00937272;3
7984015;3;1;3;130.00937272;5
7984022;1;1;1;107.20652914;2
7984022;2;1;2;107.20652914;3
7984030;1;1;1;259.43417806;3
7984030;2;1;2;259.43417806;4
7984030;3;1;3;259.43417806;5
7984050;1;1;1;191.69977761;3
7984050;2;1;2;191.69977761;4
7984050;3;1;3;191.69977761;5
7984103;1;1;1;298.82911286;5
7984156;1;1;1;132.93778786;3
7984165;1;1;1;107.24600764;2
7984165;2;1;2;107.24600764;3
7984177;1;1;1;323.73526496;5
7984177;2;1;2;323.73526496;6
7984183;1;1;1;220.98788919;3
7984183;2;1;2;220.98788919;4
7984197;1;1;1;171.09683531;2
7984197;2;1;2;171.09683531;3
7984197;3;1;3;171.09683531;4
7984200;1;1;1;277.86004373;1
7984211;1;1;1;315.60551509;1
7984265;1;1;1;81.262832816;2
7984265;2;1;2;81.262832816;3
7984284;1;1;1;106.35494191;3
7984284;2;1;2;106.35494191;4
7984294;1;1;1;250.03750405;1
7984322;1;1;1;156.89802055;2
7984329;1;1;1;75.479934567;4
7984329;2;1;2;75.479934567;5
7984369;1;1;1;109.35696124;3
7984387;1;1;1;46.09221299;3
7984423;1;1;1;52.033867438;2
7984423;2;1;2;52.033867438;3
7984452;1;1;1;79.109443943;3
7984460;1;1;1;241.96727274;4
7984516;1;1;1;238.57145997;3
7984516;2;1;2;238.57145997;4
7984520;1;1;1;255.58158741;4
7984529;1;1;1;180.04770515;3
7984537;1;1;1;251.73541557;3
7984646;1;1;1;83.626265897;2
7984651;1;1;1;196.54088305;6
7984651;2;1;2;196.54088305;7
7984651;3;1;3;196.54088305;8
7984651;4;1;4;196.54088305;9
7984657;1;1;1;197.41647791;3
7984657;2;1;2;197.41647791;4
7984657;3;1;3;197.41647791;5
7984665;1;1;1;370.52529285;2
7984669;1;1;1;253.83642853;2
7984679;1;1;1;217.53733392;3
7984695;1;1;1;125.18736413;3
7984703;1;1;1;40.414422738;4
7984707;1;1;1;101.11682892;4
7984737;1;1;1;211.51842348;6
7984737;2;1;2;211.51842348;7
7984763;1;1;1;7.2011079941;2
7984763;2;1;2;7.2011079941;3
7984797;1;1;1;81.582845254;4
7984804;1;1;1;70.566506473;3
7984804;2;1;2;70.566506473;4
7984804;3;1;3;70.566506473;0
7984929;1;1;1;199.01947146;2
7984985;1;1;1;160.08007377;3
7984992;1;1;1;203.13304149;6
7984993;1;1;1;320.19135705;3
7985005;1;1;1;38.816232151;3
7985053;1;1;1;230.61589354;4
7985058;1;1;1;191.17989251;3
7985058;2;1;2;191.17989251;4
7985064;1;1;1;145.74771532;3
7985067;1;1;1;231.19600828;3
7985067;2;1;2;231.19600828;5
7985071;1;1;1;228.52883529;4
7985071;2;1;2;228.52883529;5
7985071;3;1;3;228.52883529;6
7985072;1;1;1;237.21056449;5
7985093;1;1;1;450.20386979;3
7985094;1;1;1;137.1791699;3
7985097;1;1;1;200.97031515;5
7985116;1;1;1;208.12699505;6
7985116;2;1;2;208.12699505;7
7985116;3;1;3;208.12699505;8
7985124;1;1;1;182.73986294;7
7985128;1;1;1;386.61042504;1
7985144;1;1;1;176.39168707;1
7985162;1;1;1;176.39168707;1
7985197;1;1;1;174.7000101;2
7985197;2;1;2;174.7000101;3
7985206;1;1;1;150.78965139;3
7985206;2;1;2;150.78965139;4
7985252;1;1;1;343.80309058;3
7985273;1;1;1;32.848369279;3
7985273;2;1;2;32.848369279;4
7985273;3;1;3;32.848369279;5
7985288;1;1;1;73.932378523;3
7985291;1;1;1;361.6420754;1
7985312;1;1;1;7.8015695116;3
7985346;1;1;1;906.15185968;2
7985365;1;1;1;180.54510241;2
7985371;1;1;1;121.92461458;3
7985371;2;1;2;121.92461458;4
7985374;1;1;1;129.42628091;2
7985374;2;1;2;129.42628091;3
7985377;1;1;1;118.88710709;2
7985377;2;1;2;118.88710709;3
7985419;1;1;1;56.231958853;3
7985419;2;1;2;56.231958853;4
7985422;1;1;1;30.113499027;3
7985422;2;1;2;30.113499027;4
7985422;3;1;3;30.113499027;5
7985433;1;1;1;56.231958853;4
7985459;1;1;1;396.63437505;4
7985459;2;1;2;396.63437505;5
7985460;1;1;1;487.37667343;5
7985460;2;1;2;487.37667343;6
7985461;1;1;1;77.696958872;2
7985465;1;1;1;502.00304303;3
7985476;1;1;1;298.12668862;3
7985537;1;1;1;91.908513184;3
7985544;1;1;1;230.92435722;4
7985544;2;1;2;230.92435722;5
7985561;1;1;1;158.73749114;3
7985563;1;1;1;202.43174283;2
7985568;1;1;1;178.91781007;3
7985577;1;1;1;175.00555064;2
7985577;2;1;2;175.00555064;3
7985585;1;1;1;600.57589626;3
7985585;2;1;2;600.57589626;4
7985586;1;1;1;178.99391289;2
7985586;2;1;2;178.99391289;3
7985597;1;1;1;377.93493261;3
7985597;2;1;2;377.93493261;4
7985607;1;1;1;147.71268092;5
7985612;1;1;1;202.52749965;3
7985612;2;1;2;202.52749965;4
7985612;3;1;3;202.52749965;5
7985624;1;1;1;229.38700627;3
7985625;1;1;1;156.38062007;3
7985630;1;1;1;163.96380331;4
7985634;1;1;1;485.01755957;1
7985636;1;1;1;56.219194821;2
7985636;2;1;2;56.219194821;3
7985644;1;1;1;472.87921309;4
7985654;1;1;1;56.219194821;3
7985666;1;1;1;194.36094822;4
7985677;1;1;1;55.811190011;3
7985681;1;1;1;264.51353131;3
7985681;2;1;2;264.51353131;4
7985681;3;1;3;264.51353131;5
7985681;4;1;4;264.51353131;6
7985681;5;1;5;264.51353131;7
7985682;1;1;1;153.81710684;4
7985683;1;1;1;185.72027933;4
7985683;2;1;2;185.72027933;5
7985684;1;1;1;145.21102695;2
7985684;2;1;2;145.21102695;3
7985690;1;1;1;157.45900115;3
7985725;1;1;1;254.34939306;2
7985725;2;1;2;254.34939306;3
7985727;1;1;1;90.538177123;4
7985728;1;1;1;127.20885218;3
7985728;2;1;2;127.20885218;4
7985728;3;1;3;127.20885218;5
7985731;1;1;1;91.22546369;2
7985731;2;1;2;91.22546369;3
7985755;1;1;1;362.11713917;3
7985755;2;1;2;362.11713917;4
7985755;3;1;3;362.11713917;5
7985763;1;1;1;299.74208013;3
7985763;2;1;2;299.74208013;4
7985772;1;1;1;73.501501942;2
7985772;2;1;2;73.501501942;3
7985779;1;1;1;162.67529559;2
7985779;2;1;2;162.67529559;3
7985792;1;1;1;278.5515484;2
7985803;1;1;1;163.96288855;3
7985803;2;1;2;163.96288855;4
7985857;1;1;1;53.81413606;2
7985864;1;1;1;293.33971294;2
7985878;1;1;1;42.141904579;2
7985878;2;1;2;42.141904579;3
7985886;1;1;1;448.33607893;6
7985887;1;1;1;355.4903699;2
7985890;1;1;1;24.98032659;4
7985890;2;1;2;24.98032659;4
7985912;1;1;1;262.96109818;5
7985953;1;1;1;215.32877607;3
7985953;2;1;2;215.32877607;4
7985954;1;1;1;40.888389814;2
7985986;1;1;1;358.64240451;4
7986003;1;1;1;431.57296705;3
7986005;1;1;1;92.043618174;3
7986041;1;1;1;96.939782296;2
7986047;1;1;1;84.139034541;3
7986047;2;1;2;84.139034541;4
7986059;1;1;1;135.99022891;5
7986066;1;1;1;98.574218249;3
7986066;2;1;2;98.574218249;4
7986073;1;1;1;64.92719267;2
7986073;2;1;2;64.92719267;3
7986074;1;1;1;53.06361222;2
7986074;2;1;2;53.06361222;3
7986104;1;1;1;10.801661991;3
7986112;1;1;1;30.322909789;2
7986122;1;1;1;289.41815209;3
7986122;2;1;2;289.41815209;4
7986122;3;1;3;289.41815209;5
7986137;1;1;1;162.6072555;3
7986141;1;1;1;64.090397278;4
7986149;1;1;1;219.18704729;2
7986161;1;1;1;334.79166992;3
7986161;2;1;2;334.79166992;4
7986170;1;1;1;331.56533455;3
7986170;2;1;2;331.56533455;4
7986170;3;1;3;331.56533455;5
7986173;1;1;1;250.16033925;3
7986186;1;1;1;42.560762327;3
7986186;2;1;2;42.560762327;4
7986202;1;1;1;9.3205186184;3
7986203;1;1;1;205.32220175;6
7986204;1;1;1;71.269786176;3
7986222;1;1;1;23.918435002;2
7986223;1;1;1;42.281581901;3
7986223;2;1;2;42.281581901;4
7986240;1;1;1;35.174092713;3
7986240;2;1;2;35.174092713;4
7986246;1;1;1;72.116153479;3
7986291;1;1;1;20.710924516;2
7986291;2;1;2;20.710924516;3
7986306;1;1;1;29.535405775;3
7986318;1;1;1;201.67085937;4
7986337;1;1;1;203.84819742;3
7986337;2;1;2;203.84819742;4
7986338;1;1;1;128.22627314;3
7986338;2;1;2;128.22627314;4
7986341;1;1;1;63.589936928;3
7986343;1;1;1;16.228244791;1
7986363;1;1;1;40.651813875;2
7986370;1;1;1;74.222936165;4
7986370;2;1;2;74.222936165;5
7986374;1;1;1;150.37082783;4
7986379;1;1;1;36.275153676;2
7986386;1;1;1;22.162385535;3
7986386;2;1;2;22.162385535;4
7986396;1;1;1;19.868327617;3
7986396;2;1;2;19.868327617;4
7986403;1;1;1;86.241715129;2
7986411;1;1;1;136.6683727;6
7986411;2;1;2;136.6683727;7
7986428;1;1;1;35.978130738;3
7986428;2;1;2;35.978130738;4
7986439;1;1;1;73.404235118;3
7986439;2;1;2;73.404235118;4
7986439;3;1;3;73.404235118;5
7986439;4;1;4;73.404235118;6
7986443;1;1;1;32.857592896;2
7986444;1;1;1;166.4369774;2
7986444;2;1;2;166.4369774;3
7986459;1;1;1;23.785337315;3
7986464;1;1;1;73.404235118;4
7986464;2;1;2;73.404235118;9
7986464;3;1;3;73.404235118;10
7986483;1;1;1;151.68757978;3
7986499;1;1;1;679.90613917;2
7986499;2;1;2;679.90613917;3
7986504;1;1;1;58.934899698;3
7986504;2;1;2;58.934899698;4
7986552;1;1;1;309.3818156;4
7986552;2;1;2;309.3818156;5
7986554;1;1;1;28.099880225;4
7986554;2;1;2;28.099880225;5
7986554;3;1;3;28.099880225;6
7986567;1;1;1;467.75160954;5
7986567;2;1;2;467.75160954;6
7986577;1;1;1;323.0586261;5
7986577;2;1;2;323.0586261;6
7986600;1;1;1;72.355593251;3
7986602;1;1;1;94.068913991;2
7986612;1;1;1;40.651813875;2
7986621;1;1;1;118.01735609;4
7986621;2;1;2;118.01735609;5
7986622;1;1;1;50.117597285;3
7986633;1;1;1;40.651813875;3
7986641;1;1;1;79.797723953;2
7986642;1;1;1;223.62052967;2
7986645;1;1;1;60.227115114;3
7986645;2;1;2;60.227115114;4
7986658;1;1;1;146.22503122;3
7986664;1;1;1;121.50195546;3
7986691;1;1;1;146.11797214;5
7986691;2;1;2;146.11797214;7
7986691;3;1;3;146.11797214;8
7986708;1;1;1;9.9072821717;4
7986724;1;1;1;80.0157551;3
7986730;1;1;1;67.028609338;4
7986739;1;1;1;104.49360394;5
7986741;1;1;1;72.758505606;2
7986758;1;1;1;67.80876323;4
7986771;1;1;1;264.04214279;3
7986771;2;1;2;264.04214279;4
7986797;1;1;1;58.704555981;3
7986797;2;1;2;58.704555981;4
7986801;1;1;1;68.729620656;3
7986801;2;1;2;68.729620656;4
7986810;1;1;1;22.45644969;2
7986810;2;1;2;22.45644969;3
7986811;1;1;1;16.952190808;2
7986832;1;1;1;65.190930808;2
7986832;2;1;2;65.190930808;3
7986832;3;1;3;65.190930808;4
7986837;1;1;1;86.166338024;3
7986837;2;1;2;86.166338024;4
7986854;1;1;1;162.6072555;2
7986880;1;1;1;170.52555168;2
7986887;1;1;1;103.01775473;2
7986887;2;1;2;103.01775473;3
7986887;3;1;3;103.01775473;4
7986927;1;1;1;74.081387526;1
7986956;1;1;1;224.91978174;3
7986968;1;1;1;154.25987561;2
7986970;1;1;1;259.78107383;3
7986970;2;1;2;259.78107383;4
7986984;1;1;1;403.09787351;3
7986984;2;1;2;403.09787351;4
7987021;1;1;1;86.75281778;4
7987021;2;1;2;86.75281778;5
7987021;3;1;3;86.75281778;6
7987048;1;1;1;502.08217643;3
7987059;1;1;1;99.058079438;2
7987059;2;1;2;99.058079438;3
7987060;1;1;1;67.112934195;5
7987063;1;1;1;458.91142335;4
7987063;2;1;2;458.91142335;5
7987067;1;1;1;223.07501364;3
7987067;2;1;2;223.07501364;4
7987070;1;1;1;117.37267599;2
7987070;2;1;2;117.37267599;3
7987070;3;1;3;117.37267599;4
7987086;1;1;1;302.89178084;3
7987092;1;1;1;76.811135176;1
7987095;1;1;1;761.93343875;4
7987124;1;1;1;255.55649935;3
7987124;2;1;2;255.55649935;4
7987126;1;1;1;23.090407009;1
7987141;1;1;1;215.34744492;2
7987189;1;1;1;19.221735153;2
7987189;2;1;2;19.221735153;3
7987189;3;1;3;19.221735153;4
7987189;4;1;4;19.221735153;5
7987191;1;1;1;27.554731889;3
7987191;2;1;2;27.554731889;4
7987194;1;1;1;61.512765712;2
7987217;1;1;1;18.764505622;3
7987281;1;1;1;14.56457376;3
7987293;1;1;1;213.45625236;3
7987307;1;1;1;177.40204212;3
7987351;1;1;1;8.7700177605;3
7987351;2;1;2;8.7700177605;4
7987351;3;1;3;8.7700177605;5
7987363;1;1;1;8.7700177605;2
7987371;1;1;1;214.62414467;1
7987372;1;1;1;3.2767099325;2
7987386;1;1;1;183.62277131;6
7987386;2;1;2;183.62277131;7
7987438;1;1;1;104.85992457;2
7987438;2;1;2;104.85992457;3
7987446;1;1;1;594.02088357;3
7987446;2;1;2;594.02088357;4
7987463;1;1;1;452.14107919;3
7987465;1;1;1;101.47690518;3
7987483;1;1;1;3.2767099325;3
7987486;1;1;1;101.47690518;3
7987500;1;1;1;117.32133694;3
7987500;2;1;2;117.32133694;4
7987500;3;1;3;117.32133694;5
7987511;1;1;1;3.2767099325;3
7987514;1;1;1;3.2767099325;3
7987514;2;1;2;3.2767099325;4
7987515;1;1;1;101.16711084;3
7987519;1;1;1;260.55352906;5
7987525;1;1;1;627.29869969;5
7987525;2;1;2;627.29869969;6
7987536;1;1;1;7.4046153905;2
7987536;2;1;2;7.4046153905;4
7987537;1;1;1;127.77769911;3
7987540;1;1;1;101.3749236;2
7987540;2;1;2;101.3749236;3
7987540;3;1;3;101.3749236;4
7987547;1;1;1;457.56567328;3
7987547;2;1;2;457.56567328;4
7987547;3;1;3;457.56567328;5
7987555;1;1;1;282.40648519;2
7987555;2;1;2;282.40648519;3
7987565;1;1;1;232.56787802;2
7987566;1;1;1;449.6592588;2
7987566;2;1;2;449.6592588;3
7987566;3;1;3;449.6592588;4
7987574;1;1;1;269.93876962;4
7987581;1;1;1;1535.6730816;3
7987581;2;1;2;1535.6730816;4
7987590;1;1;1;16.385841192;3
7987590;2;1;2;16.385841192;4
7987590;3;1;3;16.385841192;5
7987611;1;1;1;122.54414838;3
7987611;2;1;2;122.54414838;4
7987611;3;1;3;122.54414838;5
7987616;1;1;1;3.2767099325;2
7987616;2;1;2;3.2767099325;3
7987617;1;1;1;126.75086414;3
7987617;2;1;2;126.75086414;4
7987617;3;1;3;126.75086414;5
7987621;1;1;1;139.80062123;5
7987628;1;1;1;443.23838941;2
7987628;2;1;2;443.23838941;3
7987650;1;1;1;78.139546606;4
7987707;1;1;1;336.91032938;3
7987707;2;1;2;336.91032938;4
7987707;3;1;3;336.91032938;5
7987710;1;1;1;304.21577904;3
7987710;2;1;2;304.21577904;4
7987718;1;1;1;812.8678848;4
7987718;2;1;2;812.8678848;5
7987742;1;1;1;208.52470671;3
7987760;1;1;1;63.993288577;3
7987763;1;2;1;322.30688316;3
7987765;1;1;1;149.27053512;2
7987778;1;1;1;20.104616911;3
7987778;2;1;2;20.104616911;4
7987784;1;1;1;101.02746371;4
7987784;2;1;2;101.02746371;3
7987784;3;1;3;101.02746371;5
7987795;1;1;1;23.021481985;4
7987795;2;1;2;23.021481985;5
7987795;3;1;3;23.021481985;6
7987811;1;1;1;3.2767099325;2
7987811;2;1;2;3.2767099325;3
7987811;3;1;3;3.2767099325;4
7987822;1;1;1;333.9474198;3
7987826;1;1;1;422.78172844;3
7987841;1;1;1;69.797451562;3
7987841;2;1;2;69.797451562;5
7987841;3;1;3;69.797451562;6
7987849;1;1;1;5.0258087707;2
7987864;1;1;1;208.52470671;3
7987867;1;1;1;243.08720605;4
7987867;2;1;2;243.08720605;5
7987868;1;1;1;314.94283397;4
7987888;1;1;1;148.04523168;3
7987888;2;1;2;148.04523168;4
7987888;3;1;3;148.04523168;4
7987890;1;1;1;288.6541068;3
7987890;2;1;2;288.6541068;4
7987891;1;1;1;36.688404026;5
7987925;1;1;1;342.33602987;3
7987925;2;1;2;342.33602987;4
7987929;1;1;1;492.02542387;3
7987930;1;1;1;148.36597741;3
7987930;2;1;2;148.36597741;4
7987964;1;1;1;36.688404026;3
7987964;2;1;2;36.688404026;4
7987967;1;2;1;306.09226239;4
7987978;1;1;1;9.5612947346;3
7987998;1;1;1;167.47846998;3
7988003;1;1;1;166.94709063;3
7988013;1;1;1;88.396195778;2
7988020;1;1;1;12.258070173;3
7988025;1;1;1;474.5154499;3
7988025;2;1;2;474.5154499;4
7988033;1;1;1;5.3489760753;3
7988053;1;1;1;151.61993815;4
7988056;1;1;1;192.31517039;3
7988056;2;1;2;192.31517039;4
7988059;1;1;1;182.95064227;3
7988070;1;1;1;262.81505263;4
7988070;2;1;2;262.81505263;5
7988075;1;1;1;77.417667165;3
7988093;1;1;1;112.93677027;4
7988103;1;1;1;282.4905481;2
7988115;1;1;1;435.4310277;3
7988115;2;1;2;435.4310277;4
7988117;1;1;1;427.57529436;4
7988117;2;1;2;427.57529436;5
7988133;1;1;1;5.3489760753;3
7988133;2;1;2;5.3489760753;4
7988148;1;1;1;12.258070173;3
7988148;2;1;2;12.258070173;4
7988174;1;1;1;70.664585713;3
7988174;2;1;2;70.664585713;4
7988189;1;1;1;12.291345595;3
7988189;2;1;2;12.291345595;4
7988189;3;1;3;12.291345595;5
7988190;1;1;1;201.80925846;3
7988190;2;1;2;201.80925846;4
7988194;1;1;1;73.349288867;3
7988194;2;1;2;73.349288867;3
7988194;3;1;3;73.349288867;5
7988202;1;1;1;12.258070173;3
7988217;1;1;1;128.17621698;3
7988217;2;1;2;128.17621698;4
7988217;3;1;3;128.17621698;5
7988222;1;1;1;89.48391226;3
7988222;2;1;2;89.48391226;4
7988222;3;1;3;89.48391226;5
7988225;1;1;1;106.52590267;2
7988225;2;1;2;106.52590267;3
7988230;1;1;1;78.511073482;4
7988275;1;2;1;715.87120488;3
7988291;1;1;1;233.74729025;3
7988291;2;1;2;233.74729025;4
7988292;1;1;1;5.3489760753;4
7988298;1;1;1;98.873211878;3
7988298;2;1;2;98.873211878;4
7988304;1;1;1;266.36716443;2
7988307;1;1;1;99.722114653;3
7988307;2;1;2;99.722114653;4
7988321;1;1;1;101.92997046;2
7988321;2;1;2;101.92997046;3
7988346;1;1;1;131.67108829;3
7988346;2;1;2;131.67108829;4
7988346;3;1;3;131.67108829;5
7988346;4;1;4;131.67108829;6
7988360;1;1;1;135.31322225;2
7988371;1;1;1;145.26309051;3
7988371;2;1;2;145.26309051;4
7988383;1;1;1;41.031133243;2
7988395;1;1;1;287.97070193;3
7988431;1;1;1;6.7664547352;3
7988431;2;1;2;6.7664547352;4
7988464;1;1;1;9.9859182107;3
7988474;1;1;1;105.70696911;3
7988474;2;1;2;105.70696911;4
7988483;1;1;1;109.34054585;3
7988483;2;1;2;109.34054585;4
7988484;1;1;1;438.43046185;2
7988492;1;1;1;94.399240131;3
7988494;1;1;1;6.9105152332;3
7988498;1;1;1;23.126591232;3
7988498;2;1;2;23.126591232;4
7988499;1;1;1;88.064692765;3
7988508;1;1;1;100.74636242;3
7988508;2;1;2;100.74636242;4
7988508;3;1;3;100.74636242;5
7988534;1;1;1;88.488421148;2
7988534;2;1;2;88.488421148;3
7988546;1;1;1;71.705124127;2
7988546;2;1;2;71.705124127;3
7988574;1;1;1;324.61075559;2
7988574;2;1;2;324.61075559;3
7988577;1;1;1;96.65540905;2
7988581;1;1;1;6.7664547352;4
7988588;1;1;1;125.57841036;4
7988588;2;1;2;125.57841036;5
7988609;1;1;1;550.38069701;6
7988615;1;1;1;358.40008697;4
7988620;1;1;1;345.60216549;3
7988620;2;1;2;345.60216549;4
7988636;1;1;1;88.059656728;2
7988644;1;1;1;133.86274563;3
7988645;1;1;1;106.89382359;3
7988653;1;1;1;77.003270234;4
7988659;1;1;1;195.69783067;3
7988671;1;1;1;15.891587178;2
7988672;1;1;1;6.7664547352;3
7988672;2;1;2;6.7664547352;5
7988677;1;1;1;68.70295872;2
7988687;1;1;1;127.708395;3
7988687;2;1;2;127.708395;2
7988687;3;1;3;127.708395;1
7988688;1;1;1;89.769495436;2
7988688;2;1;2;89.769495436;4
7988698;1;1;1;6.7664547352;3
7988714;1;1;1;315.90995472;4
7988714;2;1;2;315.90995472;5
7988732;1;1;1;328.27692794;3
7988749;1;1;1;366.14286134;3
7988755;1;1;1;59.60757457;2
7988770;1;1;1;128.20712957;3
7988777;1;1;1;28.83011488;1
7988786;1;1;1;208.52470671;3
7988787;1;1;1;21.658535928;1
7988787;2;1;2;21.658535928;2
7988788;1;1;1;36.820810523;3
7988788;2;1;2;36.820810523;4
7988821;1;1;1;195.16898974;3
7988821;2;1;2;195.16898974;4
7988821;3;1;3;195.16898974;5
7988833;1;1;1;23.738602921;3
7988844;1;1;1;329.53492006;2
7988900;1;1;1;242.95864929;4
7988906;1;1;1;5.8838736828;3
7988906;2;1;2;5.8838736828;4
7988911;1;1;1;118.06493718;4
7988911;2;1;2;118.06493718;5
7988911;3;1;3;118.06493718;6
7988929;1;1;1;872.17472755;1
7988931;1;1;1;743.97523322;3
7988939;1;1;1;114.74929857;3
7988939;2;1;2;114.74929857;4
7988939;3;1;3;114.74929857;5
7988940;1;1;1;24.87785484;3
7988940;2;1;2;24.87785484;4
7988942;1;1;1;6.2194637099;3
7988946;1;1;1;20.290607471;3
7988962;1;1;1;24.87785484;2
7988962;2;1;2;24.87785484;3
7988962;3;1;3;24.87785484;4
7989035;1;1;1;249.66847418;2
7989038;1;1;1;96.133294265;3
7989038;2;1;2;96.133294265;4
7989040;1;1;1;100.01520594;2
7989040;2;1;2;100.01520594;3
7989042;1;1;1;13.450379204;3
7989047;1;1;1;180.79921506;2
7989061;1;1;1;44.957690895;3
7989061;2;1;2;44.957690895;4
7989061;3;1;3;44.957690895;5
7989072;1;1;1;106.12015815;3
7989075;1;1;1;197.84090386;3
7989075;2;1;2;197.84090386;4
7989086;1;1;1;43.762196255;2
7989086;2;1;2;43.762196255;3
7989086;3;1;3;43.762196255;4
7989098;1;1;1;168.5233717;1
7989099;1;1;1;427.57529436;4
7989099;2;1;2;427.57529436;5
7989099;3;1;3;427.57529436;6
7989101;1;1;1;142.25656874;1
7989124;1;1;1;76.049885923;3
7989136;1;1;1;55.259996653;3
7989138;1;1;1;288.33115398;2
7989153;1;1;1;617.17846118;3
7989153;2;1;2;617.17846118;4
7989167;1;1;1;34.218713098;2
7989168;1;1;1;168.86012684;2
7989172;1;1;1;54.081467588;3
7989172;2;1;2;54.081467588;4
7989188;1;1;1;1710.9843673;2
7989188;2;1;2;1710.9843673;3
7989205;2;1;2;182.95064227;3
7989205;1;1;1;182.95064227;2
7989219;1;1;1;176.06667602;3
7989219;2;1;2;176.06667602;4
7989223;1;1;1;191.99598886;3
7989223;2;1;2;191.99598886;4
7989230;1;1;1;176.06667602;4
7989236;1;1;1;544.92024394;2
7989236;2;1;2;544.92024394;3
7989237;1;1;1;167.10820632;3
7989245;1;1;1;77.20578149;3
7989246;1;1;1;69.129201557;3
7989251;1;1;1;121.42556805;6
7989271;1;1;1;88.189775616;1
7989271;2;1;2;88.189775616;2
7989285;1;1;1;191.74958549;2
7989297;1;1;1;123.66297381;4
7989297;2;1;2;123.66297381;5
7989306;1;1;1;124.16602463;2
7989306;2;1;2;124.16602463;3
7989306;3;1;3;124.16602463;4
7989310;1;1;1;645.7059912;2
7989329;1;1;1;63.541773583;3
7989391;1;1;1;16.711243688;3
7989468;1;1;1;70.075936326;3
7989470;1;1;1;104.4559393;1
7989505;1;1;1;137.5693042;2
7989505;2;1;2;137.5693042;3
7989505;3;1;3;137.5693042;4
7989506;1;1;1;245.20092006;3
7989506;2;1;2;245.20092006;4
7989517;1;1;1;217.01284113;3
7989532;1;1;1;131.71872034;4
7989559;1;1;1;36.21120029;1
7989568;1;1;1;19.364394802;3
7989582;1;1;1;32.915160114;2
7989586;1;1;1;395.80589467;3
7989586;2;1;2;395.80589467;4
7989603;1;1;1;81.987578375;9
7989603;2;1;2;81.987578375;10
7989612;1;1;1;4.5367925113;3
7989667;1;1;1;35.784965807;2
7989669;1;1;1;14.773974243;3
7989675;1;1;1;17.841558624;2
7989684;1;1;1;30.923387952;4
7989706;1;1;1;106.15389477;3
7989706;2;1;2;106.15389477;4
7989706;3;1;3;106.15389477;5
7989707;1;1;1;153.75815806;1
7989708;1;1;1;94.97405667;2
7989708;2;1;2;94.97405667;3
7989714;1;1;1;118.59660635;2
7989714;2;1;2;118.59660635;3
7989714;3;1;3;118.59660635;4
7989716;1;1;1;118.5041952;2
7989717;1;1;1;250.03935733;3
7989717;2;1;2;250.03935733;4
7989725;1;1;1;31.288853361;2
7989726;1;1;1;236.75715487;5
7989731;1;1;1;243.01134055;3
7989733;1;1;1;26.947969677;1
7989736;1;1;1;22.155586267;2
7989736;2;1;2;22.155586267;3
7989742;1;1;1;78.440137556;5
7989746;1;1;1;192.3305284;2
7989747;1;1;1;128.91553057;1
7989831;1;1;1;754.70876026;3
7989853;1;1;1;153.63753258;5
7989861;1;1;1;44.719865342;2
7989878;1;1;1;25.188653247;3
7989888;1;1;1;11.49454848;3
7989888;2;1;2;11.49454848;4
7989905;1;1;1;505.84707602;2
7989919;1;1;1;13.063086176;3
7989944;1;1;1;142.44701666;3
7989951;1;1;1;109.85322364;3
7989951;2;1;2;109.85322364;4
7989951;3;1;3;109.85322364;5
7989958;1;1;1;173.84231725;4
7989958;2;1;2;173.84231725;5
7989981;1;1;1;8.4552202771;3
7990003;1;1;1;315.64926821;3
7990003;2;1;2;315.64926821;4
7990012;1;1;1;8.2040990178;4
7990013;1;1;1;405.86643414;4
7990016;1;1;1;7.0469198549;3
7990016;2;1;2;7.0469198549;4
7990018;1;1;1;333.71403505;3
7990018;2;1;2;333.71403505;4
7990022;1;1;1;112.76441693;5
7990033;1;1;1;112.76441693;4
7990039;1;1;1;51.965756742;3
7990054;1;1;1;114.73821511;2
7990054;2;1;2;114.73821511;3
7990054;3;1;3;114.73821511;4
7990077;1;1;1;128.96882139;3
7990077;2;1;2;128.96882139;4
7990143;1;1;1;85.585405325;3
7990181;1;1;1;20.306119124;1
7990193;1;1;1;90.754393141;2
7990197;1;1;1;116.1408061;2
7990197;2;1;2;116.1408061;3
7990201;1;1;1;266.98057085;3
7990201;2;1;2;266.98057085;4
7990211;1;1;1;135.36253349;2
7990211;2;1;2;135.36253349;3
7990265;1;1;1;57.382829876;3
7990274;2;1;2;140.0996406;4
7990274;1;1;1;140.0996406;3
7990275;2;1;2;116.78326173;2
7990275;1;1;1;116.78326173;2
7990278;1;1;1;298.28509996;5
7990279;1;1;1;219.84718288;4
7990282;1;1;1;297.36253134;5
7990288;1;1;1;106.20277212;4
7990297;1;1;1;128.96882139;3
7990323;1;1;1;99.95019212;2
7990323;2;1;2;99.95019212;3
7990338;1;1;1;218.5331262;3
7990345;1;2;1;229.2281028;3
7990357;1;1;1;7.7430966244;5
7990357;2;1;2;7.7430966244;6
7990359;1;1;1;185.03967359;3
7990359;2;1;2;185.03967359;4
7990359;3;1;3;185.03967359;5
7990373;1;1;1;232.59133333;4
7990400;1;1;1;178.92993208;2
7990400;2;1;2;178.92993208;3
7990444;1;1;1;117.03482084;3
7990451;1;1;1;120.11442706;7
7990493;1;1;1;264.18496734;3
7990493;2;1;2;264.18496734;4
7990543;1;1;1;134.15089378;2
7990570;1;1;1;131.24675569;3
7990570;2;1;2;131.24675569;4
7990571;1;1;1;35.393529915;3
7990598;1;1;1;53.41162084;5
7990598;2;1;2;53.41162084;6
7990614;1;1;1;147.90383867;3
7990614;2;1;2;147.90383867;4
7990665;1;1;1;43.791466419;3
7990665;2;1;2;43.791466419;4
7990670;1;1;1;31.193978403;3
7990686;1;1;1;104.57342374;3
7990686;2;1;2;104.57342374;4
7990719;1;1;1;92.119454191;2
7990730;1;1;1;88.371805628;3
7990734;1;1;1;134.76520495;3
7990737;1;1;1;7.8588309572;2
7990744;1;1;1;33.343742622;4
7990755;1;1;1;335.26912394;4
7990780;1;1;1;98.018605606;3
7990805;1;1;1;17.081292511;3
7990805;2;1;2;17.081292511;4
7990813;1;1;1;82.43995903;2
7990814;1;1;1;99.375212776;4
7990878;1;1;1;149.62373132;3
7990915;1;1;1;101.55520357;2
7990927;1;1;1;48.303258124;2
7990942;1;1;1;139.88356241;3
7990942;2;1;2;139.88356241;4
7990943;1;1;1;99.746844686;3
7990986;1;1;1;236.77812703;3
7990986;2;1;2;236.77812703;4
7991043;1;1;1;75.775195129;3
7991052;1;1;1;114.73003033;3
7991052;2;1;2;114.73003033;5
7991054;1;1;1;35.187417389;5
7991084;1;1;1;255.43514803;2
7991110;1;1;1;58.717275378;3
7991110;2;1;2;58.717275378;4
7991130;1;1;1;35.465618151;4
7991130;2;1;2;35.465618151;5
7991130;3;1;3;35.465618151;6
7991133;1;1;1;95.29799613;2
7991147;1;1;1;251.3207643;3
7991147;2;1;2;251.3207643;4
7991155;1;1;1;25.64003867;2
7991155;2;1;2;25.64003867;3
7991156;1;1;1;217.96626917;3
7991156;2;1;2;217.96626917;4
7991161;1;1;1;227.14509311;3
7991161;2;1;2;227.14509311;4
7991161;3;1;3;227.14509311;5
7991166;1;1;1;18.536195114;2
7991166;2;1;2;18.536195114;3
7991167;1;1;1;21.455726366;2
7991175;1;1;1;48.227332432;4
7991175;2;1;2;48.227332432;5
7991183;1;1;1;40.148564361;3
7991183;2;1;2;40.148564361;4
7991183;3;1;3;40.148564361;5
7991186;1;1;1;20.622940442;3
7991186;2;1;2;20.622940442;4
7991186;3;1;3;20.622940442;5
7991214;1;1;1;108.19004447;3
7991214;2;1;2;108.19004447;4
7991216;1;1;1;52.081600843;3
7991218;1;1;1;47.633512412;3
7991218;2;1;2;47.633512412;4
7991218;3;1;3;47.633512412;5
7991218;4;1;4;47.633512412;6
7991220;1;1;1;411.1316447;3
7991220;2;1;2;411.1316447;4
7991227;1;1;1;234.26403361;3
7991227;2;1;2;234.26403361;4
7991241;1;1;1;51.485236582;4
7991241;2;1;2;51.485236582;5
7991241;3;1;3;51.485236582;6
7991243;1;1;1;30.562376974;7
7991305;1;1;1;1597.317376;2
7991330;1;1;1;102.23939595;4
7991330;2;1;2;102.23939595;5
7991330;3;1;3;102.23939595;6
7991335;1;1;1;21.510999854;3
7991360;1;1;1;332.09633431;3
7991360;2;1;2;332.09633431;4
7991365;1;1;1;138.75486116;3
7991373;1;1;1;70.958002786;4
7991376;1;1;1;110.03217167;2
7991376;2;1;2;110.03217167;3
7991380;1;1;1;332.29462386;3
7991388;1;1;1;136.2523446;2
7991394;1;1;1;317.01188583;2
7991399;1;1;1;29.972202584;1
7991400;1;1;1;264.81096143;2
7991423;1;1;1;62.5361052;3
7991424;1;1;1;304.58941425;3
7991424;2;1;2;304.58941425;4
7991425;1;1;1;14.262189039;1
7991425;2;1;2;14.262189039;3
7991432;1;1;1;325.86736251;3
7991434;1;1;1;73.871040122;3
7991439;1;1;1;108.93691581;3
7991439;2;1;2;108.93691581;4
7991497;1;1;1;46.181895133;3
7991510;1;1;1;76.17402622;2
7991518;1;1;1;91.125923979;4
7991528;1;1;1;22.427016326;3
7991528;2;1;2;22.427016326;4
7991534;1;1;1;325.16903632;3
7991534;2;1;2;325.16903632;2
7991536;1;1;1;302.71720893;3
7991536;2;1;2;302.71720893;4
7991572;1;1;1;145.85145863;3
7991584;1;1;1;121.96456284;3
7991584;2;1;2;121.96456284;4
7991595;1;1;1;72.024274606;3
7991596;1;1;1;499.17153791;3
7991598;1;1;1;156.75418106;4
7991604;1;1;1;304.25592676;3
7991618;1;1;1;245.34531951;4
7991618;2;1;2;245.34531951;5
7991618;3;1;3;245.34531951;6
7991624;1;1;1;156.26181286;2
7991634;1;1;1;103.03594183;3
7991644;1;1;1;359.60197833;3
7991662;1;1;1;77.62424709;3
7991673;1;1;1;201.12282074;2
7991676;1;1;1;215.20281776;2
7991699;1;1;1;120.72677561;2
7991711;1;1;1;730.09778604;3
7991711;2;1;2;730.09778604;4
7991711;3;1;3;730.09778604;5
7991720;1;1;1;234.18238499;3
7991720;2;1;2;234.18238499;4
7991723;1;1;1;2020.1352712;3
7991723;2;1;2;2020.1352712;4
7991768;1;1;1;110.94853044;3
7991775;1;1;1;306.15999439;3
7991789;1;1;1;546.4596985;2
7991789;2;1;2;546.4596985;3
7991789;3;1;3;546.4596985;4
7991789;4;1;4;546.4596985;5
7991797;1;1;1;155.45518216;5
7991798;1;1;1;126.44081117;4
7991799;1;1;1;222.27323873;3
7991799;2;1;2;222.27323873;4
7991799;3;1;3;222.27323873;5
7991809;1;1;1;219.83985913;1
7991816;1;1;1;134.80952898;3
7991816;2;1;2;134.80952898;4
7991816;3;1;3;134.80952898;5
7991818;1;1;1;81.423799948;2
7991820;1;1;1;195.65054452;3
7991831;1;1;1;175.85677799;3
7991831;2;1;2;175.85677799;4
7991831;3;1;3;175.85677799;5
7991842;1;1;1;57.724604645;2
7991846;1;1;1;64.184079509;3
7991858;1;1;1;81.375581597;3
7991862;1;1;1;134.02741713;5
7991931;1;1;1;204.86092406;4
7991931;2;1;2;204.86092406;5
7991933;1;1;1;190.06907725;3
7991944;1;1;1;347.99060686;4
7991951;1;1;1;78.900288926;2
7991951;2;1;2;78.900288926;3
7991951;3;1;3;78.900288926;4
7991960;1;1;1;116.5299977;4
7991987;1;1;1;429.45667727;3
7991987;2;1;2;429.45667727;4
7991989;1;1;1;102.73223219;3
7992007;1;1;1;8.9401195281;2
7992044;1;1;1;160.60047363;3
7992044;2;1;2;160.60047363;4
7992106;1;1;1;292.3075217;3
7992108;1;1;1;347.50324029;4
7992108;2;1;2;347.50324029;5
7992157;1;1;1;118.47758307;3
7992161;1;1;1;134.7459698;4
7992170;1;1;1;236.22672366;3
7992181;1;1;1;102.76193506;3
7992183;1;1;1;298.83178977;3
7992183;2;1;2;298.83178977;4
7992189;1;1;1;212.27011378;3
7992190;1;1;1;13.037940596;2
7992200;1;1;1;197.2678648;3
7992205;1;1;1;146.24808876;3
7992205;2;1;2;146.24808876;4
7992218;1;1;1;57.174748163;4
7992227;1;1;1;145.9856971;1
7992239;1;1;1;301.2850916;3
7992239;2;1;2;301.2850916;4
7992239;3;1;3;301.2850916;5
7992240;1;1;1;87.357037735;3
7992240;2;1;2;87.357037735;4
7992253;1;1;1;277.88698033;4
7992254;1;1;1;196.83817693;2
7992254;2;1;2;196.83817693;3
7992266;1;1;1;203.84819742;4
7992305;1;1;1;221.55722106;1
7992320;1;1;1;120.05062539;3
7992320;2;1;2;120.05062539;4
7992323;1;1;1;82.160238334;3
7992330;1;1;1;64.153724549;3
7992330;2;1;2;64.153724549;4
7992355;1;1;1;11.222831735;2
7992388;1;1;1;118.51366618;4
7992388;2;1;2;118.51366618;5
7992398;1;1;1;53.387714185;3
7992414;1;1;1;78.042200854;2
7992417;1;1;1;48.421466731;2
7992432;1;1;1;80.489907159;2
7992432;2;1;2;80.489907159;3
7992432;3;1;3;80.489907159;4
7992437;1;1;1;115.07492312;3
7992445;1;1;1;13.965673128;3
7992459;1;1;1;70.102046722;2
7992459;2;1;2;70.102046722;3
7992464;1;1;1;216.57960141;4
7992464;2;1;2;216.57960141;5
7992467;1;1;1;140.15901933;3
7992475;1;1;1;167.45704756;2
7992483;1;1;1;203.32705564;3
7992483;2;1;2;203.32705564;4
7992490;1;1;1;160.85773778;3
7992499;1;1;1;195.65054452;4
7992501;1;1;1;42.240715559;3
7992502;1;1;1;30.498206679;3
7992502;2;1;2;30.498206679;4
7992505;1;1;1;199.2794568;3
7992505;2;1;2;199.2794568;4
7992511;1;1;1;72.430088801;3
7992511;2;1;2;72.430088801;4
7992511;3;1;3;72.430088801;5
7992517;1;1;1;53.69200111;3
7992517;2;1;2;53.69200111;4
7992532;1;1;1;138.87053559;3
7992532;2;1;2;138.87053559;4
7992535;1;1;1;17.795132967;3
7992550;1;1;1;142.25613488;3
7992550;2;1;2;142.25613488;2
7992602;1;1;1;22.93657404;3
7992605;1;1;1;312.89273725;2
7992621;1;1;1;261.89237444;2
7992636;1;1;1;106.42118298;2
7992640;1;1;1;63.962250449;3
7992654;1;1;1;66.30676465;2
7992654;2;1;2;66.30676465;3
7992707;1;1;1;117.8419401;2
7992707;2;1;2;117.8419401;3
7992751;1;1;1;132.82196116;3
7992751;2;1;2;132.82196116;4
7992769;1;1;1;84.55246049;2
7992785;1;1;1;9.0303547126;4
7992785;2;1;2;9.0303547126;5
7992853;1;1;1;289.75863199;3
7992853;2;1;2;289.75863199;4
7992884;1;1;1;72.96996966;2
7992884;2;1;2;72.96996966;3
7992884;3;1;3;72.96996966;4
7992920;1;1;1;52.81380473;2
7992920;2;1;2;52.81380473;3
7992926;1;1;1;12.648437516;3
7992926;2;1;2;12.648437516;4
7992942;1;1;1;226.1244575;4
7992990;1;1;1;11.131530582;1
7993022;1;1;1;315.58170581;2
7993058;1;1;1;333.33418434;3
7993058;2;1;2;333.33418434;4
7993058;3;1;3;333.33418434;5
7993062;1;1;1;182.95064227;3
7993068;1;1;1;13.657530572;3
7993068;2;1;2;13.657530572;4
7993121;1;1;1;626.65988916;3
7993121;2;1;2;626.65988916;4
7993121;3;1;3;626.65988916;5
7993130;1;1;1;13.612606196;5
7993132;1;1;1;45.029824545;3
7993132;2;1;2;45.029824545;4
7993237;1;1;1;2.9817892369;5
7993241;1;1;1;261.46389215;3
7993245;1;1;1;60.792256662;3
7993257;1;1;1;240.25910437;2
7993261;1;1;1;157.3581761;2
7993294;1;1;1;16.11060072;3
7993312;1;1;1;231.21000366;3
7993320;1;1;1;17.543233506;3
7993320;2;1;2;17.543233506;4
7993323;1;1;1;710.76232912;2
7993352;1;1;1;197.58409615;1
7993368;1;1;1;276.19445758;4
7993373;1;1;1;231.21000366;3
7993391;1;1;1;56.980739692;3
7993467;1;1;1;61.548189014;3
7993469;1;1;1;133.43813855;5
7993494;1;1;1;257.78188366;5
7993504;1;1;1;75.344840071;3
7993504;2;1;2;75.344840071;4
7993527;1;1;1;130.63704048;2
7993527;2;1;2;130.63704048;3
7993527;3;1;3;130.63704048;4
7993540;1;1;1;112.73356192;5
7993565;1;1;1;176.41525603;2
7993565;2;1;2;176.41525603;3
7993630;1;1;1;225.20382921;3
7993630;2;1;2;225.20382921;4
7993669;1;1;1;61.857718162;2
7993672;1;1;1;68.040415422;3
7993672;2;1;2;68.040415422;4
7993679;1;1;1;209.49621073;1
7993701;1;1;1;123.06609896;5
7993701;2;1;2;123.06609896;6
7993705;1;1;1;74.73293997;4
7993733;1;1;1;36.907131813;3
7993739;1;1;1;238.56654716;4
7993751;1;1;1;655.62682449;2
7993788;1;1;1;27.926972327;3
7993814;1;1;1;96.227882595;5
7993814;2;1;2;96.227882595;6
7993814;3;1;3;96.227882595;7
7993815;1;1;1;67.915821094;3
7993854;1;1;1;41.503378789;2
7993854;2;1;2;41.503378789;3
7993859;1;1;1;39.908850968;7
7993873;1;1;1;44.895105289;2
7993875;1;2;1;41.485193887;3
7993884;1;1;1;27.784279827;3
7993888;1;1;1;45.905110659;1
7993890;1;1;1;117.64749981;6
7993894;1;1;1;115.26210704;3
7993894;2;1;2;115.26210704;4
7993894;3;1;3;115.26210704;5
7993907;1;1;1;263.88677352;2
7993909;1;1;1;76.157625693;2
7993913;1;1;1;34.232651964;3
7993932;1;1;1;360.99119176;2
7993932;2;1;2;360.99119176;3
7993932;3;1;3;360.99119176;4
7993935;1;1;1;206.13255362;4
7993938;1;1;1;204.60954834;3
7993946;1;1;1;183.02152301;2
7993946;2;1;2;183.02152301;3
7993985;1;1;1;117.35717982;3
7993985;2;1;2;117.35717982;4
7993997;1;1;1;291.63186055;4
7993997;2;1;2;291.63186055;5
7994025;1;1;1;88.13251177;3
7994025;2;1;2;88.13251177;4
7994025;3;1;3;88.13251177;5
7994034;1;1;1;215.94474831;4
7994100;1;1;1;84.894255958;3
7994113;1;1;1;106.01798784;5
7994119;1;1;1;554.38795062;2
7994127;1;1;1;93.597989017;3
7994127;2;1;2;93.597989017;4
7994127;3;1;3;93.597989017;5
7994128;1;1;1;62.475659133;2
7994128;2;1;2;62.475659133;3
7994128;3;1;3;62.475659133;4
7994132;1;1;1;70.608834453;3
7994140;1;1;1;86.098450284;4
7994140;2;1;2;86.098450284;6
7994151;1;1;1;46.534492121;3
7994151;2;1;2;46.534492121;4
7994153;1;1;1;84.632682363;2
7994153;2;1;2;84.632682363;3
7994166;1;1;1;172.17849192;3
7994169;1;1;1;115.25292387;2
7994179;1;1;1;124.04448337;4
7994187;1;1;1;12.065698727;2
7994187;2;1;2;12.065698727;3
7994189;1;1;1;153.66812;3
7994189;2;1;2;153.66812;4
7994190;1;1;1;357.58325;3
7994191;1;1;1;107.27650994;3
7994191;2;1;2;107.27650994;4
7994191;3;1;3;107.27650994;5
7994207;1;1;1;151.01471412;5
7994210;1;1;1;111.21516258;3
7994210;2;1;2;111.21516258;4
7994213;1;1;1;118.52276974;4
7994219;1;1;1;130.98679803;1
7994220;1;1;1;170.65073182;2
7994229;1;1;1;86.844472393;2
7994229;2;1;2;86.844472393;3
7994229;3;1;3;86.844472393;4
7994239;1;1;1;4.0817481182;4
7994239;2;1;2;4.0817481182;5
7994251;1;1;1;87.117641782;4
7994251;2;1;2;87.117641782;6
7994253;1;1;1;615.99446201;6
7994253;2;1;2;615.99446201;7
7994255;1;1;1;86.666446224;3
7994263;1;1;1;138.0121345;3
7994263;2;1;2;138.0121345;4
7994280;1;1;1;86.666446224;3
7994295;1;1;1;96.744096841;4
7994295;2;1;2;96.744096841;5
7994296;1;1;1;43.660965161;5
7994309;1;1;1;21.250219852;3
7994316;1;1;1;71.733678557;2
7994318;1;1;1;101.66379351;3
7994321;1;1;1;394.43313794;4
7994333;1;1;1;108.41827755;3
7994333;2;1;2;108.41827755;4
7994333;3;1;3;108.41827755;5
7994335;1;1;1;153.09233712;3
7994335;2;1;2;153.09233712;4
7994353;1;1;1;56.703659464;3
7994359;1;1;1;72.535476224;5
7994366;1;1;1;73.569779216;3
7994366;2;1;2;73.569779216;4
7994412;1;1;1;122.2532773;3
7994412;2;1;2;122.2532773;4
7994412;3;1;3;122.2532773;5
7994436;1;1;1;671.01003396;3
7994449;1;1;1;295.47242696;3
7994451;1;1;1;84.675322437;4
7994465;1;1;1;9.7566174271;3
7994465;2;1;2;9.7566174271;4
7994471;1;1;1;116.42921534;3
7994471;2;1;2;116.42921534;4
7994471;3;1;3;116.42921534;5
7994494;1;1;1;131.6597514;3
7994494;2;1;2;131.6597514;4
7994512;1;1;1;377.16292694;2
7994512;2;1;2;377.16292694;3
7994516;1;1;1;635.75220978;3
7994516;2;1;2;635.75220978;4
7994531;1;1;1;327.94324704;3
7994531;2;1;2;327.94324704;5
7994537;1;1;1;125.84402087;4
7994546;1;1;1;133.98761004;3
7994546;2;1;2;133.98761004;4
7994550;1;1;1;129.28443101;2
7994550;2;1;2;129.28443101;4
7994561;1;1;1;15.040211775;2
7994589;1;1;1;102.57412741;3
7994608;1;1;1;77.399221094;5
7994608;2;1;2;77.399221094;6
7994644;1;1;1;387.40437914;5
7994644;2;1;2;387.40437914;6
7994648;1;1;1;181.25829796;2
7994655;1;1;1;176.17528935;2
7994655;2;1;2;176.17528935;3
7994657;1;1;1;226.85485211;4
7994657;2;1;2;226.85485211;5
7994667;1;1;1;219.84553454;2
7994667;2;1;2;219.84553454;3
7994676;1;1;1;199.1029068;3
7994678;1;1;1;342.0486188;6
7994685;1;1;1;196.50828074;2
7994685;2;1;2;196.50828074;3
7994747;1;1;1;228.04513603;1
7994757;1;1;1;91.594931834;3
7994759;1;1;1;82.364210879;1
7994804;1;1;1;60.589653334;3
7994817;1;1;1;4.961533475;2
7994836;1;1;1;355.81217039;3
7994836;2;1;2;355.81217039;4
7994853;1;1;1;85.838503493;3
7994853;2;1;2;85.838503493;4
7994865;1;1;1;412.00595902;2
7994865;2;1;2;412.00595902;3
7994869;1;1;1;133.78319655;2
7994870;1;1;1;95.556585541;3
7994884;1;1;1;1092.7729524;2
7994896;1;1;1;1391.6524841;4
7994934;1;1;1;10.149045193;3
7994951;1;1;1;334.23455738;3
7994951;2;1;2;334.23455738;4
7994961;1;1;1;173.26585586;4
7994970;1;1;1;17.096846621;1
7994982;1;1;1;47.671325903;2
7994982;2;1;2;47.671325903;3
7994982;3;1;3;47.671325903;4
7994982;4;1;4;47.671325903;5
7994997;1;1;1;157.76985155;5
7994997;2;1;2;157.76985155;6
7995000;1;1;1;108.79563845;3
7995000;2;1;2;108.79563845;4
7995024;1;1;1;10.482433027;2
7995029;1;1;1;69.787198155;3
7995030;1;1;1;69.106002625;3
7995033;1;1;1;78.028841757;3
7995033;2;1;2;78.028841757;4
7995033;3;1;3;78.028841757;5
7995035;1;1;1;53.570103004;2
7995035;2;1;2;53.570103004;3
7995036;1;1;1;52.28234133;2
7995063;1;1;1;10.482433027;2
7995079;1;1;1;7.8192219279;2
7995081;1;1;1;6.2558860849;3
7995081;2;1;2;6.2558860849;4
7995081;3;1;3;6.2558860849;5
7995081;4;1;4;6.2558860849;6
7995427;1;1;1;2.6206082568;4
7995447;1;1;1;7.0441897055;5
7995461;1;1;1;73.878325216;2
7995472;1;1;1;144.10011844;3
7995472;2;1;2;144.10011844;4
7995494;1;1;1;97.558003546;3
7995494;2;1;2;97.558003546;4
7995497;1;1;1;188.45841771;2
7995532;1;1;1;57.712659417;4
7995537;1;1;1;100.25981532;2
7995537;2;1;2;100.25981532;5
7995537;3;1;3;100.25981532;6
7995540;1;1;1;84.501755898;3
7995541;1;1;1;68.725884282;3
7995541;2;1;2;68.725884282;4
7995573;1;1;1;6.7423014365;3
7995573;2;1;2;6.7423014365;4
7995576;1;1;1;18.680783763;2
7995600;1;1;1;40.724529002;3
7995609;1;1;1;7.0893177638;3
7995611;1;1;1;7.0893177638;3
7995612;2;1;2;82.975294302;4
7995612;1;1;1;82.975294302;3
7995613;1;1;1;76.372237541;3
7995615;1;1;1;107.38116605;2
7995615;2;1;2;107.38116605;3
7995625;1;1;1;110.56872974;3
7995625;2;1;2;110.56872974;4
7995625;3;1;3;110.56872974;5
7995625;4;1;4;110.56872974;6
7995626;1;1;1;88.079750703;5
7995626;2;1;2;88.079750703;6
7995633;1;1;1;3.1447299082;4
7995635;1;1;1;5.2451662297;5
7995647;1;1;1;29.925628712;2
7995647;2;1;2;29.925628712;3
7995665;1;1;1;11.396553418;5
7995665;2;1;2;11.396553418;6
7995711;1;1;1;5.2100701476;1
7995732;1;1;1;2.8588453711;4
7995732;2;1;2;2.8588453711;5
7995737;1;1;1;14.740514425;3
7995745;1;1;1;5.9568122716;4
7995751;1;1;1;10.342448054;2
7995751;2;1;2;10.342448054;3
7995756;1;1;1;6.2135361745;5
7995756;2;1;2;6.2135361745;6
7995761;1;1;1;92.780986852;3
7995761;2;1;2;92.780986852;4
7995801;1;1;1;133.94299075;3
7995807;1;1;1;55.253980351;2
7995812;1;1;1;85.051100218;2
7995832;1;1;1;5.4033931336;3
7995845;1;1;1;10.118643552;7
7995845;2;1;2;10.118643552;8
7995854;1;1;1;3.4941443424;5
7995854;2;1;2;3.4941443424;6
7995857;1;1;1;6.5691981318;3
7995857;2;1;2;6.5691981318;4
7995866;1;1;1;102.10270568;3
7995866;2;1;2;102.10270568;4
7995886;1;1;1;3.7227703185;6
7995886;2;1;2;3.7227703185;7
7995887;1;1;1;8.3212735778;2
7995912;1;1;1;361.25984818;3
7995912;2;1;2;361.25984818;4
7995912;3;1;3;361.25984818;5
7995936;1;1;1;3.6613215587;3
7995936;2;1;2;3.6613215587;5
7995949;1;1;1;255.59991372;3
7995999;1;1;1;220.13809691;3
7995999;2;1;2;220.13809691;4
7996006;1;1;1;10.267911322;3
7996006;2;1;2;10.267911322;5
7996006;3;1;3;10.267911322;6
7996050;1;1;1;36.489202005;3
7996050;2;1;2;36.489202005;4
7996066;1;1;1;27.713727594;2
7996066;2;1;2;27.713727594;3
7996071;1;1;1;14.361159184;3
7996071;2;1;2;14.361159184;4
7996071;3;1;3;14.361159184;5
7996102;1;1;1;15.932685469;2
7996102;2;1;2;15.932685469;3
7996102;3;1;3;15.932685469;4
7996172;1;1;1;377.2990716;5
7996182;1;1;1;365.10582455;3
7996182;2;1;2;365.10582455;4
7996205;1;1;1;54.527897482;4
7996206;1;1;1;37.586631595;3
7996256;1;1;1;281.24920676;2
7996256;2;1;2;281.24920676;3
7996260;1;1;1;337.81266734;3
7996260;2;1;2;337.81266734;4
7996264;1;1;1;139.45944616;3
7996268;1;1;1;167.39422353;4
7996271;1;1;1;65.406792269;3
7996307;1;1;1;142.56603464;3
7996326;1;1;1;114.94412206;3
7996326;2;1;2;114.94412206;4
7996346;1;1;1;4.9817305146;4
7996346;2;1;2;4.9817305146;5
7996357;1;1;1;420.09572834;5
7996362;1;1;1;187.29438342;2
7996362;2;1;2;187.29438342;4
7996374;1;1;1;244.94519956;4
7996377;1;1;1;150.96461111;2
7996377;2;1;2;150.96461111;3
7996381;1;1;1;107.8999293;3
7996381;2;1;2;107.8999293;4
7996387;1;1;1;109.36718065;3
7996387;2;1;2;109.36718065;4
7996388;1;1;1;86.530658145;3
7996388;2;1;2;86.530658145;4
7996389;1;1;1;141.5901952;3
7996389;2;1;2;141.5901952;4
7996413;1;1;1;26.974982326;3
7996422;1;1;1;180.50832673;2
7996422;2;1;2;180.50832673;3
7996422;3;1;3;180.50832673;5
7996429;1;1;1;17.037327948;5
7996437;1;1;1;106.10122487;3
7996459;1;1;1;139.50270709;3
7996494;1;1;1;187.32351251;3
7996494;2;1;2;187.32351251;4
7996500;1;1;1;107.8999293;3
7996500;2;1;2;107.8999293;4
7996518;1;1;1;241.78545958;3
7996518;2;1;2;241.78545958;4
7996518;3;1;3;241.78545958;5
7996518;4;1;4;241.78545958;6
7996521;1;1;1;97.091846641;3
7996521;2;1;2;97.091846641;4
7996524;1;1;1;151.55129175;3
7996524;2;1;2;151.55129175;4
7996529;1;1;1;91.282940486;4
7996529;2;1;2;91.282940486;5
7996531;1;1;1;169.88827745;4
7996555;1;1;1;111.12005786;3
7996567;1;1;1;12.578919633;3
7996567;2;1;2;12.578919633;4
7996567;3;1;3;12.578919633;5
7996589;1;1;1;91.556837913;3
7996591;1;1;1;8.6539375767;5
7996599;1;1;1;176.10536076;2
7996599;2;1;2;176.10536076;3
7996600;1;1;1;107.8999293;3
7996600;2;1;2;107.8999293;4
7996628;1;1;1;192.98035924;4
7996631;1;1;1;180.00709062;2
7996631;2;1;2;180.00709062;3
7996631;3;1;3;180.00709062;4
7996657;1;1;1;60.572356633;3
7996660;1;1;1;68.964964975;2
7996660;2;1;2;68.964964975;3
7996679;1;1;1;194.44389603;4
7996679;2;1;2;194.44389603;5
7996683;1;1;1;45.219510704;2
7996683;2;1;2;45.219510704;3
7996685;1;1;1;100.12788021;3
7996732;1;1;1;50.946739029;4
7996743;1;1;1;76.43588068;3
7996743;2;1;2;76.43588068;4
7996765;1;1;1;89.877986122;3
7996777;1;1;1;71.550483924;3
7996777;2;1;2;71.550483924;4
7996785;1;1;1;163.13481459;4
7996788;1;1;1;295.8985347;3
7996788;2;1;2;295.8985347;4
7996836;1;1;1;84.380248404;2
7996836;2;1;2;84.380248404;3
7996845;1;1;1;126.12401268;4
7996845;2;1;2;126.12401268;5
7996846;1;1;1;62.409632476;3
7996846;2;1;2;62.409632476;4
7996846;3;1;3;62.409632476;5
7996848;1;1;1;133.52411894;5
7996870;1;1;1;84.241060368;3
7996870;2;1;2;84.241060368;4
7996876;1;1;1;117.19971613;3
7996876;2;1;2;117.19971613;4
7996885;1;1;1;52.397838769;3
7996889;1;1;1;103.57046429;4
7996889;2;1;2;103.57046429;5
7996891;1;1;1;63.166569426;3
7996891;2;1;2;63.166569426;4
7996902;1;1;1;830.59510245;2
7996920;1;1;1;71.889039208;4
7996929;1;1;1;34.292354467;3
7996929;2;1;2;34.292354467;4
7996937;1;1;1;239.05517667;3
7996937;2;1;2;239.05517667;4
7996942;1;1;1;29.569983693;3
7997005;1;1;1;324.39814477;3
7997015;1;1;1;28.104239201;3
7997039;1;1;1;70.507930228;4
7997042;1;1;1;190.47155919;4
7997063;1;1;1;53.517972852;3
7997063;2;1;2;53.517972852;4
7997064;1;1;1;159.66072324;3
7997064;2;1;2;159.66072324;4
7997064;3;1;3;159.66072324;5
7997080;1;1;1;127.25703312;4
7997080;2;1;2;127.25703312;5
7997087;1;1;1;281.080904;4
7997095;1;1;1;110.53651268;3
7997095;2;1;2;110.53651268;4
7997095;3;1;3;110.53651268;5
7997096;1;1;1;8.9572874803;3
7997096;2;1;2;8.9572874803;4
7997123;1;1;1;223.79718843;1
7997141;1;1;1;47.824821376;3
7997231;1;1;1;120.59895044;1
7997249;1;1;1;139.26141198;1
7997270;1;1;1;57.180640396;3
7997270;2;1;2;57.180640396;4
7997270;3;1;3;57.180640396;5
7997326;1;1;1;144.44410402;2
7997333;1;1;1;28.089093214;3
7997333;2;1;2;28.089093214;4
7997333;3;1;3;28.089093214;5
7997340;1;1;1;452.766179;5
7997340;2;1;2;452.766179;6
7997344;1;1;1;196.32111256;3
7997346;1;1;1;114.08904555;4
7997346;2;1;2;114.08904555;5
7997349;1;1;1;196.32111256;3
7997372;1;1;1;41.073343566;4
7997372;2;1;2;41.073343566;5
7997383;1;1;1;242.99460307;3
7997384;1;1;1;237.04951537;3
7997384;2;1;2;237.04951537;4
7997385;1;1;1;86.211056386;1
7997411;1;1;1;122.23152423;4
7997424;1;1;1;12.568008037;3
7997424;2;1;2;12.568008037;4
7997434;1;1;1;18.778439427;3
7997434;2;1;2;18.778439427;4
7997443;1;1;1;12.568008037;4
7997453;1;1;1;55.682865167;5
7997456;1;1;1;65.264435862;4
7997456;2;1;2;65.264435862;5
7997456;3;1;3;65.264435862;6
7997489;1;1;1;136.12945187;3
7997489;2;1;2;136.12945187;4
7997508;1;1;1;228.721548;2
7997522;1;1;1;12.568008037;3
7997525;1;1;1;11.425461852;2
7997531;1;1;1;263.51789129;3
7997533;1;1;1;11.136573033;1
7997539;1;1;1;18.462800234;3
7997547;1;1;1;44.380553391;3
7997547;2;1;2;44.380553391;4
7997547;3;1;3;44.380553391;5
7997564;1;1;1;97.786877628;4
7997564;2;1;2;97.786877628;5
7997570;1;1;1;263.47984157;2
7997588;1;1;1;225.76232421;3
7997588;2;1;2;225.76232421;4
7997599;1;1;1;47.575801751;2
7997599;2;1;2;47.575801751;3
7997603;1;1;1;224.5337646;5
7997603;2;1;2;224.5337646;6
7997603;3;1;3;224.5337646;8
7997603;4;1;4;224.5337646;9
7997630;1;1;1;162.02505612;3
7997637;1;1;1;62.217846165;5
7997658;1;1;1;21.646813862;3
7997661;1;1;1;23.428732159;3
7997661;2;1;2;23.428732159;4
7997677;1;1;1;962.22490543;2
7997677;2;1;2;962.22490543;3
7997706;1;1;1;189.43393957;2
7997706;2;1;2;189.43393957;3
7997717;1;1;1;215.05205657;3
7997730;1;1;1;65.817247156;4
7997730;2;1;2;65.817247156;5
7997733;1;1;1;23.428732159;5
7997735;1;1;1;225.76232421;3
7997735;2;1;2;225.76232421;4
7997735;3;1;3;225.76232421;5
7997749;1;1;1;1427.0330938;4
7997753;1;1;1;77.108040701;5
7997753;2;1;2;77.108040701;6
7997768;1;1;1;37.200050992;4
7997805;1;1;1;39.25252503;3
7997808;1;1;1;19.043165476;4
7997824;1;1;1;146.48135637;3
7997824;2;1;2;146.48135637;4
7997832;1;1;1;214.3230544;4
7997836;1;1;1;109.93429605;3
7997836;2;1;2;109.93429605;4
7997849;1;1;1;15.478767551;6
7997854;1;1;1;20.43738695;2
7997854;2;1;2;20.43738695;3
7997859;1;1;1;269.39494843;2
7997871;1;1;1;169.60297886;4
7997885;1;1;1;52.857099914;4
7997887;1;1;1;198.45089785;2
7997890;1;1;1;322.99392794;2
7997900;1;1;1;114.43395691;2
7997910;1;1;1;424.63526471;3
7997910;2;1;2;424.63526471;4
7997917;1;1;1;38.074109492;3
7997919;1;1;1;81.981751342;6
7997919;2;1;2;81.981751342;7
7997933;1;1;1;214.66521248;3
7997933;2;1;2;214.66521248;4
7997933;3;1;3;214.66521248;5
7997938;1;1;1;181.24684664;2
7997957;1;1;1;39.442553223;2
7997957;2;1;2;39.442553223;3
7997989;1;1;1;157.88116576;1
7997989;2;1;2;157.88116576;2
7998002;1;1;1;11.425461852;2
7998005;1;1;1;169.60297886;5
7998005;2;1;2;169.60297886;6
7998023;1;1;1;13.964453375;3
7998023;2;1;2;13.964453375;4
7998029;1;1;1;13.920716292;2
7998039;1;1;1;169.60297886;4
7998050;1;1;1;15.701568598;2
7998062;1;1;1;195.76236377;3
7998062;2;1;2;195.76236377;4
7998085;1;1;1;6.3072589375;3
7998089;1;1;1;78.640323397;3
7998089;2;1;2;78.640323397;4
7998098;1;1;1;16.667976553;3
7998098;2;1;2;16.667976553;4
7998098;3;1;3;16.667976553;5
7998113;1;1;1;99.789587605;3
7998113;2;1;2;99.789587605;4
7998154;1;1;1;13.964453375;2
7998154;2;1;2;13.964453375;3
7998157;1;1;1;13.964453375;3
7998157;2;1;2;13.964453375;4
7998159;1;1;1;103.1591849;3
7998159;2;1;2;103.1591849;4
7998159;3;1;3;103.1591849;5
7998159;4;1;4;103.1591849;6
7998167;1;1;1;220.19732946;3
7998168;1;1;1;221.397992;3
7998175;1;1;1;101.17512821;4
7998175;2;1;2;101.17512821;5
7998187;1;1;1;11.38227604;3
7998192;1;1;1;115.13126743;4
7998196;1;1;1;37.783854924;3
7998196;2;1;2;37.783854924;4
7998198;1;1;1;79.447571209;2
7998229;1;1;1;26.896677435;4
7998237;1;1;1;362.7942785;3
7998241;1;1;1;585.45006641;3
7998241;2;1;2;585.45006641;4
7998248;1;1;1;11.136573033;2
7998267;1;1;1;22.532832004;2
7998267;2;1;2;22.532832004;3
7998267;3;1;3;22.532832004;4
7998278;1;1;1;111.58693858;2
7998278;2;1;2;111.58693858;3
7998291;1;1;1;15.730275444;2
7998302;1;1;1;14.815979158;2
7998302;2;1;2;14.815979158;3
7998302;3;1;3;14.815979158;4
7998303;1;1;1;14.815979158;4
7998303;2;1;2;14.815979158;5
7998318;1;1;1;48.607622439;3
7998336;1;1;1;83.8898259;2
7998337;1;1;1;901.82307564;4
7998337;2;1;2;901.82307564;5
7998340;1;1;1;64.920768965;3
7998340;2;1;2;64.920768965;4
7998340;3;1;3;64.920768965;5
7998352;1;1;1;122.97262701;5
7998352;2;1;2;122.97262701;6
7998361;1;1;1;104.20072721;3
7998361;2;1;2;104.20072721;4
7998364;1;1;1;66.372222112;3
7998364;2;1;2;66.372222112;4
7998375;1;1;1;73.479431734;1
7998392;1;1;1;92.239060453;4
7998392;2;1;2;92.239060453;5
7998401;1;1;1;29.357376907;2
7998401;2;1;2;29.357376907;3
7998405;1;1;1;36.371181177;3
7998416;1;1;1;341.74110546;2
7998419;1;1;1;19.221735153;2
7998419;2;1;2;19.221735153;3
7998422;1;1;1;67.060208093;3
7998422;2;1;2;67.060208093;4
7998422;3;1;3;67.060208093;5
7998427;1;1;1;40.628238935;2
7998469;1;1;1;7.0250289187;3
7998505;1;1;1;400.74254698;1
7998536;1;1;1;6.3863899261;2
7998536;2;1;2;6.3863899261;3
7998550;1;1;1;97.111933029;2
7998550;2;1;2;97.111933029;3
7998555;1;1;1;65.869009235;3
7998559;1;1;1;171.27516449;3
7998559;2;1;2;171.27516449;4
7998565;1;1;1;6.3863899261;4
7998576;1;1;1;6.3863899261;3
7998576;2;1;2;6.3863899261;4
7998577;1;1;1;42.27892961;2
7998587;1;1;1;152.65947323;4
7998589;1;1;1;65.869009235;3
7998591;2;1;2;61.378337432;4
7998591;1;1;1;61.378337432;3
7998605;1;1;1;6.3863899261;3
7998605;2;1;2;6.3863899261;4
7998605;3;1;3;6.3863899261;5
7998620;1;1;1;294.28840452;3
7998636;1;1;1;4.8025652244;3
7998636;2;1;2;4.8025652244;4
7998636;3;1;3;4.8025652244;5
7998641;1;1;1;4.8025652244;3
7998643;1;1;1;58.058404204;3
7998644;1;1;1;38.183040167;1
7998645;1;1;1;4.8025652244;2
7998645;2;1;2;4.8025652244;3
7998645;3;1;3;4.8025652244;4
7998645;4;1;4;4.8025652244;5
7998645;5;1;5;4.8025652244;6
7998647;1;1;1;37.693892541;3
7998647;2;1;2;37.693892541;4
7998647;3;1;3;37.693892541;5
7998647;4;1;4;37.693892541;6
7998647;5;1;5;37.693892541;7
7998648;1;1;1;4.5414328363;2
7998648;2;1;2;4.5414328363;3
7998656;1;1;1;4.5414328363;2
7998656;2;1;2;4.5414328363;3
7998656;3;1;3;4.5414328363;4
7998661;1;1;1;192.75163779;3
7998662;1;1;1;85.641516582;3
7998670;1;1;1;132.18965053;2
7998682;1;1;1;210.63408752;4
7998684;1;1;1;87.910141733;2
7998684;2;1;2;87.910141733;3
7998695;1;1;1;14.202257649;4
7998705;1;1;1;124.30327401;3
7998706;1;1;1;23.59662869;2
7998706;2;1;2;23.59662869;3
7998708;1;1;1;78.428625705;4
7998712;1;1;1;227.71249488;3
7998713;1;1;1;110.06867604;3
7998713;2;1;2;110.06867604;4
7998713;3;1;3;110.06867604;5
7998713;4;1;4;110.06867604;6
7998713;5;1;5;110.06867604;7
7998713;6;1;6;110.06867604;8
7998725;1;1;1;169.73996944;3
7998759;1;1;1;38.78607954;3
7998762;1;1;1;20.4230936;2
7998766;1;1;1;60.871099099;3
7998769;1;1;1;48.984671516;3
7998774;1;1;1;24.836183074;3
7998774;2;1;2;24.836183074;4
7998774;3;1;3;24.836183074;5
7998786;1;1;1;217.9732392;3
7998788;1;1;1;20.4230936;3
7998792;1;1;1;74.20243831;2
7998818;1;1;1;20.4230936;3
7998818;2;1;2;20.4230936;4
7998827;1;1;1;99.081056071;2
7998827;2;1;2;99.081056071;3
7998831;1;1;1;99.081056071;2
7998831;2;1;2;99.081056071;3
7998834;1;1;1;85.663848517;2
7998834;2;1;2;85.663848517;3
7998835;1;1;1;119.95645025;6
7998851;1;1;1;8.5151865681;2
7998851;2;1;2;8.5151865681;3
7998851;3;1;3;8.5151865681;4
7998857;1;1;1;28.911914909;3
7998862;1;1;1;49.379436853;2
7998862;2;1;2;49.379436853;3
7998873;1;1;1;50.130148632;3
7998884;1;1;1;27.396956975;3
7998911;1;1;1;34.397499419;3
7998920;1;1;1;8.5151865681;2
7998920;2;1;2;8.5151865681;3
7998921;1;1;1;32.252168434;3
7998939;1;1;1;29.53699548;6
7998957;1;1;1;427.57529436;4
7998957;2;1;2;427.57529436;5
7998964;1;1;1;28.423301677;4
7998964;2;1;2;28.423301677;5
7998991;1;1;1;52.957573742;4
7998991;2;1;2;52.957573742;5
7999024;1;1;1;17.035307176;3
7999024;2;1;2;17.035307176;4
7999024;3;1;3;17.035307176;5
7999024;4;1;4;17.035307176;6
7999024;5;1;5;17.035307176;7
7999037;1;1;1;55.467959219;5
7999037;2;1;2;55.467959219;6
7999041;1;1;1;4.8025652244;3
7999041;2;1;2;4.8025652244;4
7999048;1;1;1;176.39473444;3
7999048;2;1;2;176.39473444;4
7999060;1;1;1;4.8025652244;4
7999066;1;1;1;4.5414328363;3
7999066;2;1;2;4.5414328363;4
7999066;3;1;3;4.5414328363;5
7999072;1;1;1;146.80671569;5
7999073;1;1;1;44.906016176;2
7999079;1;1;1;95.208118579;3
7999079;2;1;2;95.208118579;4
7999085;1;1;1;5.8389850753;3
7999085;2;1;2;5.8389850753;4
7999097;1;1;1;73.316462595;3
7999102;1;1;1;106.89382359;3
7999105;1;1;1;229.91553393;3
7999105;2;1;2;229.91553393;4
7999114;1;1;1;267.32795141;6
7999114;2;1;2;267.32795141;7
7999135;1;1;1;101.33461567;2
7999136;1;1;1;136.35941331;3
7999136;2;1;2;136.35941331;5
7999136;3;1;3;136.35941331;5
7999140;1;1;1;120.53045332;1
7999142;1;1;1;74.695929159;3
7999146;1;1;1;148.01639337;3
7999146;2;1;2;148.01639337;4
7999146;3;1;3;148.01639337;5
7999146;4;1;4;148.01639337;6
7999160;1;1;1;44.086204364;2
7999162;1;1;1;485.6234504;3
7999166;1;1;1;47.073009903;2
7999166;2;1;2;47.073009903;3
7999166;3;1;3;47.073009903;4
7999177;1;1;1;76.704186589;3
7999188;1;1;1;92.422446015;3
7999200;1;1;1;81.276802549;2
7999200;2;1;2;81.276802549;3
7999200;3;1;3;81.276802549;4
7999201;1;1;1;68.76787951;3
7999205;1;1;1;174.22300667;3
7999235;1;1;1;68.345485715;3
7999237;1;1;1;109.97007032;6
7999242;1;1;1;9.7640931685;4
7999245;1;1;1;8.7700177605;3
7999247;1;1;1;347.708141;3
7999247;2;1;2;347.708141;4
7999256;1;1;1;137.76796852;2
7999256;2;1;2;137.76796852;3
7999262;1;1;1;9.5795848891;3
7999262;2;1;2;9.5795848891;4
7999262;3;1;3;9.5795848891;5
7999265;1;1;1;5.5735766628;2
7999265;2;1;2;5.5735766628;3
7999265;3;1;3;5.5735766628;4
7999267;1;1;1;60.086370426;3
7999280;1;1;1;5.5735766628;4
7999283;1;1;1;32.39615757;2
7999333;1;1;1;246.50521222;2
7999343;1;1;1;103.29959412;2
7999345;1;1;1;144.44410402;2
7999356;1;1;1;255.08609395;3
7999368;1;1;1;106.89382359;4
7999374;1;1;1;47.768521342;3
7999374;2;1;2;47.768521342;4
7999386;1;1;1;138.23875264;3
7999393;1;1;1;96.524617538;3
7999394;1;1;1;251.61733661;3
7999403;1;1;1;360.09520621;4
7999419;1;1;1;173.7431231;1
7999419;2;1;2;173.7431231;2
7999420;1;1;1;22.808189043;2
7999420;2;1;2;22.808189043;3
7999420;3;1;3;22.808189043;4
7999425;1;1;1;121.28078518;3
7999430;1;1;1;48.874774583;2
7999436;1;1;1;49.567264186;2
7999436;2;1;2;49.567264186;3
7999436;3;1;3;49.567264186;4
7999442;1;1;1;60.95369424;6
7999442;2;1;2;60.95369424;8
7999444;1;1;1;66.815482895;1
7999444;2;1;2;66.815482895;2
7999446;1;1;1;83.829429982;2
7999446;2;1;2;83.829429982;3
7999468;1;1;1;109.12781382;3
7999468;2;1;2;109.12781382;4
7999469;1;1;1;339.81817462;3
7999488;1;1;1;221.28630881;3
7999488;2;1;2;221.28630881;4
7999494;1;1;1;207.19450144;5
7999496;1;1;1;216.88965823;3
7999497;1;1;1;57.404486372;3
7999497;2;1;2;57.404486372;4
7999497;3;1;3;57.404486372;5
7999501;1;1;1;178.74992986;3
7999501;2;1;2;178.74992986;4
7999505;1;1;1;101.56688261;2
7999512;1;1;1;266.87514499;2
7999516;1;1;1;106.89382359;2
7999519;1;1;1;247.51322035;2
7999519;2;1;2;247.51322035;3
7999519;3;1;3;247.51322035;4
7999527;1;1;1;166.00797165;2
7999527;2;1;2;166.00797165;3
7999541;1;1;1;263.48251414;1
7999549;1;1;1;68.805447992;3
7999557;1;1;1;64.021129652;3
7999557;2;1;2;64.021129652;4
7999557;3;1;3;64.021129652;5
7999569;1;1;1;40.37036675;3
7999571;1;1;1;57.86753362;3
7999571;2;1;2;57.86753362;4
7999577;1;1;1;106.89382359;4
7999583;1;1;1;129.71407967;4
7999585;1;1;1;362.47527104;4
7999588;1;1;1;47.085532217;3
7999593;1;1;1;53.065938131;3
7999639;1;1;1;66.627366033;4
7999639;2;1;2;66.627366033;5
7999646;1;1;1;189.17315334;3
7999646;2;1;2;189.17315334;4
7999650;1;1;1;80.290978729;3
7999650;2;1;2;80.290978729;4
7999659;1;1;1;105.22672849;3
7999659;2;1;2;105.22672849;4
7999659;3;1;3;105.22672849;5
7999662;1;1;1;205.50068355;1
7999662;2;1;2;205.50068355;2
7999683;1;1;1;115.07999492;4
7999683;2;1;2;115.07999492;7
7999692;1;1;1;8.7700177605;2
7999692;2;1;2;8.7700177605;3
7999712;1;1;1;161.39552538;4
7999714;1;1;1;87.12252192;3
7999714;2;1;2;87.12252192;4
7999719;1;1;1;92.793236164;3
7999719;2;1;2;92.793236164;4
7999722;1;1;1;316.82215514;3
7999722;2;1;2;316.82215514;4
7999722;3;1;3;316.82215514;5
7999728;1;1;1;165.88650316;3
7999733;1;1;1;354.3289209;2
7999733;2;1;2;354.3289209;3
7999734;1;1;1;343.57150428;2
7999735;1;1;1;156.02127273;5
7999736;1;1;1;250.32565664;2
7999747;1;1;1;134.99883458;3
7999790;1;1;1;116.06203127;3
7999796;1;1;1;11.204821073;3
7999797;1;1;1;338.5204414;2
7999799;1;1;1;40.452849451;3
7999799;2;1;2;40.452849451;4
7999799;3;1;3;40.452849451;5
7999819;1;1;1;20.118954778;3
7999831;1;1;1;241.8988007;2
7999831;2;1;2;241.8988007;3
7999831;3;1;3;241.8988007;4
7999855;1;1;1;276.44204744;2
7999855;2;1;2;276.44204744;3
7999862;1;1;1;118.78190548;3
7999862;2;1;2;118.78190548;4
7999884;1;1;1;170.69538527;3
7999884;2;1;2;170.69538527;4
7999908;1;1;1;27.396956975;4
7999920;1;1;1;23.605294737;1
7999924;1;1;1;18.884235789;1
7999940;1;1;1;157.850922;4
7999968;1;1;1;548.47193992;3
7999974;1;1;1;187.67255664;3
7999997;1;1;1;192.54944419;4
7999997;2;1;2;192.54944419;5
8000023;1;1;1;135.84215278;3
8000023;2;1;2;135.84215278;4
8000033;1;1;1;217.44444665;2
8000033;2;1;2;217.44444665;3
8000035;1;1;1;383.65443007;6
8000035;2;1;2;383.65443007;7
8000039;1;1;1;191.77869883;3
8000049;1;1;1;94.992474494;2
8000055;1;1;1;98.304639986;3
8000055;2;1;2;98.304639986;4
8000071;1;1;1;133.36200801;3
8000071;2;1;2;133.36200801;4
8000071;3;1;3;133.36200801;5
8000072;1;1;1;390.84883363;4
8000072;2;1;2;390.84883363;5
8000077;1;1;1;155.72378111;3
8000077;2;1;2;155.72378111;4
8000082;1;1;1;294.43002686;3
8000082;2;1;2;294.43002686;4
8000082;3;1;3;294.43002686;5
8000099;1;1;1;151.17226692;2
8000109;1;1;1;33.340502003;3
8000118;1;1;1;11.243612513;3
8000122;1;1;1;59.901095438;2
8000124;1;1;1;316.74835807;3
8000129;1;1;1;230.99306487;3
8000142;1;1;1;215.08763466;2
8000142;2;1;2;215.08763466;3
8000142;3;1;3;215.08763466;4
8000147;1;1;1;541.92179046;3
8000153;1;1;1;430.5183564;4
8000157;1;1;1;33.340502003;3
8000178;1;1;1;85.320993234;2
8000199;1;1;1;289.94663229;3
8000199;2;1;2;289.94663229;4
8000204;1;1;1;189.54236498;2
8000216;1;1;1;314.86034388;2
8000216;2;1;2;314.86034388;3
8000223;1;1;1;17.665180239;4
8000232;1;1;1;135.8902453;3
8000232;2;1;2;135.8902453;4
8000240;1;1;1;2.8699721405;2
8000243;1;1;1;105.81343378;4
8000257;1;1;1;541.05831441;3
8000272;1;1;1;162.04560982;3
8000337;1;1;1;65.397405288;2
8000337;2;1;2;65.397405288;3
8000343;1;1;1;248.54690209;1
8000370;1;1;1;93.052325002;2
8000428;1;1;1;558.78333767;3
8000445;1;1;1;461.7852646;4
8000453;1;1;1;134.19911033;2
8000453;2;1;2;134.19911033;3
8000456;1;1;1;67.447975923;4
8000488;1;1;1;752.0661268;11
8000488;2;1;2;752.0661268;12
8000491;1;1;1;361.63821083;2
8000491;2;1;2;361.63821083;3
8000516;1;1;1;331.96650146;3
8000516;2;1;2;331.96650146;4
8000535;1;1;1;80.226737069;2
8000536;1;1;1;134.49627115;3
8000536;2;1;2;134.49627115;3
8000546;1;1;1;331.96650146;3
8000546;2;1;2;331.96650146;4
8000549;1;1;1;100.5974427;3
8000555;1;1;1;18.590915221;3
8000560;1;1;1;138.23875264;3
8000572;1;1;1;17.710848432;4
8000572;2;1;2;17.710848432;5
8000622;1;1;1;139.71543951;3
8000622;2;1;2;139.71543951;6
8000628;1;1;1;221.87834175;3
8000645;1;1;1;130.29327933;2
8000645;2;1;2;130.29327933;3
8000645;3;1;3;130.29327933;4
8000649;1;1;1;2.9304731431;3
8000664;1;1;1;163.27867863;2
8000665;1;1;1;103.04692843;2
8000696;1;1;1;17.290648129;3
8000696;2;1;2;17.290648129;4
8000696;3;1;3;17.290648129;5
8000703;1;1;1;135.21881033;2
8000705;1;1;1;106.3480704;3
8000705;2;1;2;106.3480704;4
8000707;1;1;1;96.181320764;3
8000717;1;1;1;43.924001096;3
8000717;2;1;2;43.924001096;4
8000717;3;1;3;43.924001096;5
8000723;1;1;1;11.042294378;2
8000779;1;1;1;24.171884169;4
8000780;1;1;1;238.75236445;4
8000809;1;1;1;103.1587186;3
8000819;1;1;1;131.24818762;3
8000832;1;1;1;5.8838736828;3
8000836;1;1;1;96.181320764;3
8000839;1;1;1;20.198337332;4
8000839;2;1;2;20.198337332;5
8000847;1;1;1;105.76278944;2
8000894;1;1;1;405.59485347;3
8000924;1;1;1;42.069414371;4
8000928;1;1;1;310.23889015;3
8000928;2;1;2;310.23889015;4
8000928;3;1;3;310.23889015;5
8000941;1;1;1;50.619038228;3
8000973;1;1;1;9.4698748224;4
8001013;1;1;1;116.43489929;2
8001013;2;1;2;116.43489929;3
8001021;1;1;1;93.3237272;2
8001034;1;1;1;2.6649741305;2
8001041;1;1;1;70.968605966;7
8001041;2;1;2;70.968605966;8
8001050;1;1;1;14.758832758;5
8001050;2;1;2;14.758832758;6
8001072;1;1;1;10.775083646;3
8001072;2;1;2;10.775083646;4
8001073;1;1;1;33.186530048;2
8001076;1;1;1;94.65658908;2
8001076;2;1;2;94.65658908;3
8001089;1;1;1;49.712415905;3
8001089;2;1;2;49.712415905;4
8001089;3;1;3;49.712415905;5
8001102;1;1;1;133.1261887;1
8001104;1;1;1;4.8316105278;3
8001104;2;1;2;4.8316105278;4
8001135;1;1;1;110.17381462;3
8001135;2;1;2;110.17381462;4
8001135;3;1;3;110.17381462;5
8001143;1;1;1;4.1976153384;3
8001143;2;1;2;4.1976153384;4
8001163;1;1;1;176.35759753;4
8001168;1;1;1;4.1976153384;3
8001168;2;1;2;4.1976153384;4
8001180;1;1;1;4.460573305;3
8001198;1;1;1;233.37013844;1
8001210;1;1;1;52.690640427;2
8001211;1;1;1;187.53918769;4
8001213;1;1;1;98.83048348;3
8001213;2;1;2;98.83048348;4
8001213;3;1;3;98.83048348;5
8001215;1;1;1;52.393510138;2
8001218;1;1;1;116.96069426;5
8001222;1;1;1;469.26650857;4
8001222;2;1;2;469.26650857;5
8001231;1;1;1;213.08794404;2
8001244;1;1;1;138.94013519;3
8001244;2;1;2;138.94013519;4
8001244;3;1;3;138.94013519;5
8001268;1;1;1;718.82184484;5
8001275;1;1;1;98.220508576;2
8001275;2;1;2;98.220508576;3
8001279;1;1;1;297.29745421;2
8001291;1;1;1;66.705796669;3
8001292;1;1;1;494.72394883;3
8001318;1;1;1;194.27983385;3
8001349;1;1;1;162.47135307;2
8001363;1;1;1;19.131080932;3
8001363;2;1;2;19.131080932;2
8001363;3;1;3;19.131080932;1
8001364;1;1;1;127.74556733;3
8001364;2;1;2;127.74556733;4
8001366;1;1;1;52.393510138;2
8001372;1;1;1;611.98376541;2
8001398;1;1;1;18.993037335;3
8001398;2;1;2;18.993037335;4
8001398;3;1;3;18.993037335;5
8001419;1;1;1;93.950569233;4
8001425;1;1;1;106.3451018;1
8001430;1;1;1;147.85203555;2
8001430;2;1;2;147.85203555;3
8001430;3;1;3;147.85203555;4
8001432;1;1;1;253.7785259;2
8001432;2;1;2;253.7785259;3
8001432;3;1;3;253.7785259;4
8001432;4;1;4;253.7785259;7
8001455;1;1;1;25.75408338;3
8001479;1;1;1;2.4599761205;2
8001492;1;1;1;115.85945193;3
8001509;1;1;1;24.778267911;7
8001509;2;1;2;24.778267911;8
8001521;1;1;1;20.980667067;8
8001535;1;1;1;14.693824544;3
8001552;1;1;1;16.829583852;4
8001602;1;1;1;62.437010751;3
8001602;2;1;2;62.437010751;4
8001602;3;1;3;62.437010751;5
8001622;1;1;1;52.613906845;3
8001622;2;1;2;52.613906845;4
8001642;1;1;1;16.026019553;5
8001642;2;1;2;16.026019553;6
8001643;1;1;1;87.846169674;3
8001643;2;1;2;87.846169674;4
8001643;3;1;3;87.846169674;5
8001644;1;1;1;11.536240816;2
8001656;1;1;1;54.552853196;2
8001699;1;1;1;107.98714237;4
8001757;1;1;1;307.07434807;4
8001768;1;1;1;35.793564904;3
8001768;2;1;2;35.793564904;4
8001768;3;1;3;35.793564904;5
8001796;1;1;1;5.3205534702;3
8001796;2;1;2;5.3205534702;4
8001877;1;1;1;177.5204173;2
8001882;1;1;1;310.23889015;3
8001882;2;1;2;310.23889015;4
8001897;1;1;1;126.20728543;3
8001919;1;1;1;145.97968966;3
8001919;2;1;2;145.97968966;4
8001944;1;1;1;1074.0122003;4
8001951;1;1;1;532.14246907;3
8001961;1;1;1;60.277952582;3
8001963;1;1;1;232.45721498;2
8001963;2;1;2;232.45721498;3
8001971;1;1;1;141.61017151;3
8001971;2;1;2;141.61017151;4
8002003;1;1;1;235.49388832;3
8002008;1;1;1;301.96884907;3
8002016;1;1;1;309.60392906;4
8002021;1;1;1;73.347637134;4
8002032;1;1;1;67.145592413;1
8002068;1;1;1;310.23889015;4
8002068;2;1;2;310.23889015;5
8002080;1;1;1;76.595646996;3
8002080;2;1;2;76.595646996;4
8002080;3;1;3;76.595646996;5
8002097;1;1;1;96.181320764;3
8002101;1;1;1;115.17813053;3
8002101;2;1;2;115.17813053;4
8002117;1;1;1;74.565104596;2
8002117;2;1;2;74.565104596;3
8002139;1;1;1;139.41206035;4
8002139;2;1;2;139.41206035;5
8002187;1;1;1;84.270984277;2
8002187;2;1;2;84.270984277;3
8002189;1;1;1;184.72160285;2
8002189;2;1;2;184.72160285;3
8002191;1;1;1;92.186863864;3
8002191;2;1;2;92.186863864;4
8002227;1;1;1;46.238447446;2
8002229;1;1;1;77.559722537;3
8002236;1;1;1;62.061931855;2
8002236;2;1;2;62.061931855;3
8002236;3;1;3;62.061931855;4
8002278;1;1;1;7.8768340547;3
8002279;1;1;1;46.238447446;1
8002281;1;1;1;209.53676277;4
8002290;1;1;1;1.9679808964;2
8002290;2;1;2;1.9679808964;3
8002308;1;1;1;54.552853196;2
8002310;1;1;1;2.9383048106;3
8002323;1;1;1;122.87300287;5
8002328;1;1;1;15.819073422;3
8002337;1;1;1;8.5151865681;2
8002347;1;1;1;1.9679808964;2
8002347;2;1;2;1.9679808964;3
8002355;1;1;1;242.69918827;3
8002355;2;1;2;242.69918827;4
8002356;1;1;1;92.067648937;4
8002357;1;1;1;35.816569941;2
8002362;1;1;1;52.345727746;3
8002365;1;1;1;59.561764729;2
8002365;2;1;2;59.561764729;3
8002365;3;1;3;59.561764729;4
8002366;1;1;1;23.684068552;4
8002366;2;1;2;23.684068552;5
8002366;3;1;3;23.684068552;6
8002384;1;1;1;104.018147;3
8002384;2;1;2;104.018147;4
8002407;2;1;2;567.28104292;2
8002407;1;1;1;567.28104292;1
8002424;1;1;1;4.1976153384;2
8002432;1;1;1;21.368224851;6
8002440;1;1;1;921.08327692;2
8002443;1;1;1;442.20049759;4
8002447;1;1;1;180.08886977;7
8002456;1;1;1;110.97140688;4
8002457;1;1;1;20.866150819;4
8002459;1;1;1;4.7788608193;3
8002470;1;1;1;419.56595921;4
8002470;2;1;2;419.56595921;5
8002472;1;1;1;172.17849192;5
8002474;1;1;1;12.582404972;3
8002490;1;1;1;217.42300913;3
8002490;2;1;2;217.42300913;4
8002490;3;1;3;217.42300913;5
8002490;4;1;4;217.42300913;6
8002500;1;1;1;66.773418727;3
8002500;2;1;2;66.773418727;4
8002514;1;1;1;8.5151865681;3
8002514;2;1;2;8.5151865681;4
8002514;3;1;3;8.5151865681;5
8002515;1;1;1;60.30539577;5
8002518;1;1;1;45.834539591;2
8002532;1;1;1;43.7188958;3
8002544;1;1;1;25.206388056;2
8002564;1;1;1;23.697733425;2
8002573;1;1;1;44.456253863;3
8002589;1;1;1;38.062247907;2
8002617;1;1;1;36.584418391;2
8002618;1;1;1;27.264972129;2
8002618;2;1;2;27.264972129;3
8002622;1;1;1;164.78645104;3
8002643;1;1;1;29.637502576;2
8002643;2;1;2;29.637502576;3
8002712;1;1;1;3.6444090674;3
8010400;1;1;1;62.749381541;2
8010433;1;1;1;63.592172539;2
8010473;1;1;1;13.678214198;5
8010487;1;1;1;244.48238784;4
8010520;1;1;1;477.06821183;4
8010547;1;1;1;597.94755947;7
8010547;2;1;2;597.94755947;14
8010551;1;1;1;495.05714502;3
8010551;2;1;2;495.05714502;4
8010552;1;1;1;451.33243237;3
8010571;1;1;1;214.323843;3
8010578;1;1;1;332.64443059;3
8010580;1;1;1;160.15432675;2
8010642;1;1;1;20.238203461;2
8010660;1;1;1;44.413908703;1
8010676;1;1;1;44.866724394;1
8010692;1;1;1;14.740514425;3
8010753;1;1;1;194.25066851;3
8010753;2;1;2;194.25066851;4
8010793;1;1;1;162.47584258;3
8010825;1;1;1;113.53847222;4
8010826;1;1;1;238.34352462;4
8010827;1;1;1;207.8056036;3
8010860;1;1;1;16.250918934;2
8010860;2;1;2;16.250918934;3
8010877;1;1;1;163.16649623;2
8010891;1;1;1;27.638464546;3
8010908;1;1;1;85.209428605;4
8010909;1;1;1;37.411179746;2
8010909;2;1;2;37.411179746;3
8010971;1;1;1;112.28979299;3
8010971;2;1;2;112.28979299;4
8010978;1;1;1;122.1085758;3
8010978;2;1;2;122.1085758;4
8010981;2;1;2;127.86857239;5
8010981;1;1;1;127.86857239;4
8011015;1;1;1;107.49147281;3
8011015;2;1;2;107.49147281;4
8011040;1;1;1;147.31868803;5
8011049;1;1;1;160.60047363;1
8011049;2;1;2;160.60047363;2
8011067;1;1;1;105.46316687;2
8011078;1;1;1;100.7641604;3
8011086;1;1;1;85.245714926;1
8011086;2;1;2;85.245714926;2
8011089;1;1;1;13.512138222;3
8011089;2;1;2;13.512138222;4
8011094;1;1;1;122.70585479;7
8011094;2;1;2;122.70585479;8
8011094;3;1;3;122.70585479;9
8011096;1;1;1;63.598637611;5
8011098;1;1;1;74.824919509;3
8011101;1;1;1;42.391945294;2
8011143;1;1;1;84.736238865;3
8011145;1;1;1;10.294792275;3
8011145;2;1;2;10.294792275;4
8011145;3;1;3;10.294792275;5
8011152;1;1;1;87.472495177;3
8011152;2;1;2;87.472495177;4
8011152;3;1;3;87.472495177;5
8011152;4;1;4;87.472495177;6
8011155;1;1;1;83.28451099;3
8011158;1;1;1;60.400638;3
8011164;1;1;1;84.533699749;4
8011164;2;1;2;84.533699749;5
8011167;1;1;1;90.4267076;3
8011167;2;1;2;90.4267076;4
8011168;1;1;1;7.5454529943;2
8011172;1;1;1;13.512138222;3
8011172;2;1;2;13.512138222;4
8011173;1;1;1;44.641149614;5
8011174;1;1;1;143.72075802;3
8011195;1;1;1;27.207536375;3
8011198;1;1;1;14.740514425;2
8011198;2;1;2;14.740514425;3
8011257;1;1;1;170.37447004;2
8011257;2;1;2;170.37447004;3
8011350;1;1;1;164.23932004;3
8011414;1;1;1;84.756551546;3
8011418;1;1;1;67.538677693;3
8011430;1;1;1;79.681645472;2
8011430;2;1;2;79.681645472;3
8011431;1;1;1;121.44984438;3
8011439;1;1;1;99.845385668;3
8011439;2;1;2;99.845385668;4
8011441;1;1;1;71.894976665;2
8011488;1;1;1;244.69071822;4
8011488;2;1;2;244.69071822;5
8011498;1;1;1;127.42554222;4
8011498;2;1;2;127.42554222;6
8011498;3;1;3;127.42554222;7
8011502;1;1;1;161.40437933;3
8011503;1;1;1;89.337353714;2
8011504;1;1;1;102.02280741;3
8011504;2;1;2;102.02280741;4
8011505;1;1;1;57.724646396;3
8011505;2;1;2;57.724646396;4
8011506;1;1;1;101.28610418;2
8011510;1;1;1;113.38552925;3
8011510;2;1;2;113.38552925;4
8011511;1;1;1;53.998534114;3
8011518;1;1;1;132.32070019;3
8011534;1;1;1;100.35342978;1
8011579;1;1;1;190.56219392;6
8011579;2;1;2;190.56219392;7
8011586;1;1;1;103.70701472;3
8011586;2;1;2;103.70701472;4
8011589;1;1;1;123.15387764;3
8011589;2;1;2;123.15387764;4
8011591;1;1;1;47.640548479;3
8011609;1;1;1;58.737659337;2
8011611;1;1;1;86.965714662;3
8011616;1;1;1;65.361255955;3
8011616;2;1;2;65.361255955;4
8011625;1;1;1;55.59712369;3
8011630;1;1;1;107.13217285;2
8011631;1;1;1;71.264789974;3
8011631;2;1;2;71.264789974;4
8011640;1;1;1;371.33096052;3
8011640;2;1;2;371.33096052;4
8011648;1;1;1;105.01700655;1
8011649;1;1;1;50.857998468;4
8011650;1;1;1;76.090690895;2
8011660;1;1;1;74.990902255;4
8011660;2;1;2;74.990902255;5
8011667;1;1;1;49.31842373;1
8011668;1;1;1;67.538677693;3
8011691;1;1;1;118.85804115;2
8011691;2;1;2;118.85804115;3
8011693;1;1;1;209.31201678;3
8011693;2;1;2;209.31201678;4
8011694;1;1;1;38.112803468;2
8011700;1;1;1;73.826493459;2
8011700;2;1;2;73.826493459;3
8011700;3;1;3;73.826493459;4
8011701;1;1;1;113.28384592;5
8011705;1;1;1;1645.1872007;3
8011706;1;1;1;119.24068126;3
8011706;2;1;2;119.24068126;4
8011710;1;1;1;64.196847159;2
8011710;2;1;2;64.196847159;3
8011723;1;1;1;184.88227841;3
8011728;1;1;1;161.56019325;3
8011728;2;1;2;161.56019325;4
8011742;1;1;1;65.361255955;2
8011742;2;1;2;65.361255955;3
8011755;1;1;1;110.64439895;4
8011755;2;1;2;110.64439895;5
8011755;3;1;3;110.64439895;6
8011755;4;1;4;110.64439895;8
8011759;1;1;1;110.94853044;3
8011763;1;1;1;150.42656207;2
8011772;1;1;1;183.23841491;3
8011774;1;1;1;165.73760443;3
8011783;1;1;1;130.18132758;3
8011783;2;1;2;130.18132758;4
8011813;1;1;1;116.45479009;2
8011817;1;1;1;89.18674835;4
8011828;1;1;1;100.63882334;2
8011832;1;1;1;111.73846429;3
8011844;1;1;1;77.284609983;2
8011866;1;1;1;118.64172722;3
8011866;2;1;2;118.64172722;4
8011915;1;1;1;386.45685798;3
8011915;2;1;2;386.45685798;4
8011915;3;1;3;386.45685798;5
8011948;1;1;1;168.68084755;4
8011951;1;1;1;56.231765092;3
8012012;1;1;1;45.637738002;2
8012012;2;1;2;45.637738002;3
8012012;3;1;3;45.637738002;4
8012024;1;1;1;42.831373576;3
8012026;1;1;1;114.95824257;3
8012026;2;1;2;114.95824257;4
8012036;1;1;1;70.907076238;2
8012036;2;1;2;70.907076238;3
8012063;1;1;1;231.93184822;2
8012070;1;1;1;57.45558969;4
8012084;1;1;1;165.86161733;3
8012088;1;1;1;135.09267765;3
8012088;2;1;2;135.09267765;4
8012141;1;1;1;10.77525757;2
8012141;2;1;2;10.77525757;3
8012141;3;1;3;10.77525757;4
8012153;1;1;1;10.77525757;2
8012153;2;1;2;10.77525757;3
8012155;1;1;1;10.77525757;3
8012164;1;1;1;13.169759252;3
8012164;2;1;2;13.169759252;4
8012172;1;1;1;13.169759252;4
8012177;1;1;1;614.73303342;4
8012178;1;1;1;31.022255985;2
8012187;1;1;1;63.505508535;3
8012196;1;1;1;353.28335131;2
8012227;1;1;1;56.616260452;4
8012227;2;1;2;56.616260452;5
8012227;3;1;3;56.616260452;6
8012235;1;1;1;49.712867281;3
8012235;2;1;2;49.712867281;4
8012239;1;1;1;55.969214471;4
8012239;2;1;2;55.969214471;5
8012271;1;1;1;88.186032666;5
8012271;2;1;2;88.186032666;6
8012271;3;1;3;88.186032666;7
8012271;4;1;4;88.186032666;8
8012275;1;1;1;95.142868815;3
8012303;1;1;1;60.64364619;3
8012303;2;1;2;60.64364619;4
8012310;1;1;1;15.333570539;3
8012310;2;1;2;15.333570539;4
8012310;3;1;3;15.333570539;5
8012320;1;1;1;77.027093092;3
8012320;2;1;2;77.027093092;4
8012320;3;1;3;77.027093092;5
8012322;1;1;1;127.16136698;5
8012338;1;1;1;41.488309899;4
8012338;2;1;2;41.488309899;5
8012338;3;1;3;41.488309899;6
8012338;4;1;4;41.488309899;7
8012339;1;1;1;276.29525094;1
8012352;1;1;1;75.924053;4
8012368;1;1;1;101.89251781;4
8012368;2;1;2;101.89251781;5
8012392;1;1;1;118.26898339;5
8012395;1;1;1;17.072968568;3
8012395;2;1;2;17.072968568;4
8012408;1;2;1;51.819137387;2
8012408;2;2;2;51.819137387;3
8012409;1;1;1;117.17162312;3
8012424;1;1;1;41.183665416;3
8012432;1;1;1;257.90153529;3
8012432;2;1;2;257.90153529;4
8012437;1;1;1;144.610978;3
8012437;2;1;2;144.610978;4
8012441;1;1;1;55.259577974;5
8012455;1;1;1;895.95300229;3
8012455;2;1;2;895.95300229;4
8012460;1;1;1;70.255148474;4
8012460;2;1;2;70.255148474;5
8012461;1;1;1;217.50575827;3
8012475;1;1;1;144.77955521;3
8012489;1;1;1;67.224813029;3
8012507;1;1;1;93.585836111;3
8012507;2;1;2;93.585836111;4
8012515;1;1;1;89.982084836;3
8012515;2;1;2;89.982084836;4
8012525;1;1;1;183.08823762;3
8012525;2;1;2;183.08823762;4
8012525;3;1;3;183.08823762;5
8012547;1;1;1;1094.1977072;5
8012547;2;1;2;1094.1977072;4
8012547;3;1;3;1094.1977072;3
8012558;1;1;1;78.161754242;3
8012559;1;1;1;63.015656022;3
8012560;1;1;1;89.980825692;3
8012560;2;1;2;89.980825692;4
8012560;3;1;3;89.980825692;5
8012581;1;1;1;121.17641991;3
8012582;1;1;1;111.09770103;3
8012582;2;1;2;111.09770103;4
8012582;3;1;3;111.09770103;6
8012592;1;1;1;164.46310415;4
8012592;2;1;2;164.46310415;5
8012597;1;1;1;75.575309122;4
8012597;2;1;2;75.575309122;5
8012600;1;1;1;74.604921859;2
8012600;2;1;2;74.604921859;3
8012659;1;1;1;82.594938806;2
8012679;1;1;1;78.153262482;3
8012680;1;1;1;126.73054121;4
8012691;1;1;1;133.36200801;3
8012691;2;1;2;133.36200801;4
8012693;1;1;1;217.93917392;3
8012693;2;1;2;217.93917392;4
8012699;1;1;1;54.583798026;3
8012769;1;1;1;338.05277091;2
8012794;1;1;1;144.63235725;3
8012814;1;1;1;64.475383823;2
8012815;1;1;1;34.446075324;3
8012872;1;1;1;106.1985261;4
8012880;1;1;1;111.12771706;2
8012883;1;1;1;403.21240835;3
8012883;2;1;2;403.21240835;4
8012883;3;1;3;403.21240835;5
8012883;4;1;4;403.21240835;6
8012883;5;1;5;403.21240835;7
8012886;1;1;1;220.84719889;4
8012895;1;1;1;161.68985467;3
8012895;2;1;2;161.68985467;4
8012899;1;1;1;116.6254178;3
8012899;2;1;2;116.6254178;4
8012899;3;1;3;116.6254178;5
8012899;4;1;4;116.6254178;6
8012903;1;1;1;45.82276469;3
8012903;2;1;2;45.82276469;4
8012916;1;1;1;87.431629227;3
8012916;2;1;2;87.431629227;4
8012916;3;1;3;87.431629227;5
8012924;1;1;1;461.81754995;3
8012954;1;1;1;44.061579478;3
8012954;2;1;2;44.061579478;4
8012956;1;1;1;375.27931537;3
8012956;2;1;2;375.27931537;4
8012960;1;1;1;45.754950195;3
8012970;1;1;1;274.08332847;1
8012970;2;1;2;274.08332847;2
8012992;1;1;1;227.38832362;3
8013039;1;1;1;133.36200801;1
8013039;2;1;2;133.36200801;2
8013039;3;1;3;133.36200801;3
8013043;1;1;1;80.558327119;2
8013043;2;1;2;80.558327119;3
8013044;1;1;1;15.920873044;2
8013079;1;1;1;439.60742257;3
8013079;2;1;2;439.60742257;4
8013083;1;1;1;85.673979134;3
8013083;2;1;2;85.673979134;4
8013090;1;1;1;12.068305436;2
8013090;2;1;2;12.068305436;3
8013091;1;1;1;156.74170479;4
8013106;1;1;1;85.402640432;3
8013106;2;1;2;85.402640432;4
8013110;1;1;1;152.32382685;4
8013110;2;1;2;152.32382685;5
8013118;1;1;1;82.295579065;4
8013153;1;1;1;99.082901002;3
8013153;2;1;2;99.082901002;4
8013154;1;1;1;103.90208689;3
8013154;2;1;2;103.90208689;4
8013165;1;1;1;238.86393731;3
8013228;1;1;1;226.62547498;2
8013254;1;1;1;210.26582363;2
8013268;1;1;1;250.16033925;3
8013282;1;1;1;121.03550634;4
8013282;2;1;2;121.03550634;5
8013285;1;1;1;734.99586821;5
8013289;1;1;1;90.135629105;3
8013301;1;1;1;327.13596156;2
8013306;1;1;1;278.06851093;4
8013310;1;1;1;413.21214773;3
8013310;2;1;2;413.21214773;4
8013324;1;1;1;198.82532402;3
8013324;2;1;2;198.82532402;4
8013334;1;1;1;238.75236445;3
8013337;1;1;1;17.045860614;5
8013337;2;1;2;17.045860614;6
8013349;1;2;1;193.42042574;3
8013355;1;1;1;30.154154093;3
8013356;1;1;1;18.618434464;4
8013360;1;1;1;43.123875765;2
8013362;1;1;1;66.872495573;3
8013370;1;1;1;71.161081357;3
8013370;2;1;2;71.161081357;4
8013376;1;1;1;197.87819564;2
8013381;1;1;1;131.75146421;2
8013390;1;1;1;353.89643176;3
8013420;1;1;1;179.31355491;2
8013423;1;1;1;36.818061489;3
8013431;1;1;1;485.81806387;5
8013437;1;1;1;471.25779374;2
8013437;2;1;2;471.25779374;3
8013437;3;1;3;471.25779374;3
8013437;4;1;4;471.25779374;4
8013441;1;1;1;28.366046975;2
8013450;1;1;1;45.976654214;1
8013454;1;1;1;67.69278759;2
8013459;1;1;1;394.66710086;3
8013460;1;1;1;52.85998608;2
8013462;1;1;1;312.86839582;4
8013463;1;1;1;49.138027892;4
8013464;1;1;1;317.17827931;6
8013466;1;1;1;14.702704623;3
8013466;2;1;2;14.702704623;4
8013468;1;1;1;165.06924792;4
8013468;2;1;2;165.06924792;5
8013469;1;1;1;339.67409209;3
8013480;1;1;1;59.536898751;3
8013496;1;1;1;136.25490842;2
8013496;2;1;2;136.25490842;3
8013523;1;1;1;272.7943136;1
8013526;1;1;1;226.68088496;3
8013531;1;1;1;93.939943658;4
8013535;1;1;1;137.88927878;3
8013554;1;1;1;158.42927298;3
8013589;1;1;1;114.26347088;4
8013589;2;1;2;114.26347088;5
8013604;1;1;1;132.39008396;4
8013604;2;1;2;132.39008396;5
8013604;3;1;3;132.39008396;6
8013608;1;1;1;141.17267632;3
8013608;2;1;2;141.17267632;4
8013608;3;1;3;141.17267632;5
8013653;1;1;1;58.089781839;3
8013653;2;1;2;58.089781839;4
8013708;1;1;1;26.507102294;3
8013722;1;1;1;250.43459538;2
8013734;1;1;1;207.30401995;1
8013735;1;1;1;95.625602878;4
8013735;2;1;2;95.625602878;5
8013750;1;1;1;83.14245669;2
8013762;1;1;1;352.79951998;2
8061059;1;1;1;169.92460273;3
8061059;2;1;2;169.92460273;4
8061059;3;1;3;169.92460273;5
8061063;1;1;1;190.84187077;3
8061063;2;1;2;190.84187077;4
8061063;3;1;3;190.84187077;5
8061075;1;1;1;1692.8939709;3
8061075;2;1;2;1692.8939709;4
8061097;1;1;1;10.336869355;5
8061105;1;1;1;257.40671627;3
8061105;2;1;2;257.40671627;4
8061129;1;1;1;968.70011096;3
8061135;1;1;1;65.470962718;3
8061135;2;1;2;65.470962718;4
8061162;1;1;1;347.44459668;3
8061179;1;1;1;17.711417496;2
8061193;1;1;1;65.786407801;5
8061193;2;1;2;65.786407801;6
8061228;1;1;1;218.38150036;1
8061228;2;1;2;218.38150036;1
8061234;1;1;1;145.74403095;3
8061234;2;1;2;145.74403095;4
8061324;1;1;1;228.88899112;2
8061337;1;1;1;91.809876044;5
8061344;1;1;1;325.03390649;3
8061362;1;1;1;231.17561663;3
8061362;2;1;2;231.17561663;4
8061404;1;1;1;43.591246946;3
8061404;2;1;2;43.591246946;4
8061404;3;1;3;43.591246946;5
8061409;1;1;1;382.14818435;3
8061449;1;1;1;236.18337207;5
8061449;2;1;2;236.18337207;6
8061451;1;1;1;13.637680966;4
8061451;2;1;2;13.637680966;5
8061471;1;1;1;404.0178045;3
8061511;1;1;1;69.330342104;3
8061511;2;1;2;69.330342104;4
8061511;3;1;3;69.330342104;5
8061523;1;1;1;485.13532675;4
8061524;1;1;1;341.28560182;3
8061542;1;1;1;102.73464754;3
8061542;2;1;2;102.73464754;4
8061560;1;1;1;256.27130937;2
8061572;1;1;1;125.62861731;6
8061572;2;1;2;125.62861731;7
8061573;1;1;1;75.374690753;3
8061573;2;1;2;75.374690753;4
8061629;1;1;1;227.55086066;6
8061629;2;1;2;227.55086066;7
8061659;1;1;1;276.69459591;3
8061686;1;1;1;10.102606741;4
8061727;1;1;1;43.602370074;3
8061740;1;1;1;890.75235534;3
8061772;1;1;1;409.06890965;5
8061862;1;1;1;132.94344487;2
8061862;2;1;2;132.94344487;3
8061867;1;1;1;28.004855831;3
8061867;2;1;2;28.004855831;4
8061867;3;1;3;28.004855831;5
8061867;4;1;4;28.004855831;6
8061868;1;1;1;376.769437;3
8061900;1;1;1;228.600985;4
8061921;1;1;1;157.0226847;4
8061941;1;1;1;109.41847314;7
8061941;2;1;2;109.41847314;8
8061943;1;1;1;293.03571287;4
8062008;1;1;1;43.149084242;3
8062008;2;1;2;43.149084242;4
8062008;3;1;3;43.149084242;5
8062018;1;1;1;220.4175501;4
8062022;1;1;1;156.01881002;2
8062050;1;1;1;219.32458628;4
8062050;2;1;2;219.32458628;5
8062053;1;1;1;161.75919143;3
8062053;2;1;2;161.75919143;4
8062067;1;1;1;200.25330144;3
8062067;2;1;2;200.25330144;4
8062071;1;1;1;85.614897148;3
8062071;2;1;2;85.614897148;4
8062075;1;1;1;85.37426895;4
8062108;1;1;1;79.91441774;3
8062108;2;1;2;79.91441774;4
8062112;1;1;1;139.3493234;2
8062113;1;1;1;141.35516874;4
8062118;1;1;1;345.61166083;4
8062143;1;1;1;343.13605241;2
8062160;1;1;1;247.15936824;1
8062162;1;1;1;155.26925659;2
8062162;2;1;2;155.26925659;3
8062287;1;1;1;196.42511343;3
8062287;2;1;2;196.42511343;4
8062287;3;1;3;196.42511343;5
8062297;1;1;1;228.34953518;3
8062300;1;1;1;314.23483698;2
8062300;2;1;2;314.23483698;3
8062310;1;1;1;393.74445699;2
8062313;1;1;1;65.651083886;5
8062313;2;1;2;65.651083886;6
8062318;1;1;1;88.222720593;4
8062331;1;1;1;7.0441897055;3
8062337;1;1;1;16.178225735;4
8062375;1;1;1;128.78636331;5
8062379;1;1;1;64.920768965;4
8062379;2;1;2;64.920768965;5
8062379;3;1;3;64.920768965;6
8062387;1;1;1;20.347316743;3
8062387;2;1;2;20.347316743;4
8062401;1;1;1;16.182724596;3
8062410;1;1;1;104.13701303;3
8062410;2;1;2;104.13701303;4
8062419;1;1;1;228.40644674;2
8062419;2;1;2;228.40644674;3
8062467;1;1;1;74.79215796;3
8062467;2;1;2;74.79215796;4
8062482;1;1;1;68.899123886;3
8062518;1;1;1;51.221785434;5
8062527;1;1;1;28.378064865;3
8062544;1;1;1;700.19093066;3
8062544;2;1;2;700.19093066;4
8062596;1;1;1;158.09233304;2
8062596;2;1;2;158.09233304;3
8062607;1;1;1;17.024009566;2
8062661;1;1;1;87.688290521;4
8062687;1;1;1;248.34179355;3
8062687;2;1;2;248.34179355;4
8062711;1;1;1;436.9464356;4
8062715;1;1;1;238.47821466;2
8062715;2;1;2;238.47821466;3
8062732;1;1;1;48.627347417;2
8062732;2;1;2;48.627347417;3
8062732;3;1;3;48.627347417;4
8062765;1;1;1;185.79552548;2
8062766;1;1;1;228.26979887;3
8062806;1;1;1;742.71438056;1
8062856;1;1;1;173.11842294;4
8062891;1;1;1;105.04173422;1
8062899;1;1;1;11.479888562;4
8062899;2;1;2;11.479888562;5
8062899;3;1;3;11.479888562;6
8062899;4;1;4;11.479888562;7
8062959;1;1;1;22.427016326;2
8062991;1;1;1;223.57091969;3
8063049;1;1;1;158.2328972;3
8063049;2;1;2;158.2328972;5
8063062;1;1;1;216.88287455;3
8063062;2;1;2;216.88287455;4
8063064;1;1;1;243.39863886;4
8063099;1;1;1;666.88308852;3
8063118;1;1;1;233.12362105;3
8063141;1;1;1;40.49562386;1
8063141;2;1;2;40.49562386;2
8063145;1;1;1;138.56650718;3
8063145;2;1;2;138.56650718;4
8063149;1;1;1;23.601270419;4
8063173;1;1;1;83.285049286;2
8063186;1;1;1;51.925268676;3
8063186;2;1;2;51.925268676;4
8063208;1;1;1;250.52316546;4
8063218;1;1;1;39.936273128;3
8063252;1;1;1;7.0441897055;3
8063261;1;1;1;77.00932136;3
8063261;2;1;2;77.00932136;4
8063291;1;1;1;132.65522645;2
8063291;2;1;2;132.65522645;3
8063400;1;1;1;397.27625082;3
8063409;1;1;1;314.8866565;3
8063409;2;1;2;314.8866565;4
8063410;1;1;1;89.553138615;3
8063410;2;1;2;89.553138615;5
8063413;1;1;1;95.391957132;4
8063413;2;1;2;95.391957132;5
8063413;3;1;3;95.391957132;7
8063423;1;1;1;88.225869046;3
8063423;2;1;2;88.225869046;4
8063423;3;1;3;88.225869046;5
8063425;1;1;1;167.7555262;2
8063443;1;2;1;81.864309677;2
8063443;2;2;2;81.864309677;3
8063471;1;1;1;70.197917156;3
8063495;1;1;1;24.909428918;3
8063495;2;1;2;24.909428918;4
8063540;1;1;1;368.5741376;6
8063566;1;1;1;23.757620968;3
8063607;1;1;1;149.95568157;4
8063611;1;1;1;7.7588407718;2
8063611;2;1;2;7.7588407718;3
8063611;3;1;3;7.7588407718;4
8063616;1;1;1;15.114392079;3
8063620;1;1;1;30.294908549;4
8063679;1;1;1;688.06794051;5
8063697;1;1;1;88.13341828;3
8063701;1;1;1;265.87887857;1
8063714;1;1;1;10.559738211;3
8063715;1;1;1;12.441029629;3
8063768;1;1;1;43.891212969;3
8063778;1;1;1;17.161173432;5
8063860;1;1;1;99.071468384;3
8063860;2;1;2;99.071468384;4
8063876;1;1;1;83.040534928;3
8063887;1;1;1;9.9768097041;2
8063893;1;1;1;46.439065998;3
8063897;1;1;1;9.0046195996;3
8063897;2;1;2;9.0046195996;4
8063906;1;1;1;275.63941151;3
8063906;2;1;2;275.63941151;4
8063908;1;1;1;21.646813862;2
8063917;1;1;1;252.63488625;3
8063936;1;1;1;197.20313932;3
8063938;1;1;1;247.00684931;3
8063938;2;1;2;247.00684931;4
8063954;1;1;1;64.616766964;2
8063971;1;1;1;552.4900586;3
8063971;2;1;2;552.4900586;4
8063971;3;1;3;552.4900586;5
8063983;1;1;1;80.5405038;2
8063988;1;1;1;270.43242839;2
8063988;2;1;2;270.43242839;3
8064016;1;1;1;17.996189791;3
8064021;1;1;1;17.278137541;3
8064027;1;1;1;318.04720638;3
8064034;1;1;1;77.529114456;2
8064042;1;1;1;41.921301301;4
8064045;1;1;1;37.530929519;2
8064045;2;1;2;37.530929519;3
8064068;1;1;1;23.349914243;3
8064118;1;1;1;5.8838736828;3
8064118;2;1;2;5.8838736828;4
8064150;1;1;1;33.661009499;3
8064150;2;1;2;33.661009499;4
8064152;1;1;1;57.86253715;3
8064166;1;1;1;86.11025641;4
8064168;1;1;1;445.31845074;4
8064168;2;1;2;445.31845074;5
8064168;3;1;3;445.31845074;6
8064172;1;1;1;54.257573436;4
8064198;1;1;1;43.350059741;3
8064200;1;1;1;7.8281417439;2
8064261;1;1;1;33.661009499;3
8064264;1;1;1;23.256515885;3
8064281;1;1;1;33.661009499;4
8064315;1;1;1;764.92509359;4
8064348;1;1;1;104.05987436;2
8064362;1;1;1;284.08218818;1
8064373;1;1;1;245.54356054;2
8064381;1;1;1;277.32476326;1
8064390;1;1;1;93.217952344;3
8064437;1;1;1;247.65120786;3
8064446;1;1;1;110.45396846;2
8064446;2;1;2;110.45396846;3
8064463;1;1;1;91.343751557;3
8064463;2;1;2;91.343751557;4
8064463;3;1;3;91.343751557;5
8064492;1;1;1;27.111118396;2
8064492;2;1;2;27.111118396;3
8064506;1;1;1;79.371707536;3
8064518;1;1;1;36.212958704;3
8064520;1;1;1;135.57342209;4
8064520;2;1;2;135.57342209;5
8064527;1;1;1;100.58674845;3
8064527;2;1;2;100.58674845;4
8064560;1;1;1;115.13792165;4
8064563;1;1;1;647.20103239;4
8064563;2;1;2;647.20103239;5
8064567;1;1;1;31.528702813;3
8064567;2;1;2;31.528702813;4
8064571;1;1;1;130.18194555;3
8064571;2;1;2;130.18194555;4
8064574;1;1;1;58.623747482;3
8064584;1;1;1;115.937116;3
8064600;1;1;1;64.834331635;3
8064600;2;1;2;64.834331635;4
8064602;1;1;1;201.30036015;5
8064624;1;1;1;94.676247245;3
8064624;2;1;2;94.676247245;4
8064625;1;1;1;198.13555067;3
8064625;2;1;2;198.13555067;4
8064639;1;1;1;27.170208244;4
8064644;1;1;1;167.36142504;2
8064644;2;1;2;167.36142504;3
8064644;3;1;3;167.36142504;4
8064647;1;1;1;52.910057984;3
8064647;2;1;2;52.910057984;4
8064655;1;1;1;267.22876868;3
8064663;1;1;1;625.20004284;4
8064663;2;1;2;625.20004284;5
8064663;3;1;3;625.20004284;6
8064727;1;1;1;69.599174619;2
8064727;2;1;2;69.599174619;3
8064737;1;1;1;77.440929558;4
8064737;2;1;2;77.440929558;5
8064748;1;1;1;96.416366015;4
8064752;1;1;1;46.296646879;3
8064752;2;1;2;46.296646879;4
8064761;1;1;1;367.05066668;4
8064772;1;1;1;695.74309985;2
8064792;1;1;1;141.43813709;4
8064806;1;1;1;313.58622059;2
8064813;1;1;1;617.04076197;3
8064817;1;1;1;46.296646879;2
8064817;2;1;2;46.296646879;3
8064820;1;1;1;38.440272225;3
8064820;2;1;2;38.440272225;4
8064851;1;1;1;458.53705986;2
8064852;1;1;1;200.44308506;4
8064871;1;1;1;382.35887159;3
8064873;1;1;1;68.041251262;5
8064873;2;1;2;68.041251262;3
8064873;3;1;3;68.041251262;7
8064887;1;1;1;54.825433068;2
8064897;1;1;1;207.35436176;3
8064897;2;1;2;207.35436176;4
8064902;1;1;1;194.77698029;5
8064907;1;1;1;198.76239164;3
8064913;1;1;1;261.50608315;4
8064913;2;1;2;261.50608315;5
8064913;3;1;3;261.50608315;6
8064915;1;1;1;190.4614722;3
8064917;1;1;1;224.48847449;4
8064923;1;1;1;215.75369365;4
8064928;1;1;1;69.260388237;4
8064933;1;1;1;107.22616147;2
8064940;1;1;1;371.59022634;4
8064948;1;1;1;46.296646879;3
8064952;1;1;1;80.32502015;2
8064956;1;1;1;11.241339614;4
8064956;2;1;2;11.241339614;5
8064956;3;1;3;11.241339614;6
8064977;1;1;1;92.282057898;4
8064977;2;1;2;92.282057898;5
8064977;3;1;3;92.282057898;6
8064988;1;1;1;19.955590169;4
8064988;2;1;2;19.955590169;5
8064988;3;1;3;19.955590169;6
8064988;4;1;4;19.955590169;7
8065001;1;1;1;121.51374752;3
8065007;1;1;1;137.79168321;3
8065007;2;1;2;137.79168321;4
8065038;1;1;1;159.70712098;3
8065040;1;1;1;835.13421399;4
8065040;2;1;2;835.13421399;5
8065045;1;1;1;8.007965265;4
8065104;1;1;1;16.802968614;3
8065104;2;1;2;16.802968614;4
8065117;1;1;1;156.31182028;3
8065126;1;1;1;11.243612513;3
8065132;1;1;1;113.38907417;3
8065183;1;1;1;159.70712098;3
8065186;1;1;1;546.71515098;2
8065186;2;1;2;546.71515098;3
8065227;1;1;1;65.288673805;2
8065230;1;1;1;92.739881591;3
8065230;2;1;2;92.739881591;4
8065245;1;1;1;27.092523716;2
8065246;1;1;1;4.1801824971;2
8065273;1;1;1;174.90879874;2
8065315;1;1;1;12.281514412;4
8065315;2;1;2;12.281514412;5
8065351;1;1;1;25.192886958;5
8065351;2;1;2;25.192886958;6
8065362;1;1;1;78.233848914;3
8065362;2;1;2;78.233848914;4
8065376;1;1;1;361.22902234;5
8065393;1;1;1;197.73709637;4
8065393;2;1;2;197.73709637;5
8065408;1;1;1;220.66898993;3
8065408;2;1;2;220.66898993;4
8065415;1;1;1;56.12106029;3
8065417;1;1;1;350.3853288;3
8065417;2;1;2;350.3853288;4
8065420;1;1;1;97.436083729;4
8065420;2;1;2;97.436083729;5
8065420;3;1;3;97.436083729;6
8065426;1;1;1;421.52151592;2
8065426;2;1;2;421.52151592;3
8065426;3;1;3;421.52151592;4
8065428;1;1;1;27.235854825;4
8065446;1;1;1;49.434274093;2
8065471;1;1;1;22.808189043;4
8065477;1;1;1;87.696202403;3
8065492;1;1;1;12.647075086;3
8065510;1;1;1;93.010587561;2
8065510;2;1;2;93.010587561;4
8065514;1;1;1;8.007965265;2
8065523;1;1;1;20.090744623;3
8065549;1;1;1;98.060042238;3
8065549;2;1;2;98.060042238;4
8065550;1;1;1;242.4822477;3
8065551;1;1;1;15.221594308;3
8065551;2;1;2;15.221594308;4
8065551;3;1;3;15.221594308;5
8065570;1;1;1;215.82273689;5
8065570;2;1;2;215.82273689;6
8065590;1;1;1;49.434274093;3
8065604;1;1;1;107.92061625;4
8065607;1;1;1;63.335758587;4
8065618;1;1;1;83.062694949;3
8065626;1;1;1;29.076205152;3
8065626;2;1;2;29.076205152;4
8065632;1;1;1;21.663624497;3
8065632;2;1;2;21.663624497;4
8065632;3;1;3;21.663624497;5
8065634;1;1;1;49.434274093;2
8065636;1;1;1;49.434274093;1
8065651;1;1;1;75.602568984;3
8065661;1;1;1;197.73709637;3
8065666;1;1;1;46.296646879;2
8065695;1;1;1;81.424052659;4
8065702;1;1;1;11.933778311;2
8065702;2;1;2;11.933778311;3
8065712;1;1;1;140.26978702;3
8065712;2;1;2;140.26978702;4
8065712;3;1;3;140.26978702;5
8065712;4;1;4;140.26978702;6
8065729;1;1;1;18.291719001;2
8065740;1;1;1;75.555241583;4
8065747;1;1;1;46.296646879;3
8065747;2;1;2;46.296646879;4
8065749;1;1;1;102.19550566;2
8065757;1;1;1;6.6011347664;3
8065757;2;1;2;6.6011347664;4
8065760;1;1;1;92.279162648;4
8065769;1;1;1;188.02916714;3
8065785;1;1;1;16.823621563;1
8065833;1;1;1;197.73709637;3
8065833;2;1;2;197.73709637;4
8065833;3;1;3;197.73709637;5
8065848;1;1;1;197.73709637;3
8065848;2;1;2;197.73709637;4
8065849;1;1;1;69.572649178;3
8065856;1;1;1;30.226097278;5
8065862;1;1;1;27.19882412;4
8065863;1;1;1;197.73709637;2
8065863;2;1;2;197.73709637;3
8065900;1;1;1;30.596647768;4
8065903;1;1;1;17.556868649;2
8065907;1;1;1;17.556868649;3
8065915;1;1;1;134.92559779;1
8065918;1;1;1;17.124293596;2
8065918;2;1;2;17.124293596;3
8065918;3;1;3;17.124293596;4
8065922;1;1;1;204.04852775;5
8065940;1;1;1;164.44100412;3
8065941;1;1;1;35.997776387;4
8065972;1;1;1;15.733507573;2
8065978;1;1;1;223.52682459;8
8065978;2;1;2;223.52682459;9
8065981;1;1;1;55.205393912;3
8065981;2;1;2;55.205393912;4
8065985;1;1;1;19.21416538;3
8065985;2;1;2;19.21416538;4
8065985;3;1;3;19.21416538;5
8065993;1;1;1;71.573405349;3
8065996;1;1;1;49.434274093;4
8066009;1;1;1;174.342145;3
8066009;2;1;2;174.342145;4
8066017;1;1;1;47.130775245;4
8066017;2;1;2;47.130775245;6
8066017;3;1;3;47.130775245;7
8066032;1;1;1;267.20381995;3
8066032;2;1;2;267.20381995;4
8066044;1;1;1;49.434274093;2
8066074;1;1;1;44.787339799;3
8066074;2;1;2;44.787339799;4
8066074;3;1;3;44.787339799;5
8066092;1;1;1;48.513282318;3
8066092;2;1;2;48.513282318;4
8066092;3;1;3;48.513282318;5
8066101;1;1;1;42.268753862;3
8066101;2;1;2;42.268753862;3
8066101;3;1;3;42.268753862;3
8066113;1;1;1;39.829433034;3
8066120;1;1;1;66.129205958;3
8066133;1;1;1;28.403582219;6
8066137;1;1;1;27.601175805;3
8066137;2;1;2;27.601175805;4
8066149;1;1;1;380.60468138;3
8066150;1;1;1;40.417684319;3
8066162;1;1;1;101.00114483;3
8066162;2;1;2;101.00114483;4
8066165;1;1;1;13.274392317;4
8066179;1;1;1;25.237998683;2
8066179;2;1;2;25.237998683;3
8066197;1;1;1;17.789747905;7
8066216;1;1;1;64.189284126;2
8066221;1;1;1;16.3920913;5
8066228;1;1;1;87.967325688;4
8066228;2;1;2;87.967325688;5
8066234;1;1;1;290.86032237;3
8066235;1;1;1;9.407169772;4
8066277;1;1;1;280.74785032;3
8066293;1;1;1;70.928001326;3
8066293;2;1;2;70.928001326;4
8066297;1;1;1;64.475383823;3
8066297;2;1;2;64.475383823;4
8066320;1;1;1;222.92301234;3
8066320;2;1;2;222.92301234;4
8066320;3;1;3;222.92301234;5
8066331;1;1;1;29.576059491;3
8066336;1;1;1;186.25827372;3
8066336;2;1;2;186.25827372;4
8066344;1;1;1;439.55999661;4
8066345;1;1;1;151.07855327;4
8066401;1;1;1;16.683260969;3
8066401;2;1;2;16.683260969;4
8066405;1;1;1;115.90882057;2
8066405;2;1;2;115.90882057;3
8066413;1;1;1;70.283028652;3
8066413;2;1;2;70.283028652;4
8066413;3;1;3;70.283028652;5
8066448;1;1;1;257.90153529;5
8066460;1;1;1;64.475383823;3
8066468;1;1;1;24.291384518;3
8066480;1;1;1;50.048530047;3
8066489;1;1;1;46.007177393;3
8066489;2;1;2;46.007177393;4
8066491;1;1;1;92.696879627;3
8066491;2;1;2;92.696879627;4
8066494;1;1;1;149.88734609;5
8066494;2;1;2;149.88734609;6
8066498;1;1;1;106.1985261;3
8066498;2;1;2;106.1985261;4
8066501;1;1;1;42.196408736;3
8066504;1;1;1;24.291384518;3
8066509;1;1;1;24.530996885;3
8066509;2;1;2;24.530996885;4
8066509;3;1;3;24.530996885;5
8066519;1;1;1;192.25255104;4
8066546;1;1;1;216.85370925;3
8066546;2;1;2;216.85370925;4
8066551;1;1;1;259.3000593;4
8066551;2;1;2;259.3000593;5
8066555;1;1;1;24.498805531;3
8066576;1;1;1;49.592091615;3
8066576;2;1;2;49.592091615;4
8066593;1;1;1;39.584075553;3
8066593;2;1;2;39.584075553;4
8066595;2;1;2;175.79456966;3
8066595;3;1;3;175.79456966;4
8066595;1;1;1;175.79456966;2
8066619;1;1;1;18.63625126;4
8066619;2;1;2;18.63625126;6
8066619;3;1;3;18.63625126;7
8066625;1;1;1;27.878010908;2
8066628;1;1;1;26.083841629;3
8066677;1;1;1;202.08802351;4
8066711;1;1;1;39.865702894;2
8066711;2;1;2;39.865702894;3
8066723;1;1;1;55.338766961;3
8066732;1;1;1;228.8834017;3
8066741;1;1;1;48.007055517;4
8066741;2;1;2;48.007055517;5
8066743;1;1;1;25.97623516;5
8066744;1;1;1;52.713779568;2
8066746;1;1;1;166.59695849;3
8066746;2;1;2;166.59695849;4
8066746;3;1;3;166.59695849;5
8066753;1;1;1;500.64794646;3
8066753;2;1;2;500.64794646;4
8066753;3;1;3;500.64794646;5
8066755;1;1;1;24.634116832;2
8066779;1;1;1;64.475383823;3
8066779;2;1;2;64.475383823;4
8066782;1;1;1;204.76314517;4
8066792;1;1;1;257.90153529;3
8066792;2;1;2;257.90153529;4
8066795;1;1;1;257.90153529;4
8066816;1;1;1;210.44378334;2
8066816;2;1;2;210.44378334;3
8066817;1;1;1;14.489560568;3
8066833;1;1;1;71.360157226;2
8066837;1;1;1;456.56654421;4
8066838;1;1;1;29.576059491;3
8066852;1;1;1;26.237100742;2
8066852;2;1;2;26.237100742;3
8066852;3;1;3;26.237100742;4
8066860;1;1;1;31.652961258;3
8066884;1;1;1;15.377943583;5
8066912;1;1;1;30.169935331;1
8066914;1;1;1;41.215982547;3
8066924;1;1;1;73.392218366;1
8066928;1;1;1;172.0466749;2
8066937;1;1;1;257.90153529;4
8066937;2;1;2;257.90153529;5
8066939;1;1;1;159.35180488;3
8066940;1;1;1;176.71556759;4
8066940;2;1;2;176.71556759;5
8066940;3;1;3;176.71556759;6
8066947;1;1;1;114.42561245;3
8066980;1;1;1;189.53344591;5
8066980;2;1;2;189.53344591;4
8067025;1;1;1;257.90153529;4
8067026;1;1;1;161.85214218;3
8067026;2;1;2;161.85214218;4
8067042;1;1;1;31.4436736;3
8067088;1;1;1;161.02001212;3
8067088;2;1;2;161.02001212;4
8067105;1;1;1;6.5052329542;3
8067108;1;1;1;130.26828726;4
8067114;1;1;1;548.35578454;4
8067116;1;1;1;221.64634535;3
8067119;1;1;1;78.038737839;2
8067119;2;1;2;78.038737839;3
8067120;1;1;1;50.785895339;5
8067121;1;1;1;166.68682889;3
8067123;1;1;1;278.23156247;3
8067123;2;1;2;278.23156247;6
8067124;1;1;1;145.15433944;3
8067133;1;1;1;186.89686851;3
8067151;1;1;1;102.50434269;3
8067151;2;1;2;102.50434269;4
8067161;1;1;1;39.966170257;3
8067161;2;1;2;39.966170257;4
8067161;3;1;3;39.966170257;5
8067174;1;1;1;251.48891955;2
8067174;2;1;2;251.48891955;3
8067179;1;1;1;186.26811981;3
8067179;2;1;2;186.26811981;4
8067181;1;1;1;87.4559998;3
8067187;1;1;1;87.481181888;3
8067187;2;1;2;87.481181888;4
8067194;1;1;1;39.20999439;3
8067200;2;1;2;100.12511131;5
8067200;1;1;1;100.12511131;4
8067206;1;1;1;79.776133431;3
8067209;1;1;1;61.253020615;2
8067213;1;1;1;54.488691711;3
8067216;1;1;1;330.02755346;4
8067216;2;1;2;330.02755346;5
8067217;1;1;1;302.3089917;3
8067220;1;1;1;302.84069253;3
8067220;2;1;2;302.84069253;4
8067222;1;1;1;95.52185564;3
8067227;1;1;1;23.231675757;2
8067228;1;1;1;24.634116832;3
8067231;1;1;1;289.30273114;3
8067238;1;1;1;53.117674503;2
8067238;2;1;2;53.117674503;3
8067242;1;1;1;253.5324073;2
8067248;1;1;1;71.024453947;4
8067248;2;1;2;71.024453947;5
8067263;1;1;1;60.073312098;2
8067286;1;1;1;15.936189208;2
8067290;1;1;1;91.457599951;4
8067302;1;1;1;177.58409954;2
8067303;1;1;1;46.296646879;3
8067309;1;1;1;70.437619855;4
8067319;1;1;1;51.741226244;2
8067321;1;1;1;196.97883541;3
8067321;2;1;2;196.97883541;4
8067333;1;1;1;66.983600986;3
8067335;1;1;1;24.027168942;3
8067338;1;1;1;91.457599951;2
8067340;1;1;1;212.61349872;4
8067340;2;1;2;212.61349872;6
8067361;1;1;1;24.027168942;2
8067361;2;1;2;24.027168942;3
8067361;3;1;3;24.027168942;4
8067361;4;1;4;24.027168942;5
8067362;1;1;1;74.235749839;3
8067362;2;1;2;74.235749839;4
8067397;1;1;1;59.636850524;1
8067405;1;1;1;279.82157992;3
8067405;2;1;2;279.82157992;4
8067405;3;1;3;279.82157992;5
8067406;1;1;1;56.141041934;3
8067406;2;1;2;56.141041934;4
8067406;3;1;3;56.141041934;5
8067430;1;1;1;95.52185564;3
8067430;2;1;2;95.52185564;4
8067445;1;1;1;77.559722537;3
8067447;1;1;1;635.08475261;2
8067456;1;1;1;190.74937953;3
8067460;1;1;1;16.297525073;2
8067460;2;1;2;16.297525073;3
8067463;1;1;1;65.944638402;3
8067524;1;1;1;25.600531353;3
8067530;1;1;1;304.6443812;3
8067530;2;1;2;304.6443812;4
8067530;3;1;3;304.6443812;5
8067538;1;1;1;254.83616907;5
8067543;1;1;1;42.433048043;8
8067551;1;1;1;104.19164757;3
8067551;2;1;2;104.19164757;4
8067555;1;1;1;113.77673845;4
8067555;2;1;2;113.77673845;5
8067555;3;1;3;113.77673845;6
8067557;1;1;1;111.98372747;1
8067571;1;1;1;29.231381517;4
8067574;1;1;1;23.642499427;2
8067574;2;1;2;23.642499427;3
8067604;1;1;1;13.298778446;4
8067675;1;1;1;237.68324936;2
8067678;1;1;1;238.51542473;3
8067678;2;1;2;238.51542473;4
8067682;1;1;1;155.0767654;2
8067683;1;1;1;81.56385415;3
8067696;1;1;1;42.092642898;2
8067696;2;1;2;42.092642898;3
8067705;1;1;1;459.2200284;3
8067710;1;1;1;175.30780831;3
8067713;1;1;1;233.94988415;4
8067715;1;1;1;186.06746667;3
8067715;2;1;2;186.06746667;4
8067715;3;1;3;186.06746667;5
8067756;1;1;1;15.034631313;3
8067779;1;1;1;67.438961479;3
8067782;1;1;1;220.33083411;3
8067802;1;1;1;416.8511488;3
8067848;1;1;1;206.51942411;2
8067850;1;1;1;91.091740067;4
8067850;2;1;2;91.091740067;5
8067850;3;1;3;91.091740067;6
8067851;1;1;1;346.11537211;2
8067851;2;1;2;346.11537211;3
8067851;3;1;3;346.11537211;4
8067851;4;1;4;346.11537211;5
8067854;1;1;1;198.82532402;4
8067858;1;1;1;32.154104155;3
8067878;1;1;1;149.02757275;2
8067878;2;1;2;149.02757275;3
8067878;3;1;3;149.02757275;4
8067904;1;1;1;124.48920661;3
8067912;1;1;1;163.0706592;3
8067912;2;1;2;163.0706592;4
8067919;1;1;1;130.61493611;1
8067919;2;1;2;130.61493611;2
8067921;1;1;1;65.315248245;2
8067945;1;1;1;110.83615659;3
8067948;1;1;1;39.736796584;3
8067952;1;1;1;71.577631603;3
8067959;1;1;1;222.066382;3
8067959;2;1;2;222.066382;4
8067967;1;1;1;57.507247;5
8067967;2;1;2;57.507247;6
8067968;1;1;1;151.04884765;3
8067968;2;1;2;151.04884765;4
8067969;1;1;1;250.50449273;3
8067970;1;1;1;336.73937755;3
8067970;2;1;2;336.73937755;4
8067994;1;1;1;72.672749091;3
8067995;1;1;1;101.52788493;3
8067995;2;1;2;101.52788493;4
8067995;3;1;3;101.52788493;5
8067995;4;1;4;101.52788493;6
8067996;1;1;1;19.221735153;3
8067997;1;1;1;43.214213789;4
8067997;2;1;2;43.214213789;5
8068014;1;1;1;42.543904813;3
8068014;2;1;2;42.543904813;4
8068014;3;1;3;42.543904813;5
8068025;1;1;1;176.67731943;3
8068025;2;1;2;176.67731943;4
8068025;3;1;3;176.67731943;5
8068027;1;1;1;77.499305221;2
8068035;1;1;1;16.628507318;3
8068056;1;1;1;158.14045316;3
8068057;1;1;1;141.55266545;3
8068075;1;1;1;198.82532402;3
8068075;2;1;2;198.82532402;4
8068091;1;1;1;482.88789883;3
8068092;1;1;1;58.700589528;2
8068117;1;1;1;24.634116832;3
8068117;2;1;2;24.634116832;4
8068129;1;1;1;5.9859518457;3
8068131;1;1;1;19.634495977;4
8068131;2;1;2;19.634495977;5
8068131;3;1;3;19.634495977;6
8068158;1;1;1;31.303710023;1
8068166;1;1;1;5.3489760753;2
8068167;1;1;1;24.634116832;2
8068167;2;1;2;24.634116832;4
8068169;1;1;1;406.86002247;1
8068171;1;1;1;21.395981306;3
8068171;2;1;2;21.395981306;4
8068172;1;1;1;43.319842206;3
8068206;1;1;1;5.3489760753;2
8068206;2;1;2;5.3489760753;3
8068210;1;1;1;293.17357997;5
8068214;1;1;1;10.245940907;2
8068214;2;1;2;10.245940907;3
8068219;1;1;1;24.634116832;3
8068219;2;1;2;24.634116832;4
8068219;3;1;3;24.634116832;5
8068232;1;1;1;21.159786634;3
8068244;1;1;1;166.7097071;2
8068263;1;1;1;101.66579438;3
8068266;1;1;1;24.634116832;3
8068272;1;1;1;207.26542793;3
8068272;2;1;2;207.26542793;4
8068296;1;1;1;33.07543846;3
8068330;1;1;1;207.37793362;3
8068351;1;1;1;16.495979304;3
8068351;2;1;2;16.495979304;4
8068363;1;1;1;138.94350889;4
8068363;2;1;2;138.94350889;5
8068390;1;1;1;280.33195943;3
8068390;2;1;2;280.33195943;4
8068395;1;1;1;98.564809235;3
8068395;2;1;2;98.564809235;4
8068405;1;1;1;48.652408537;3
8068410;1;1;1;163.86353172;4
8068410;2;1;2;163.86353172;5
8068426;1;1;1;220.33083411;3
8068434;1;1;1;355.76529152;3
8068434;2;1;2;355.76529152;4
8068436;1;1;1;198.2972906;2
8068451;1;1;1;437.80465706;4
8068451;2;1;2;437.80465706;5
8068451;3;1;3;437.80465706;7
8068451;4;1;4;437.80465706;8
8068460;1;1;1;16.08741547;3
8068460;2;1;2;16.08741547;4
8068487;1;1;1;91.157638576;3
8068490;1;1;1;20.277853385;3
8068499;1;1;1;136.60084387;6
8068501;1;1;1;222.18995018;5
8068501;2;1;2;222.18995018;6
8068501;3;1;3;222.18995018;7
8068505;1;1;1;85.349350755;2
8068506;1;1;1;108.3011261;2
8068507;1;1;1;116.88690387;2
8068507;2;1;2;116.88690387;3
8068507;3;1;3;116.88690387;4
8068511;1;1;1;112.25400903;3
8068511;2;1;2;112.25400903;4
8068511;3;1;3;112.25400903;5
8068513;1;1;1;392.46303395;3
8068522;1;1;1;231.75436727;2
8068539;1;1;1;357.02304459;3
8068539;2;1;2;357.02304459;4
8068545;1;1;1;45.290163366;3
8068558;1;1;1;254.26357189;2
8068569;1;1;1;138.26264787;4
8068569;2;1;2;138.26264787;5
8068570;1;1;1;273.94597624;3
8068570;2;1;2;273.94597624;4
8068570;3;1;3;273.94597624;5
8068587;1;1;1;240.97418238;3
8068587;2;1;2;240.97418238;4
8068599;1;1;1;237.96927829;3
8068603;1;1;1;2479.8371622;2
8068603;2;1;2;2479.8371622;4
8068608;1;1;1;271.17220779;2
8068608;2;1;2;271.17220779;3
8068608;3;1;3;271.17220779;4
8068610;1;1;1;61.275797751;2
8068614;1;1;1;79.166462258;2
8068614;2;1;2;79.166462258;3
8068617;1;1;1;243.85274202;2
8068617;2;1;2;243.85274202;3
8068622;1;1;1;110.48367777;3
8068622;2;1;2;110.48367777;4
8068622;3;1;3;110.48367777;5
8068623;1;1;1;126.84550214;3
8068623;2;1;2;126.84550214;4
8068623;3;1;3;126.84550214;5
8068647;1;1;1;226.59100812;2
8068652;1;1;1;445.03742653;2
8068652;2;1;2;445.03742653;3
8068655;1;1;1;867.13179602;4
8068655;2;1;2;867.13179602;5
8068658;1;1;1;664.46389557;3
8068676;1;1;1;115.90718878;3
8068676;2;1;2;115.90718878;4
8068685;1;1;1;296.58010238;1
8068685;2;1;2;296.58010238;6
8068686;1;1;1;33.586873741;4
8068711;1;1;1;6.5052329542;3
8068719;1;1;1;7.2799000521;4
8068739;1;1;1;469.14472546;2
8068742;1;1;1;10.185127215;4
8068743;1;1;1;117.08043548;3
8068743;2;1;2;117.08043548;4
8068743;3;1;3;117.08043548;5
8068749;1;1;1;104.56658063;6
8068751;1;1;1;288.52505527;3
8068775;1;1;1;804.64223944;3
8068776;1;1;1;255.54279003;3
8068776;2;1;2;255.54279003;4
8068777;1;1;1;24.645985023;3
8068780;1;1;1;276.52852604;3
8068792;1;1;1;36.336427114;1
8068794;1;1;1;37.569787314;3
8068794;2;1;2;37.569787314;4
8068794;3;1;3;37.569787314;5
8068794;4;1;4;37.569787314;6
8068795;1;1;1;36.336427114;2
8068800;1;1;1;145.04239525;5
8068800;2;1;2;145.04239525;6
8068801;1;1;1;68.277762572;2
8068804;1;1;1;104.81378582;2
8068804;2;1;2;104.81378582;3
8068804;3;1;3;104.81378582;4
8068807;1;1;1;108.506372;4
8068812;1;1;1;51.60622933;2
8068822;1;1;1;158.22004893;2
8068825;1;1;1;26.374957681;3
8068829;1;1;1;189.80798841;3
8068831;1;1;1;237.88476979;2
8068831;2;1;2;237.88476979;3
8068855;1;1;1;55.324710017;3
8068865;1;1;1;205.54131408;2
8068882;1;1;1;203.83496439;2
8068883;1;1;1;73.275989064;4
8068884;1;1;1;135.48775034;3
8068898;1;1;1;99.685695788;2
8068900;1;1;1;107.00406275;5
8068900;2;1;2;107.00406275;6
8068906;1;1;1;71.290496654;3
8068913;1;1;1;95.03578031;3
8068950;1;1;1;2448.8238454;1
8069024;1;1;1;239.4707388;7
8069072;2;1;2;133.63933203;3
8069072;3;1;3;133.63933203;4
8069072;1;1;1;133.63933203;2
8069077;1;1;1;70.743518075;4
8069080;1;1;1;492.55726238;1
8069129;1;1;1;117.58425872;4
8069129;2;1;2;117.58425872;5
8069151;1;1;1;299.23452187;4
8069170;1;1;1;512.79336618;4
8069201;2;1;2;107.65743593;5
8069201;1;1;1;107.65743593;4
8069242;1;1;1;242.72835134;1
8069251;1;1;1;252.33482478;3
8069251;2;1;2;252.33482478;4
8069265;1;1;1;8.7649460165;4
8069265;2;1;2;8.7649460165;5
8069298;1;1;1;146.40179795;1
8069310;1;1;1;26.556090694;3
8069337;1;1;1;80.507838542;2
8069382;1;1;1;259.75071306;1
8069424;1;1;1;320.45841632;8
8069424;2;1;2;320.45841632;9
8069424;3;1;3;320.45841632;10
8069448;1;1;1;114.70514465;3
8069485;1;1;1;281.22487488;2
8069488;1;1;1;135.6789067;6
8069495;1;1;1;155.67221681;4
8069511;1;1;1;1184.5566138;2
8069525;1;1;1;178.43526087;4
8069604;1;1;1;76.601665024;3
8069604;2;1;2;76.601665024;4
8069616;1;1;1;43.818118875;3
8069616;2;1;2;43.818118875;4
8069643;1;1;1;232.84069419;3
8069688;1;1;1;39.008426202;2
8069697;1;1;1;195.59412137;2
8069787;1;1;1;215.55886217;3
8069787;2;1;2;215.55886217;4
8069787;3;1;3;215.55886217;5
8069861;1;1;1;51.148251981;2
8069872;1;1;1;255.41595064;4
8069954;1;1;1;17.297251866;1
8070011;1;1;1;237.40221831;5
8070128;1;1;1;433.98047919;2
8070148;1;1;1;35.257610608;4
8070148;2;1;2;35.257610608;5
8070187;1;1;1;183.79733457;4
8070197;1;1;1;83.739270057;3
8070197;2;1;2;83.739270057;4
8070208;1;1;1;172.95527013;3
8070228;1;1;1;79.177126632;2
8070228;2;1;2;79.177126632;3
8070240;1;1;1;58.425324496;4
8070290;1;1;1;218.20753114;3
8070372;1;1;1;87.821936794;3
8070374;1;1;1;74.989605968;3
8070389;1;1;1;57.557825654;5
8070389;2;1;2;57.557825654;6
8070393;1;1;1;98.477722669;2
8070393;2;1;2;98.477722669;3
8070400;1;1;1;680.65139253;4
8070401;1;1;1;97.369797049;2
8070401;2;1;2;97.369797049;3
8070405;1;1;1;177.91701402;3
8070413;1;1;1;74.308800524;2
8070420;1;1;1;768.58641973;4
8070443;1;1;1;36.900745714;2
8070443;2;1;2;36.900745714;3
8070467;1;1;1;210.63408752;3
8070467;2;1;2;210.63408752;4
8070467;3;1;3;210.63408752;5
8070469;1;1;1;56.31071101;2
8070481;1;1;1;269.83318605;4
8070500;1;1;1;66.412875755;3
8070500;2;1;2;66.412875755;4
8070500;3;1;3;66.412875755;5
8070506;1;1;1;119.8600028;3
8070522;1;1;1;314.5341755;4
8070528;1;1;1;39.901559177;2
8070556;1;1;1;18.786017685;3
8070556;2;1;2;18.786017685;4
8070556;3;1;3;18.786017685;5
8070557;1;1;1;124.78568433;2
8070557;2;1;2;124.78568433;3
8070557;3;1;3;124.78568433;4
8070568;1;1;1;13.455711121;1
8070580;1;1;1;262.84849682;2
8070609;1;1;1;115.30432528;3
8070657;1;1;1;221.67704483;3
8070669;1;1;1;37.853632657;1
8070694;1;1;1;190.3997735;4
8070732;1;1;1;117.10323841;4
8070732;2;1;2;117.10323841;5
8070735;1;1;1;78.036868977;5
8070738;1;1;1;138.46576969;3
8070744;1;1;1;93.312904413;4
8070772;1;1;1;89.516365622;3
8070774;1;1;1;148.36548418;3
8070774;2;1;2;148.36548418;4
8070774;3;1;3;148.36548418;5
8070775;1;1;1;73.999985975;2
8070775;2;1;2;73.999985975;3
8070775;3;1;3;73.999985975;4
8070789;1;1;1;80.010698001;3
8070795;1;1;1;122.94799826;2
8070818;1;1;1;83.884646629;3
8070846;1;1;1;120.66443714;2
8070852;1;1;1;74.780287202;2
8070852;2;1;2;74.780287202;3
8070865;1;1;1;609.75680149;3
8070870;1;1;1;67.328074908;2
8070870;2;1;2;67.328074908;3
8070890;1;1;1;121.78747159;5
8070890;2;1;2;121.78747159;6
8070894;1;1;1;54.029263058;2
8070908;1;1;1;130.68270861;3
8070925;1;1;1;102.71746821;4
8070955;1;1;1;160.67150138;4
8070957;1;1;1;94.648458552;3
8070965;1;1;1;341.99661041;2
8070975;1;1;1;226.4161612;3
8070975;2;1;2;226.4161612;4
8070989;1;1;1;130.68270861;3
8070994;1;1;1;139.61902291;1
8070996;1;1;1;26.016938357;3
8070996;2;1;2;26.016938357;4
8070999;1;1;1;217.31315776;3
8070999;2;1;2;217.31315776;4
8071011;1;1;1;266.24181818;3
8071011;2;1;2;266.24181818;4
8071013;1;1;1;150.1601653;3
8071035;1;1;1;60.254678772;4
8071039;1;1;1;42.779603676;4
8071080;2;1;2;196.91568526;4
8071080;3;1;3;196.91568526;5
8071080;1;1;1;196.91568526;3
8071086;1;1;1;176.8230778;4
8071086;2;1;2;176.8230778;2
8071087;1;1;1;220.29637975;6
8071091;1;1;1;80.803770369;2
8071091;2;1;2;80.803770369;3
8071091;3;1;3;80.803770369;4
8071092;1;1;1;222.71702086;3
8071106;1;1;1;136.89307817;1
8071106;2;1;2;136.89307817;2
8071107;1;1;1;93.860149269;3
8071107;2;1;2;93.860149269;4
8071110;1;1;1;64.925503408;3
8071163;1;1;1;114.22382653;6
8071170;1;1;1;119.40665031;3
8071185;1;1;1;929.57279811;3
8071185;2;1;2;929.57279811;4
8071190;1;1;1;36.666009603;2
8071191;1;1;1;89.797209964;2
8071193;1;1;1;29.709750253;3
8071193;2;1;2;29.709750253;4
8071231;1;1;1;139.36506321;2
8071238;1;1;1;204.10759914;5
8071243;1;1;1;33.496610908;4
8071244;1;1;1;58.649672373;2
8071244;2;1;2;58.649672373;4
8071278;1;1;1;290.15682436;3
8071286;1;1;1;255.52651565;5
8071286;2;1;2;255.52651565;6
8071292;1;1;1;201.12549523;3
8071293;1;1;1;60.924123819;3
8071295;1;1;1;53.144536853;1
8071300;1;1;1;156.99418393;3
8071301;1;1;1;117.83242509;2
8071308;1;1;1;174.14393556;3
8071353;1;1;1;17.392908306;3
8071369;1;1;1;254.24747641;3
8071369;2;1;2;254.24747641;4
8071369;3;1;3;254.24747641;5
8071419;1;1;1;154.73592359;2
8071425;1;1;1;25.78790299;3
8071445;1;1;1;54.744879904;3
8071453;1;1;1;107.41234478;2
8071453;2;1;2;107.41234478;3
8071462;1;1;1;28.190244765;3
8071465;1;1;1;1330.1985112;4
8071465;2;1;2;1330.1985112;5
8071471;1;1;1;88.055005846;3
8071481;1;1;1;85.952322018;3
8071488;1;1;1;62.93403029;3
8071490;1;1;1;29.08833635;4
8071500;1;1;1;39.426387121;3
8071503;1;1;1;73.088310516;4
8071518;1;1;1;44.652999674;3
8071528;1;1;1;305.07976225;3
8071566;1;1;1;184.53882915;3
8071566;2;1;2;184.53882915;4
8071566;3;1;3;184.53882915;5
8071602;1;1;1;170.62392946;3
8071603;1;1;1;322.36618467;5
8071616;1;1;1;72.704834153;3
8071636;1;1;1;20.339919954;3
8071652;1;1;1;207.37342931;1
8071659;1;1;1;68.108191147;3
8071674;1;1;1;132.17709584;2
8071679;1;1;1;160.36997939;3
8071686;1;1;1;67.108830405;3
8071686;2;1;2;67.108830405;4
8071694;1;1;1;49.734706961;3
8071706;1;1;1;76.095248843;2
8071717;1;1;1;146.83531871;3
8071718;1;1;1;196.93121094;3
8071718;2;1;2;196.93121094;4
8071718;3;1;3;196.93121094;5
8071718;4;1;4;196.93121094;6
8071722;1;1;1;7.948570673;4
8071746;1;1;1;58.976549103;3
8071746;2;1;2;58.976549103;4
8071747;1;1;1;24.545284385;3
8071756;1;1;1;79.875541947;3
8071756;2;1;2;79.875541947;4
8071773;1;1;1;25.182910642;1
8071784;1;1;1;109.20468069;1
8071794;1;1;1;165.73020515;5
8071794;2;1;2;165.73020515;6
8071794;3;1;3;165.73020515;7
8071804;1;1;1;220.68657423;3
8071804;2;1;2;220.68657423;4
8071804;3;1;3;220.68657423;5
8071806;1;1;1;15.231194978;3
8071806;2;1;2;15.231194978;4
8071824;1;1;1;310.79795324;3
8071824;2;1;2;310.79795324;4
8071824;3;1;3;310.79795324;5
8071839;1;1;1;40.993968255;2
8071850;1;1;1;198.27487572;4
8071887;1;1;1;35.230579155;3
8071887;2;1;2;35.230579155;4
8071891;1;1;1;26.016938357;4
8071910;1;1;1;252.29924201;5
8071925;1;1;1;13.977327675;2
8071981;1;1;1;157.14707648;2
8071983;1;1;1;13.457037069;3
8071983;2;1;2;13.457037069;4
8071984;1;1;1;120.18812186;3
8072000;1;1;1;177.35790499;2
8072000;2;1;2;177.35790499;3
8072009;1;1;1;21.439970602;5
8072030;1;1;1;171.34618346;3
8072032;1;1;1;21.00702533;3
8072087;1;1;1;126.6427747;2
8072098;1;1;1;257.72386196;3
8072098;2;1;2;257.72386196;4
8072115;1;1;1;154.67155064;2
8072134;1;1;1;573.27487509;3
8072144;1;1;1;7.339432218;3
8072161;1;1;1;229.27624025;3
8072161;2;1;2;229.27624025;4
8072163;1;1;1;99.623705974;3
8072163;2;1;2;99.623705974;4
8072173;1;1;1;294.63860964;3
8072195;1;1;1;93.765937677;3
8072214;1;1;1;93.765937677;4
8072260;1;1;1;18.46635099;4
8072262;1;1;1;265.11044681;1
8072262;2;1;2;265.11044681;2
8072311;1;1;1;90.686313481;6
8072311;2;1;2;90.686313481;7
8072311;3;1;3;90.686313481;8
8072324;1;1;1;137.18461131;4
8072324;2;1;2;137.18461131;5
8072329;1;1;1;275.75048261;4
8072343;1;1;1;76.253455765;3
8072343;2;1;2;76.253455765;4
8072344;1;1;1;61.726408692;3
8072344;2;1;2;61.726408692;4
8072347;1;1;1;237.96419498;4
8072347;2;1;2;237.96419498;5
8072361;1;1;1;72.71765674;6
8072363;1;1;1;163.06629229;3
8072363;2;1;2;163.06629229;4
8072365;1;1;1;75.350313895;4
8072381;1;1;1;115.87034644;2
8072383;1;1;1;130.79629684;3
8072405;1;1;1;209.42486477;3
8072406;1;1;1;90.887180511;4
8072406;2;1;2;90.887180511;5
8072410;1;1;1;197.35884903;2
8072422;1;1;1;80.85822264;3
8072424;1;1;1;249.57981608;5
8072424;2;1;2;249.57981608;6
8072435;1;1;1;54.708177657;2
8072435;2;1;2;54.708177657;3
8072470;1;1;1;74.236687532;3
8072480;1;1;1;147.63287161;5
8072484;1;1;1;219.06648648;2
8072508;1;1;1;282.55757161;2
8072511;1;1;1;23.239097066;3
8072515;2;1;2;27.036877541;6
8072515;1;1;1;27.036877541;5
8072526;1;1;1;26.682397668;4
8072528;1;1;1;42.692797299;10
8072540;1;1;1;278.92693059;3
8072540;2;1;2;278.92693059;4
8072547;1;1;1;58.532103364;3
8072559;1;1;1;19.697187025;2
8072559;2;1;2;19.697187025;3
8072590;1;1;1;476.86408062;3
8072590;2;1;2;476.86408062;4
8072590;3;1;3;476.86408062;5
8072611;1;1;1;27.699526485;3
8072611;2;1;2;27.699526485;4
8072617;1;1;1;207.36937479;3
8072617;2;1;2;207.36937479;5
8072617;3;1;3;207.36937479;6
8072621;1;1;1;241.61877295;2
8072632;1;1;1;29.080602617;3
8072658;1;1;1;111.71872587;2
8072658;2;1;2;111.71872587;3
8072661;1;1;1;136.10337243;6
8072664;1;1;1;123.26473514;4
8072689;1;1;1;14.878131045;2
8072689;2;1;2;14.878131045;3
8072690;1;1;1;13.548014441;3
8072700;1;1;1;172.18033804;3
8072711;1;1;1;12.446378379;4
8072711;2;1;2;12.446378379;5
8072714;1;1;1;6.0459855114;3
8072720;1;1;1;143.88797895;3
8072736;1;1;1;91.384815179;6
8072757;1;1;1;91.110562948;2
8072757;2;1;2;91.110562948;4
8072773;1;1;1;18.878823869;3
8072773;2;1;2;18.878823869;4
8072773;3;1;3;18.878823869;5
8072781;1;1;1;31.199565684;2
8072800;1;1;1;42.490001926;4
8072803;1;1;1;15.972441912;2
8072806;2;1;2;43.501824822;4
8072806;1;1;1;43.501824822;3
8072808;1;1;1;97.254608497;3
8072808;2;1;2;97.254608497;4
8072808;3;1;3;97.254608497;5
8072824;1;1;1;11.052817263;2
8072824;2;1;2;11.052817263;3
8072840;1;1;1;9.2518833508;3
8072840;2;1;2;9.2518833508;4
8072843;1;1;1;18.396892943;2
8072843;2;1;2;18.396892943;3
8072843;3;1;3;18.396892943;4
8072856;1;1;1;9.6957224755;2
8072856;2;1;2;9.6957224755;4
8072864;1;1;1;37.267989266;3
8072864;2;1;2;37.267989266;4
8072865;1;1;1;27.655999942;1
8072884;1;1;1;11.107750493;3
8072898;1;1;1;9.1525228082;3
8072918;1;1;1;443.50195659;3
8072968;1;1;1;286.28982547;4
8161161;1;1;1;227.46996537;3
8161161;2;1;2;227.46996537;6
8161166;1;1;1;28.072967289;4
8161166;2;1;2;28.072967289;5
8161199;1;1;1;457.13276458;1
8161199;2;1;2;457.13276458;2
8161207;1;1;1;12.108076306;1
8161216;1;1;1;94.174463898;3
8161216;2;1;2;94.174463898;4
8161216;3;1;3;94.174463898;5
8161216;4;1;4;94.174463898;6
8161233;1;1;1;143.8818647;3
8161270;1;1;1;84.422169003;6
8161341;1;1;1;51.90881384;1
8161344;1;1;1;135.45206847;3
8161351;1;1;1;49.161926915;2
8161379;1;1;1;110.48362295;4
8161385;1;1;1;77.033918151;3
8161398;1;1;1;20.288974371;3
8161398;2;1;2;20.288974371;4
8161398;3;1;3;20.288974371;5
8161411;1;1;1;85.785025506;3
8161411;2;1;2;85.785025506;4
8161420;1;1;1;220.88155479;3
8161478;1;1;1;464.53583704;2
8161478;2;1;2;464.53583704;3
8161478;3;1;3;464.53583704;4
8161491;1;1;1;97.527297645;5
8161491;2;1;2;97.527297645;6
8161512;1;1;1;434.48085417;4
8161512;2;1;2;434.48085417;5
8161512;3;1;3;434.48085417;6
8161526;1;1;1;70.654095024;5
8161526;2;1;2;70.654095024;6
8161527;1;1;1;29.559822621;2
8161527;2;1;2;29.559822621;3
8161531;1;1;1;99.633928487;4
8161531;2;1;2;99.633928487;5
8161531;3;1;3;99.633928487;6
8161546;1;1;1;89.284372346;2
8161547;1;1;1;98.687320479;2
8161553;1;1;1;50.07692221;2
8161553;2;1;2;50.07692221;3
8161553;3;1;3;50.07692221;4
8161558;1;1;1;48.575497365;2
8161559;1;1;1;67.743577915;3
8161561;1;1;1;30.685548808;5
8161563;1;1;1;62.155364093;1
8161565;1;1;1;41.701537807;4
8161571;1;1;1;52.306677699;3
8161592;1;1;1;1058.443428;4
8161599;1;1;1;134.51464369;3
8161599;2;1;2;134.51464369;4
8161603;1;1;1;104.05865342;3
8161606;1;1;1;35.759689704;3
8161606;2;1;2;35.759689704;4
8161617;1;1;1;66.156569196;3
8161617;2;1;2;66.156569196;4
8161638;1;1;1;148.14175382;1
8161651;1;1;1;76.210225893;2
8161651;2;1;2;76.210225893;3
8161656;1;1;1;86.116608663;3
8161656;2;1;2;86.116608663;4
8161658;1;1;1;374.04970008;3
8161658;2;1;2;374.04970008;5
8161673;1;1;1;55.169607265;4
8161674;1;1;1;34.408213155;2
8161674;2;1;2;34.408213155;3
8161693;1;1;1;87.848602873;4
8161693;2;1;2;87.848602873;5
8161694;1;1;1;101.36158882;3
8161704;1;1;1;93.702224628;3
8161704;2;1;2;93.702224628;4
8161709;1;1;1;66.476991701;2
8161709;2;1;2;66.476991701;3
8161746;1;1;1;11.739526352;1
8161757;1;1;1;3.4941443424;2
8161763;1;1;1;278.87344675;3
8161763;2;1;2;278.87344675;4
8161765;1;1;1;94.27994784;1
8161826;1;1;1;54.030889278;3
8161838;1;1;1;245.59631772;3
8161863;1;1;1;1492.9261617;4
8161863;2;1;2;1492.9261617;5
8161868;1;1;1;26.628563147;3
8161910;1;1;1;106.11822666;3
8161910;2;1;2;106.11822666;4
8161916;1;1;1;9.0360499861;5
8161916;2;1;2;9.0360499861;3
8161925;1;1;1;33.918723039;3
8161943;1;1;1;6.0131726997;3
8161943;2;1;2;6.0131726997;4
8161945;1;1;1;3.1447299082;3
8161960;1;1;1;9.8396895847;8
8161960;2;1;2;9.8396895847;9
8161978;1;1;1;110.71537644;3
8161978;2;1;2;110.71537644;4
8161978;3;1;3;110.71537644;5
8161984;5;1;5;91.113580393;7
8161984;1;1;1;91.113580393;3
8161984;2;1;2;91.113580393;4
8161984;3;1;3;91.113580393;5
8161984;4;1;4;91.113580393;6
8161986;1;1;1;119.20402197;6
8161986;2;1;2;119.20402197;7
8162004;1;1;1;3.4941443424;3
8162004;2;1;2;3.4941443424;4
8162005;1;1;1;40.60553198;3
8162016;1;1;1;80.118408761;3
8162016;2;1;2;80.118408761;4
8162020;1;1;1;51.408259896;3
8162040;1;1;1;75.40700039;1
8162040;2;1;2;75.40700039;2
8162093;1;1;1;87.705240872;3
8162100;1;1;1;41.752527669;3
8162100;2;1;2;41.752527669;4
8162104;1;1;1;3.1447299082;4
8162108;1;1;1;320.4138598;5
8162168;1;1;1;341.89352382;1
8162199;1;1;1;99.91404815;2
8162203;1;1;1;115.73776476;3
8162203;2;1;2;115.73776476;4
8162242;1;1;1;232.60436968;4
8162242;2;1;2;232.60436968;5
8162262;1;1;1;22.823048961;3
8162283;1;1;1;43.16750765;1
8162296;1;1;1;325.34786541;2
8162296;2;1;2;325.34786541;3
8162360;1;1;1;55.947702213;3
8162363;1;1;1;44.569484524;3
8162363;2;1;2;44.569484524;4
8162504;1;1;1;168.60255549;2
8162531;1;1;1;7.3548421035;3
8162552;1;1;1;181.03925354;4
8162570;1;1;1;6.360189027;4
8162642;1;1;1;106.03964565;6
8162642;2;1;2;106.03964565;7
8162642;3;1;3;106.03964565;8
8162691;1;1;1;42.857909826;3
8162691;2;1;2;42.857909826;4
8162692;1;1;1;17.520427029;3
8162710;1;1;1;93.861817629;3
8162717;1;1;1;36.765122169;3
8162719;1;1;1;33.948377963;1
8162720;1;1;1;77.320228646;3
8162720;2;1;2;77.320228646;4
8162721;1;1;1;56.548051192;3
8162733;1;1;1;142.40190738;4
8162740;1;1;1;19.500794813;3
8162751;1;1;1;186.57058881;5
8162763;1;1;1;1108.9981059;7
8162811;1;1;1;90.756437308;6
8162826;1;1;1;25.62678549;3
8162828;1;1;1;34.953913419;3
8162835;1;1;1;227.80202767;3
8162836;1;1;1;74.821022384;3
8162836;2;1;2;74.821022384;4
8162842;1;1;1;56.221609487;3
8162852;1;1;1;23.669061811;3
8162852;2;1;2;23.669061811;4
8162872;1;1;1;265.32216947;3
8162872;2;1;2;265.32216947;4
8162872;3;1;3;265.32216947;5
8162880;1;1;1;329.92712469;3
8162880;2;1;2;329.92712469;4
8162897;1;1;1;23.99951525;3
8162897;2;1;2;23.99951525;5
8162905;1;1;1;197.73225927;3
8162905;2;1;2;197.73225927;4
8162913;1;1;1;19.418621867;4
8163010;1;1;1;146.44342409;4
8163010;2;1;2;146.44342409;11
8163010;3;1;3;146.44342409;13
8163011;1;1;1;47.558384586;3
8163014;1;1;1;89.982084836;4
8163016;1;1;1;32.401115514;1
8163028;1;1;1;51.686795939;3
8163028;2;1;2;51.686795939;4
8163031;1;1;1;52.220536742;4
8163042;1;1;1;56.629472848;3
8163045;1;1;1;240.11258134;2
8163072;1;1;1;122.54045834;4
8163072;2;1;2;122.54045834;5
8163074;1;1;1;172.38451385;3
8163074;2;1;2;172.38451385;4
8163083;1;1;1;60.309671551;3
8163084;1;1;1;41.438585059;4
8163108;1;1;1;56.752492907;2
8163108;2;1;2;56.752492907;3
8163117;1;1;1;128.21053979;2
8163120;1;1;1;191.21171205;4
8163136;1;1;1;92.793179086;5
8163136;2;1;2;92.793179086;8
8163141;1;1;1;143.18254412;4
8163146;1;1;1;96.354883115;3
8163166;1;1;1;70.606413812;4
8163179;1;1;1;121.43049997;1
8163180;1;1;1;67.915988013;2
8163243;1;1;1;6.0867153999;2
8163244;1;1;1;240.6488353;4
8163267;1;1;1;4.8530082267;10
8163288;1;1;1;46.917063359;2
8163290;1;1;1;113.90334405;3
8163290;2;1;2;113.90334405;4
8163290;3;1;3;113.90334405;5
8163294;1;1;1;95.302245484;3
8163294;2;1;2;95.302245484;4
8163315;1;1;1;105.3331181;3
8163339;1;1;1;91.275336557;4
8163340;1;1;1;79.836736267;5
8163347;1;1;1;48.189589458;2
8163347;2;1;2;48.189589458;3
8163354;1;1;1;98.827943645;3
8163358;1;1;1;85.782762953;3
8163358;2;1;2;85.782762953;4
8163376;1;1;1;121.96865684;3
8163412;1;1;1;50.778868792;7
8163425;1;1;1;400.37209743;3
8163449;1;1;1;11.395442237;7
8163453;1;1;1;34.58350801;3
8163472;1;1;1;279.97472005;2
8163517;1;1;1;28.000380978;2
8163518;1;1;1;68.55322805;3
8163530;1;1;1;33.183677807;2
8163537;1;1;1;225.03293513;4
8163543;1;1;1;68.84243894;2
8163551;1;1;1;20.60224508;5
8163551;2;1;2;20.60224508;6
8163558;1;1;1;546.3470949;3
8163558;2;1;2;546.3470949;4
8163558;3;1;3;546.3470949;5
8163568;1;1;1;130.25474166;4
8163573;1;1;1;183.30568369;3
8163582;1;1;1;8.0773699186;3
8163582;2;1;2;8.0773699186;8
8163605;1;1;1;195.33851849;3
8163620;1;1;1;133.49074399;3
8163620;2;1;2;133.49074399;4
8163620;3;1;3;133.49074399;5
8163683;1;1;1;31.711491468;2
8163715;1;1;1;35.261574436;3
8163715;2;1;2;35.261574436;4
8163716;1;1;1;163.65392742;3
8163716;2;1;2;163.65392742;4
8163719;1;1;1;45.671465715;1
8163719;2;1;2;45.671465715;2
8163727;1;1;1;63.248479418;3
8163729;1;1;1;296.76543561;3
8163734;1;1;1;277.2367193;5
8163741;1;1;1;39.442553223;3
8163742;1;1;1;86.730088307;2
8163746;1;1;1;207.30177157;4
8163776;1;1;1;149.92764484;3
8163776;2;1;2;149.92764484;4
8163779;1;1;1;139.35265088;3
8163836;1;1;1;143.48942946;2
8163836;2;1;2;143.48942946;3
8163868;1;1;1;55.38409135;3
8163869;1;1;1;60.834015086;4
8163869;2;1;2;60.834015086;5
8163879;1;1;1;31.272488731;2
8163901;1;1;1;35.629030426;2
8163901;2;1;2;35.629030426;3
8163910;1;1;1;49.702414346;4
8163947;1;1;1;363.63849005;1
8163947;2;1;2;363.63849005;5
8163997;1;1;1;575.86914502;3
8164000;1;1;1;24.482576388;2
8164014;1;1;1;161.38418568;3
8164016;1;1;1;53.390754389;3
8164018;1;1;1;586.28753925;2
8164098;1;1;1;77.29927519;3
8164098;2;1;2;77.29927519;4
8164110;1;1;1;53.817303889;3
8164110;2;1;2;53.817303889;4
8164152;1;1;1;41.351352493;3
8164186;1;1;1;213.81179932;4
8164196;1;1;1;200.21470386;3
8164200;1;1;1;32.287122644;3
8164201;1;1;1;52.049606887;3
8164201;2;1;2;52.049606887;4
8164203;1;1;1;16.400956568;3
8164216;1;1;1;141.32690107;4
8164219;1;1;1;148.50628872;4
8164219;2;1;2;148.50628872;5
8164239;1;1;1;154.93721278;2
8164251;1;1;1;68.648814827;3
8164262;1;1;1;154.93721278;2
8164276;1;1;1;163.59578009;3
8164276;2;1;2;163.59578009;4
8164279;1;1;1;140.10754214;3
8164279;2;1;2;140.10754214;4
8164281;1;1;1;252.9388053;2
8164284;1;1;1;139.02131767;4
8164288;1;1;1;35.47070289;2
8164308;1;1;1;177.35790499;2
8164308;2;1;2;177.35790499;3
8164318;1;1;1;95.765283154;2
8164318;2;1;2;95.765283154;3
8164326;1;1;1;174.4927699;3
8164326;2;1;2;174.4927699;5
8164339;1;1;1;291.49732498;2
8164353;1;1;1;94.723732611;4
8164371;1;1;1;122.51276322;2
8164385;1;1;1;47.846722679;2
8164402;1;1;1;152.36818795;2
8164402;2;1;2;152.36818795;3
8164419;1;1;1;122.51276322;2
8164471;1;1;1;71.290496654;3
8164559;1;1;1;139.40674597;4
8164559;2;1;2;139.40674597;5
8164559;3;1;3;139.40674597;6
8164559;4;1;4;139.40674597;7
8164559;5;1;5;139.40674597;8
8164588;1;1;1;692.50470375;5
8164600;1;1;1;153.21635734;3
8164600;2;1;2;153.21635734;4
8164622;1;1;1;150.02028984;2
8164634;1;1;1;14.662651698;3
8164639;1;1;1;106.45453572;2
8164639;2;1;2;106.45453572;3
8164639;3;1;3;106.45453572;4
8164639;4;1;4;106.45453572;5
8164673;1;1;1;101.05156926;3
8164673;2;1;2;101.05156926;4
8164690;1;1;1;59.575002494;3
8164695;1;1;1;82.09196382;2
8164695;2;1;2;82.09196382;3
8164702;1;1;1;186.54587302;3
8164702;2;1;2;186.54587302;4
8164708;1;1;1;17.141812919;2
8164766;1;1;1;8.2220220928;2
8164772;1;1;1;84.596271535;3
8164772;2;1;2;84.596271535;4
8164775;1;1;1;31.303518046;3
8164831;1;1;1;99.685695788;2
8164891;1;1;1;53.390754389;3
8164900;1;1;1;31.303518046;3
8164924;1;1;1;44.963216527;3
8164927;1;1;1;52.541107762;4
8164961;1;1;1;74.369401832;3
8164973;1;1;1;133.91939082;3
8164987;1;1;1;24.907604215;3
8165006;1;1;1;135.48775034;3
8165024;1;1;1;379.15556441;3
8165024;2;1;2;379.15556441;4
8165033;1;1;1;67.643437579;4
8165040;1;1;1;39.857818785;3
8165040;2;1;2;39.857818785;4
8165069;1;1;1;184.67545254;4
8165070;1;1;1;42.436711904;2
8165071;1;1;1;57.184092627;3
8165166;1;1;1;8.7224007076;2
8165176;1;1;1;15.492830958;2
8165198;1;1;1;32.154104155;2
8165215;1;1;1;32.154104155;2
8165216;1;1;1;541.40535517;3
8165230;1;1;1;40.86945325;3
8165232;1;1;1;203.73171026;2
8165234;1;1;1;185.10116758;4
8165281;1;1;1;27.955485359;3
8165283;1;1;1;21.190111386;1
8165285;1;1;1;73.406700001;3
8165285;2;1;2;73.406700001;4
8165291;1;1;1;11.951518387;3
8165302;1;1;1;64.709560148;5
8165347;1;1;1;93.208825478;2
8165347;2;1;2;93.208825478;3
8165347;3;1;3;93.208825478;4
8165349;1;1;1;1298.8077621;1
8165382;1;1;1;137.85234274;2
8165382;2;1;2;137.85234274;3
8165401;1;1;1;99.641194678;2
8165401;2;1;2;99.641194678;3
8165404;1;1;1;253.88243131;3
8165404;2;1;2;253.88243131;4
8165406;1;1;1;47.618988989;3
8165413;1;1;1;43.803551479;3
8165413;2;1;2;43.803551479;4
8165419;1;1;1;48.018556163;3
8165419;2;1;2;48.018556163;4
8165424;1;1;1;36.719899196;3
8165425;1;1;1;45.233995133;3
8165429;1;1;1;220.67600227;5
8165432;1;1;1;181.91188263;2
8165434;1;1;1;351.89675636;4
8165434;2;1;2;351.89675636;5
8165436;1;1;1;36.998842105;4
8165440;1;1;1;41.418557623;3
8165449;1;1;1;34.853254629;5
8165536;1;1;1;21.529409475;2
8165538;1;1;1;21.529409475;1
8165546;1;1;1;90.309546487;4
8165551;2;1;2;77.103305717;5
8165551;1;1;1;77.103305717;4
8165553;1;1;1;21.529409475;3
8165557;1;1;1;81.036551204;4
8165558;1;1;1;31.133906742;1
8165558;2;1;2;31.133906742;2
8165569;1;1;1;87.139931975;5
8165576;1;1;1;1386.0116984;1
8165590;1;1;1;191.01626766;4
8165590;2;1;2;191.01626766;5
8165708;1;1;1;797.94546668;4
8165712;1;1;1;33.541838972;2
8165718;1;1;1;2018.1562573;3
8165718;2;1;2;2018.1562573;4
8165719;1;1;1;71.191861913;4
8165719;2;1;2;71.191861913;5
8165720;1;1;1;936.67795601;3
8165732;1;1;1;34.618382741;2
8165736;1;1;1;107.81569839;6
8165736;2;1;2;107.81569839;7
8165785;1;1;1;232.9294373;3
8165785;2;1;2;232.9294373;4
8165785;3;1;3;232.9294373;5
8165793;1;1;1;166.6145801;7
8165794;1;1;1;50.169577253;1
8165836;1;1;1;98.441697883;3
8165902;1;1;1;30.980706958;3
8165902;2;1;2;30.980706958;4
8165924;1;1;1;271.13177154;1
8165979;1;1;1;110.40203962;5
8165982;1;1;1;37.674629924;3
8166008;1;1;1;272.11690957;2
8166039;1;1;1;305.62269966;2
8166064;1;1;1;292.92858044;4
8166069;1;1;1;280.82529779;3
8166069;2;1;2;280.82529779;4
8166074;1;1;1;157.8793456;3
8166090;1;1;1;290.65818681;3
8166091;1;1;1;167.12481602;4
8166127;1;1;1;149.33011384;3
8166128;1;1;1;157.37994729;4
8166165;1;1;1;197.96800212;1
8166240;1;1;1;236.35218648;6
8166251;1;1;1;471.19566369;3
8166257;1;1;1;161.38050007;3
8166257;2;1;2;161.38050007;5
8166257;3;1;3;161.38050007;6
8166273;1;1;1;212.37999465;3
8166273;2;1;2;212.37999465;4
8166273;3;1;3;212.37999465;5
8166307;1;1;1;430.96389868;3
8166365;1;1;1;65.901480024;4
8166412;1;1;1;107.31834337;3
8166443;1;1;1;337.83944581;3
8166467;1;1;1;168.99816103;3
8166467;2;1;2;168.99816103;4
8166471;1;1;1;10.008584879;3
8166471;2;1;2;10.008584879;4
8166488;1;1;1;245.47206437;2
8166488;2;1;2;245.47206437;4
8166501;1;1;1;80.180926174;3
8166505;1;1;1;330.45359379;2
8166505;2;1;2;330.45359379;4
8166505;3;1;3;330.45359379;5
8166567;1;1;1;905.35851682;3
8166567;2;1;2;905.35851682;4
8166568;1;1;1;274.57248521;2
8166576;1;2;1;446.76737773;4
8166584;1;1;1;13.512138222;3
8166589;1;1;1;221.13744744;2
8166589;2;1;2;221.13744744;3
8166605;1;1;1;33.677632045;3
8166605;2;1;2;33.677632045;4
8166605;3;1;3;33.677632045;5
8166608;1;1;1;80.331495072;3
8166631;1;1;1;54.463498238;3
8166644;1;1;1;227.21070127;4
8166651;1;1;1;318.73752287;1
8166651;2;1;2;318.73752287;3
8166653;1;1;1;28.907099508;2
8166653;2;1;2;28.907099508;3
8166664;1;1;1;52.456858048;3
8166664;2;1;2;52.456858048;4
8166665;1;1;1;58.934899698;3
8166665;2;1;2;58.934899698;4
8166665;3;1;3;58.934899698;5
8166665;4;1;4;58.934899698;6
8166669;1;1;1;131.17768086;3
8166676;1;1;1;13.608829304;3
8166692;2;1;2;254.36161013;4
8166692;1;1;1;254.36161013;3
8166720;1;1;1;127.76026013;2
8166761;1;1;1;82.383029294;3
8166761;2;1;2;82.383029294;4
8166761;3;1;3;82.383029294;5
8166761;4;1;4;82.383029294;6
8166787;1;1;1;164.68406217;5
8166801;1;1;1;98.476625829;3
8166828;1;1;1;279.90115745;2
8166841;1;1;1;80.32502015;2
8166855;1;1;1;119.24068126;3
8166855;2;1;2;119.24068126;4
8166887;1;1;1;60.061845513;2
8166894;1;1;1;33.169017297;1
8166930;1;1;1;53.063811505;2
8166948;1;1;1;120.73172955;3
8166948;2;1;2;120.73172955;4
8166968;1;1;1;283.8976886;2
8166968;2;1;2;283.8976886;3
8166979;1;1;1;14.203035394;3
8167022;1;1;1;453.3822283;4
8167030;1;1;1;49.303635672;4
8167030;2;1;2;49.303635672;5
8167030;3;1;3;49.303635672;5
8167030;4;1;4;49.303635672;7
8167048;1;1;1;310.17514553;1
8167070;1;1;1;311.2605623;3
8167085;1;1;1;482.74364371;2
8167085;2;1;2;482.74364371;3
8167089;1;1;1;183.40274452;3
8167089;2;1;2;183.40274452;4
8167095;1;1;1;278.94402036;3
8167117;1;1;1;157.36525643;4
8167145;1;1;1;231.33506983;2
8167145;2;1;2;231.33506983;3
8167145;3;1;3;231.33506983;4
8167159;1;1;1;328.316746;7
8167207;1;1;1;168.92218576;3
8167207;2;1;2;168.92218576;4
8167212;1;1;1;227.77093649;3
8167212;2;1;2;227.77093649;4
8167235;1;1;1;68.532388286;2
8167293;1;1;1;190.62665696;2
8167315;1;1;1;213.13466213;2
8167351;1;1;1;234.48542891;3
8167351;2;1;2;234.48542891;4
8167351;3;1;3;234.48542891;5
8167351;4;1;4;234.48542891;6
8167362;1;1;1;286.20799144;3
8167362;2;1;2;286.20799144;4
8167363;1;1;1;69.5499087;3
8167363;2;1;2;69.5499087;4
8167363;3;1;3;69.5499087;5
8167370;1;1;1;47.662717183;4
8167370;2;1;2;47.662717183;5
8167383;1;1;1;388.54799483;4
8167389;1;1;1;197.91760368;1
8167421;1;1;1;208.05200248;2
8167448;1;1;1;98.733425862;3
8167468;1;1;1;196.00972935;2
8167470;1;1;1;243.80794727;3
8167470;2;1;2;243.80794727;4
8167489;1;1;1;109.13654905;3
8167489;2;1;2;109.13654905;4
8167489;3;1;3;109.13654905;5
8167497;1;1;1;111.29857035;3
8167497;2;1;2;111.29857035;4
8167499;1;1;1;78.933652806;2
8167499;2;1;2;78.933652806;3
8167500;1;1;1;97.09255813;3
8167519;1;1;1;184.3410373;3
8167520;1;1;1;151.23698371;4
8167520;2;1;2;151.23698371;5
8167522;1;1;1;151.23698371;4
8167522;2;1;2;151.23698371;5
8167526;1;1;1;162.74145288;4
8167529;1;1;1;228.92371052;3
8167538;1;1;1;439.80882491;2
8167538;2;1;2;439.80882491;3
8167545;1;1;1;154.47803709;3
8167545;2;1;2;154.47803709;4
8167570;1;1;1;215.71685301;3
8167589;1;1;1;89.759596643;4
8167592;1;1;1;207.66705108;3
8167592;2;1;2;207.66705108;4
8167598;1;1;1;54.029263058;2
8167598;2;1;2;54.029263058;3
8167600;1;1;1;321.24794524;2
8167604;1;1;1;89.759596643;3
8167621;1;1;1;238.67107048;4
8167621;2;1;2;238.67107048;5
8167623;1;1;1;190.45857623;4
8167623;2;1;2;190.45857623;5
8167656;1;1;1;299.77924051;3
8167656;2;1;2;299.77924051;4
8167673;1;1;1;196.00972935;2
8167765;1;1;1;18.725926623;1
8167765;2;1;2;18.725926623;2
8167798;1;1;1;131.75146421;2
8167841;1;1;1;61.732376144;3
8167890;1;1;1;282.27392424;4
8167890;2;1;2;282.27392424;5
8167890;3;1;3;282.27392424;6
8167890;4;1;4;282.27392424;7
8167890;5;1;5;282.27392424;8
8167923;1;1;1;62.780145861;3
8167923;2;1;2;62.780145861;4
8167937;1;1;1;260.04267723;4
8167956;1;1;1;272.37022152;4
8167956;2;1;2;272.37022152;5
8167971;1;1;1;312.46063585;3
8167971;2;1;2;312.46063585;4
8167980;1;1;1;316.47550622;4
8167980;2;1;2;316.47550622;5
8168001;1;1;1;20.001777689;4
8168001;2;1;2;20.001777689;5
8168062;1;1;1;50.320945815;2
8168062;2;1;2;50.320945815;3
8168072;1;1;1;60.477593033;3
8168072;2;1;2;60.477593033;4
8168077;1;1;1;94.774639721;3
8168079;1;1;1;97.169310234;4
8168079;2;1;2;97.169310234;5
8168079;3;1;3;97.169310234;6
8168106;1;1;1;60.205540538;2
8168132;1;1;1;427.0212;3
8168134;1;1;1;706.91785808;6
8168134;2;1;2;706.91785808;7
8168156;1;1;1;38.372131059;3
8168174;1;1;1;230.47604607;3
8168175;1;1;1;70.753910881;1
8168178;1;1;1;22.403649959;4
8168178;2;1;2;22.403649959;5
8168178;3;1;3;22.403649959;6
8168212;1;1;1;262.20144993;2
8168212;2;1;2;262.20144993;3
8168230;1;1;1;38.674958725;4
8168274;1;1;1;20.255922908;3
8168274;2;1;2;20.255922908;4
8168280;1;1;1;60.301573873;1
8168283;1;1;1;189.45961906;3
8168319;1;1;1;85.015839469;3
8168326;1;1;1;93.849540812;3
8168335;1;1;1;111.58151018;3
8168335;2;1;2;111.58151018;4
8168344;1;1;1;98.883024529;2
8168361;1;1;1;73.880599913;2
8168369;1;1;1;470.73708647;2
8168369;2;1;2;470.73708647;3
8168379;1;1;1;307.79491172;3
8168379;2;1;2;307.79491172;4
8168383;1;1;1;307.11544218;4
8168383;2;1;2;307.11544218;5
8168386;1;1;1;485.64969329;3
8168388;1;1;1;185.67378557;2
8168388;2;1;2;185.67378557;3
8168388;3;1;3;185.67378557;4
8168390;1;1;1;293.20518082;4
8168395;1;1;1;189.31267756;3
8168399;1;1;1;322.67737636;4
8168399;2;1;2;322.67737636;5
8168399;3;1;3;322.67737636;6
8168401;1;1;1;106.4903572;3
8168405;1;1;1;359.17081837;4
8168415;1;1;1;324.98559699;3
8168415;2;1;2;324.98559699;4
8168423;1;1;1;8.9528634714;3
8168456;1;1;1;56.324852672;3
8168456;2;1;2;56.324852672;4
8168486;1;1;1;266.35842936;3
8168486;2;1;2;266.35842936;4
8168487;1;1;1;35.793564904;6
8168491;1;1;1;70.664253503;1
8168511;1;1;1;112.40663106;1
8168526;1;1;1;110.96824667;3
8168536;1;1;1;485.25644711;2
8168540;1;1;1;108.94889156;3
8168540;2;1;2;108.94889156;4
8168556;1;1;1;47.60909991;2
8168556;2;1;2;47.60909991;3
8168557;1;1;1;6.5376374254;4
8168557;2;1;2;6.5376374254;5
8168567;1;1;1;124.45108829;3
8168567;2;1;2;124.45108829;4
8168567;3;1;3;124.45108829;5
8168629;1;1;1;121.49250085;2
8168632;1;1;1;434.29624828;6
8168633;1;1;1;130.07682935;4
8168637;1;1;1;183.08781966;3
8168637;2;1;2;183.08781966;5
8168637;3;1;3;183.08781966;6
8168638;1;1;1;188.67136735;3
8168640;1;1;1;165.32970376;2
8168640;2;1;2;165.32970376;3
8168640;3;1;3;165.32970376;4
8168645;1;1;1;252.01641614;3
8168647;1;1;1;200.26520406;3
8168649;1;1;1;57.009549208;3
8168665;1;1;1;155.97791485;3
8168665;2;1;2;155.97791485;4
8168669;1;1;1;125.88872913;1
8168675;1;1;1;125.86837667;1
8168698;1;1;1;47.120331156;4
8168717;1;1;1;313.59760362;3
8168717;2;1;2;313.59760362;4
8168717;3;1;3;313.59760362;5
8168729;1;1;1;155.08529853;1
8168741;1;1;1;47.577526026;2
8168741;2;1;2;47.577526026;3
8168769;1;1;1;76.618359948;3
8168773;1;1;1;45.045482008;2
8168779;1;1;1;298.11644231;3
8168779;2;1;2;298.11644231;4
8168784;1;1;1;409.38142943;4
8168800;1;1;1;104.06682704;3
8168800;2;1;2;104.06682704;4
8168802;1;1;1;722.21243877;3
8168844;1;1;1;173.8450988;2
8168845;1;1;1;221.02535509;3
8168853;1;1;1;226.40874639;3
8168860;1;1;1;307.52950385;3
8168861;1;1;1;210.51068785;3
8168861;2;1;2;210.51068785;4
8168874;1;1;1;128.80661499;3
8168883;1;1;1;375.88452347;2
8168891;1;1;1;202.13555383;3
8168891;2;1;2;202.13555383;4
8168907;1;1;1;45.993681395;3
8168907;2;1;2;45.993681395;4
8168914;1;1;1;234.95370663;3
8168914;2;1;2;234.95370663;4
8168920;1;1;1;342.64278305;2
8168920;2;1;2;342.64278305;3
8168920;3;1;3;342.64278305;4
8168931;1;1;1;352.01743721;2
8168931;2;1;2;352.01743721;3
8168937;1;1;1;262.90731564;2
8168937;2;1;2;262.90731564;3
8168937;3;1;3;262.90731564;3
8168952;1;1;1;234.95370663;4
8168954;1;1;1;316.59191263;1
8168964;1;1;1;77.087766168;2
8168966;1;1;1;32.903875583;2
8168977;1;1;1;193.55672174;4
8168979;1;1;1;266.41853075;2
8168983;1;1;1;224.88849229;3
8168983;2;1;2;224.88849229;4
8168993;1;1;1;323.11181281;1
8169014;1;1;1;338.26411104;2
8169023;1;1;1;61.058139613;4
8169031;1;1;1;64.555796162;3
8169031;2;1;2;64.555796162;4
8169048;1;1;1;317.25194928;1
8169061;1;1;1;228.95871583;3
8169069;1;1;1;472.07247485;4
8169069;2;1;2;472.07247485;5
8169103;1;1;1;137.69508522;3
8169103;2;1;2;137.69508522;4
8169105;1;1;1;131.18757248;3
8169108;1;1;1;82.35619011;2
8169110;1;1;1;393.2676938;4
8169133;1;1;1;334.59918883;3
8169133;2;1;2;334.59918883;4
8169135;1;1;1;349.11533887;3
8169140;1;1;1;133.05545556;2
8169140;2;1;2;133.05545556;3
8169147;1;1;1;147.35076841;1
8169153;1;1;1;326.54243871;3
8169159;1;1;1;193.99983197;2
8169160;1;1;1;62.8534909;3
8169161;1;1;1;43.589970709;2
8169165;1;1;1;191.27218209;4
8169167;1;1;1;42.371544377;3
8169167;2;1;2;42.371544377;4
8169175;1;1;1;75.902278493;3
8169175;2;1;2;75.902278493;4
8169177;1;1;1;367.03683143;3
8169191;1;1;1;57.009549208;2
8169197;1;1;1;204.7188161;3
8169214;1;1;1;193.77050632;2
8169216;1;1;1;262.06977084;3
8169216;2;1;2;262.06977084;4
8169216;3;1;3;262.06977084;5
8169218;1;1;1;24.227960679;1
8169228;1;1;1;223.29105984;3
8169228;2;1;2;223.29105984;4
8169241;1;1;1;48.345061974;3
8169241;2;1;2;48.345061974;4
8169243;1;1;1;172.75941635;3
8169247;1;1;1;194.73111574;2
8169262;1;1;1;250.7151784;2
8169263;1;1;1;162.08584525;3
8169273;1;1;1;6.7461675081;4
8169273;2;1;2;6.7461675081;5
8169275;1;1;1;26.220215291;3
8169287;1;1;1;207.66083241;3
8169287;2;1;2;207.66083241;4
8169290;1;1;1;60.729261204;3
8169304;1;1;1;6.7461675081;4
8169314;1;1;1;62.8534909;3
8169317;1;1;1;117.97825817;3
8169321;1;1;1;346.32467299;4
8169321;2;1;2;346.32467299;5
8169326;1;1;1;261.10860815;3
8169329;1;1;1;202.5586953;4
8169342;1;1;1;76.163814703;3
8169342;2;1;2;76.163814703;5
8169342;3;1;3;76.163814703;6
8169347;1;1;1;162.08584525;1
8169354;1;1;1;158.56254824;1
8169357;1;1;1;34.478727495;2
8169357;2;1;2;34.478727495;3
8169363;1;1;1;91.117478961;2
8169363;2;1;2;91.117478961;3
8169381;1;1;1;63.263067105;4
8169381;2;1;2;63.263067105;5
8169381;3;1;3;63.263067105;6
8169381;4;1;4;63.263067105;7
8169381;5;1;5;63.263067105;8
8169382;1;1;1;5.8838736828;3
8169382;2;1;2;5.8838736828;4
8169387;1;1;1;163.25574925;4
8169388;1;1;1;86.997149415;4
8169388;2;1;2;86.997149415;5
8169390;1;1;1;88.642678084;3
8169391;1;1;1;5.8838736828;4
8169397;1;1;1;138.84180011;4
8169402;1;1;1;57.646937549;3
8169409;1;1;1;353.92381801;3
8169409;2;1;2;353.92381801;4
8169415;1;1;1;161.31259459;2
8169417;1;1;1;173.12971961;2
8169417;2;1;2;173.12971961;3
8169417;3;1;3;173.12971961;4
8169420;1;1;1;280.02235609;3
8169425;1;1;1;232.74355924;3
8169433;1;1;1;142.36052686;2
8169434;1;1;1;65.547907197;3
8169434;2;1;2;65.547907197;4
8169435;1;1;1;225.31508196;3
8169445;1;1;1;162.13682138;3
8169446;1;1;1;263.62337379;3
8169455;1;1;1;243.62839366;3
8169455;2;1;2;243.62839366;4
8169455;3;1;3;243.62839366;5
8169460;1;1;1;303.75437367;3
8169481;1;1;1;7.8705287594;3
8169489;1;1;1;206.69603199;2
8169501;1;1;1;89.406050809;2
8169523;1;1;1;415.05105327;3
8169523;2;1;2;415.05105327;4
8169530;1;1;1;138.06702907;5
8169530;2;1;2;138.06702907;6
8169543;1;1;1;65.444557933;2
8169550;1;1;1;421.656092;3
8169558;1;1;1;136.80799642;5
8169561;1;1;1;7.8705287594;3
8169561;2;1;2;7.8705287594;4
8169573;1;1;1;386.09871056;4
8169575;1;1;1;172.003452;2
8169577;1;1;1;51.501517513;3
8169581;1;1;1;72.315050516;3
8169584;1;1;1;210.33173127;2
8169593;1;1;1;9.1178236444;3
8169610;1;1;1;296.68292933;3
8169610;2;1;2;296.68292933;4
8169610;3;1;3;296.68292933;6
8169610;4;1;4;296.68292933;7
8169612;1;1;1;7.4702924676;3
8169612;2;1;2;7.4702924676;4
8169624;1;1;1;119.54228406;5
8169624;2;1;2;119.54228406;6
8169630;1;1;1;60.595693907;3
8169630;2;1;2;60.595693907;4
8169635;1;1;1;44.107821275;3
8169635;2;1;2;44.107821275;4
8169648;1;1;1;273.59728833;3
8169654;1;1;1;315.14340943;4
8169663;1;1;1;115.27110283;3
8169663;2;1;2;115.27110283;4
8169663;3;1;3;115.27110283;5
8169672;1;1;1;168.43655649;2
8169674;1;1;1;26.910595212;3
8169685;1;1;1;42.717482975;3
8169706;1;1;1;7.8705287594;2
8169706;2;1;2;7.8705287594;3
8169708;1;1;1;51.497270192;2
8169724;1;1;1;403.3178124;3
8169724;2;1;2;403.3178124;4
8169724;3;1;3;403.3178124;5
8169732;1;1;1;302.15976838;3
8169734;1;1;1;125.17001519;3
8169734;2;1;2;125.17001519;4
8169742;1;1;1;291.95773527;2
8169743;1;1;1;175.40007246;2
8169754;1;1;1;116.21629798;3
8169756;1;1;1;215.08345945;2
8169786;1;1;1;199.6748788;2
8169794;1;1;1;31.017294061;3
8169794;2;1;2;31.017294061;4
8169794;3;1;3;31.017294061;5
8169796;1;1;1;36.685395122;4
8169796;2;1;2;36.685395122;5
8169800;1;1;1;189.32972742;4
8169802;1;1;1;91.904144628;3
8169802;2;1;2;91.904144628;4
8169803;1;1;1;36.685395122;3
8169803;2;1;2;36.685395122;4
8169803;3;1;3;36.685395122;5
8169805;1;1;1;45.553172192;3
8169813;1;1;1;85.417123515;1
8169835;1;1;1;207.47076068;5
8169837;1;1;1;551.17216672;1
8169850;1;1;1;349.36672115;2
8169850;2;1;2;349.36672115;3
8169853;1;1;1;103.78125087;3
8169869;1;1;1;61.113444193;3
8169873;1;1;1;77.105910468;1
8169875;1;1;1;36.497950224;2
8169884;1;1;1;64.677419055;3
8169887;1;1;1;439.73083678;1
8169910;1;1;1;35.406946549;3
8169931;1;1;1;35.58943199;1
8169931;2;1;2;35.58943199;2
8169943;1;1;1;445.95690974;4
8169944;1;1;1;233.06052477;3
8169949;1;1;1;119.38567957;3
8169979;1;1;1;46.478164309;2
8169979;2;1;2;46.478164309;3
8169979;3;1;3;46.478164309;4
8169993;1;1;1;31.809551464;2
8169997;1;1;1;5.2301099403;3
8170012;1;1;1;138.3778194;3
8170012;2;1;2;138.3778194;4
8170014;1;1;1;49.247022809;3
8170014;2;1;2;49.247022809;4
8170014;3;1;3;49.247022809;5
8170037;1;1;1;100.99282318;3
8170037;2;1;2;100.99282318;4
8170053;1;1;1;6.7461675081;1
8170058;1;1;1;6.819067801;3
8170058;2;1;2;6.819067801;3
8170065;1;1;1;68.500344426;3
8170065;2;1;2;68.500344426;4
8170087;1;1;1;43.714205229;3
8170123;1;1;1;5.3489760753;3
8170123;2;1;2;5.3489760753;4
8170131;1;1;1;32.423395482;3
8170131;2;1;2;32.423395482;4
8170131;3;1;3;32.423395482;5
8170131;4;1;4;32.423395482;6
8170149;1;1;1;35.58943199;3
8170153;1;1;1;35.58943199;2
8170160;1;1;1;84.16607664;5
8170160;2;1;2;84.16607664;6
8170160;3;1;3;84.16607664;7
8170217;1;1;1;99.30420445;3
8170228;1;1;1;143.67073899;5
8170230;1;1;1;321.31080956;3
8170230;2;1;2;321.31080956;4
8170262;1;1;1;111.80702863;4
8170264;1;1;1;122.87655384;4
8170264;2;1;2;122.87655384;5
8170271;1;1;1;83.597650197;2
8170271;2;1;2;83.597650197;3
8170271;3;1;3;83.597650197;4
8170281;1;1;1;125.85316543;3
8170323;1;1;1;55.034868143;3
8170413;1;1;1;132.79284762;2
8170416;1;1;1;118.03396486;4
8170433;1;1;1;408.14435398;2
8170433;2;1;2;408.14435398;3
8170437;1;1;1;122.67089667;1
8170450;1;1;1;617.90452441;3
8170450;2;1;2;617.90452441;4
8170450;3;1;3;617.90452441;5
8170450;4;1;4;617.90452441;6
8170453;1;1;1;87.702245138;1
8170454;1;1;1;113.5913042;1
8170457;1;1;1;136.79623868;4
8170498;1;1;1;203.77200948;1
8170500;1;1;1;180.27570177;3
8170500;2;1;2;180.27570177;4
8170500;3;1;3;180.27570177;5
8170500;4;1;4;180.27570177;6
8170513;1;1;1;129.45115948;3
8170533;1;1;1;90.488359441;1
8170537;1;1;1;10.106855458;1
8170552;1;1;1;76.542770824;3
8170552;2;1;2;76.542770824;4
8170558;1;1;1;95.974626789;5
8170569;1;1;1;552.02049215;3
8170569;2;1;2;552.02049215;4
8170593;1;1;1;16.442196564;4
8170633;1;1;1;8.3822737207;3
8170633;2;1;2;8.3822737207;4
8170634;1;1;1;93.959001229;3
8170697;1;1;1;651.93212106;3
8170721;1;1;1;192.07360796;3
8170721;2;1;2;192.07360796;4
8170758;1;1;1;331.75915561;3
8170758;2;1;2;331.75915561;4
8170758;3;1;3;331.75915561;5
8170770;1;1;1;308.53727049;2
8170770;2;1;2;308.53727049;3
8170786;1;1;1;59.279556769;5
8170791;1;1;1;149.47777034;2
8170811;1;1;1;7.1712028386;4
8170837;1;1;1;9.4465825839;3
8170837;2;1;2;9.4465825839;4
8170848;1;1;1;11.808209384;3
8170862;1;1;1;73.440451676;4
8170865;1;1;1;60.53087694;2
8170866;1;1;1;86.936054134;3
8170894;1;1;1;148.98490641;3
8170894;2;1;2;148.98490641;4
8170902;1;1;1;381.56224314;3
8170902;2;1;2;381.56224314;4
8170902;3;1;3;381.56224314;5
8170914;1;1;1;7.2362772018;5
8170914;2;1;2;7.2362772018;6
8170920;1;1;1;381.56224314;3
8170920;2;1;2;381.56224314;4
8170920;3;1;3;381.56224314;5
8170920;4;1;4;381.56224314;6
8170922;1;1;1;102.84303168;2
8170922;2;1;2;102.84303168;4
8170933;1;1;1;298.46586664;2
8170972;1;1;1;47.180816581;4
8170984;1;1;1;187.10720808;2
8170988;1;1;1;53.134412953;3
8170992;1;1;1;127.07965535;1
8171003;1;1;1;294.72477854;3
8171003;2;1;2;294.72477854;5
8171007;1;1;1;99.053724215;3
8171007;2;1;2;99.053724215;4
8171013;1;1;1;181.08304036;3
8171015;1;1;1;125.5209221;2
8171015;2;1;2;125.5209221;3
8171015;3;1;3;125.5209221;4
8171020;1;1;1;338.00306946;4
8171024;1;1;1;99.053724215;3
8171024;2;1;2;99.053724215;4
8171039;1;1;1;260.34756445;5
8171039;2;1;2;260.34756445;6
8171039;3;1;3;260.34756445;9
8171072;1;1;1;102.49079837;9
8171072;2;1;2;102.49079837;11
8171076;1;1;1;42.091463321;3
8171090;1;1;1;149.62909342;3
8171105;1;1;1;64.370744693;2
8171105;2;1;2;64.370744693;3
8171106;1;1;1;122.88101169;3
8171106;2;1;2;122.88101169;4
8171112;1;1;1;93.019818711;3
8171112;2;1;2;93.019818711;4
8171120;1;1;1;3.1447299082;3
8171122;1;1;1;13.751755061;4
8171122;2;1;2;13.751755061;5
8171127;1;1;1;10.48818869;3
8171127;2;1;2;10.48818869;4
8171127;3;1;3;10.48818869;5
8171142;1;1;1;114.6495822;3
8171145;1;1;1;131.69303297;6
8171159;1;1;1;112.57294159;4
8171170;1;1;1;84.632682363;2
8171175;1;1;1;9.9820794646;3
8171180;1;1;1;3.4941443424;4
8171180;2;1;2;3.4941443424;5
8171208;1;1;1;3.1447299082;4
8171208;2;1;2;3.1447299082;5
8171208;3;1;3;3.1447299082;6
8171223;1;1;1;9.2299124992;5
8171223;2;1;2;9.2299124992;6
8171223;3;1;3;9.2299124992;8
8171224;1;1;1;593.42096435;3
8171224;2;1;2;593.42096435;4
8171228;1;1;1;90.682944138;2
8171232;1;1;1;94.168132008;5
8171245;1;1;1;90.919095818;1
8171245;2;1;2;90.919095818;2
8171254;1;1;1;179.48907084;4
8171254;2;1;2;179.48907084;5
8171254;3;1;3;179.48907084;5
8171263;1;1;1;319.13075068;3
8171275;1;1;1;67.398465075;4
8171296;1;1;1;94.174463898;3
8171296;2;1;2;94.174463898;6
8171323;2;1;2;173.6969516;4
8171323;3;1;3;173.6969516;5
8171323;1;1;1;173.6969516;3
8171338;1;1;1;332.45287964;2
8171338;2;1;2;332.45287964;3
8171346;1;1;1;207.72800298;3
8171349;1;1;1;234.93194622;3
8171417;1;1;1;273.65623715;3
8171438;1;1;1;7.7902062067;3
8171454;1;1;1;11.435381484;4
8171454;2;1;2;11.435381484;5
8171454;3;1;3;11.435381484;6
8171454;4;1;4;11.435381484;7
8171454;5;1;5;11.435381484;9
8171454;6;1;6;11.435381484;11
8171468;1;1;1;9.7625663442;3
8171468;2;1;2;9.7625663442;4
8171483;1;1;1;176.37453261;2
8171483;2;1;2;176.37453261;3
8171502;1;1;1;6.9045167968;4
8171502;2;1;2;6.9045167968;5
8171502;3;1;3;6.9045167968;6
8171518;1;1;1;76.589625138;3
8171560;1;1;1;161.66378127;3
8171611;1;1;1;103.65290584;5
8171612;1;1;1;169.20616027;4
8171612;2;1;2;169.20616027;5
8171612;3;1;3;169.20616027;6
8171652;1;1;1;82.160238334;3
8171655;1;1;1;51.151935262;2
8171655;2;1;2;51.151935262;3
8171659;1;1;1;118.10296078;3
8171659;2;1;2;118.10296078;4
8171669;1;1;1;74.438630711;2
8171669;2;1;2;74.438630711;3
8171704;1;1;1;137.53315425;3
8171713;1;1;1;93.462294776;3
8171714;1;1;1;94.45732817;3
8171730;1;1;1;59.879672398;3
8171730;2;1;2;59.879672398;4
8171746;1;1;1;50.416486249;3
8171813;1;1;1;47.775452024;3
8171813;2;1;2;47.775452024;4
8171813;3;1;3;47.775452024;5
8171818;1;1;1;183.53584646;5
8171819;1;1;1;86.224231098;4
8171819;2;1;2;86.224231098;5
8171819;3;1;3;86.224231098;6
8171822;1;1;1;82.332058439;3
8171822;2;1;2;82.332058439;4
8171822;3;1;3;82.332058439;6
8171833;1;1;1;41.44957898;3
8171833;2;1;2;41.44957898;4
8171833;3;1;3;41.44957898;5
8171853;1;1;1;87.974618474;3
8171857;1;1;1;61.51535939;3
8171857;2;1;2;61.51535939;4
8171857;3;1;3;61.51535939;5
8171857;4;1;4;61.51535939;6
8171857;5;1;5;61.51535939;7
8171878;1;1;1;616.54162383;2
8171885;1;1;1;53.135361849;3
8171885;2;1;2;53.135361849;4
8171885;3;1;3;53.135361849;5
8171890;1;1;1;29.680485681;2
8171898;1;1;1;48.757278253;3
8171898;2;1;2;48.757278253;4
8171905;1;1;1;63.117165537;3
8171905;2;1;2;63.117165537;4
8171905;3;1;3;63.117165537;5
8171905;4;1;4;63.117165537;6
8171907;1;1;1;53.304027232;2
8171907;2;1;2;53.304027232;3
8171924;1;1;1;100.54404977;3
8171924;2;1;2;100.54404977;4
8171924;3;1;3;100.54404977;5
8171929;1;1;1;61.1774794;4
8171929;2;1;2;61.1774794;5
8171931;1;1;1;71.247542084;3
8171931;2;1;2;71.247542084;4
8171931;3;1;3;71.247542084;5
8171937;1;1;1;63.645364632;3
8171937;2;1;2;63.645364632;4
8171943;1;1;1;88.728741688;4
8171946;1;1;1;61.211901865;4
8171949;1;1;1;66.754103649;3
8171950;1;1;1;66.533997323;3
8171950;2;1;2;66.533997323;4
8171951;1;1;1;29.783239173;3
8171951;2;1;2;29.783239173;4
8171952;1;1;1;69.792888791;4
8171952;2;1;2;69.792888791;5
8171952;3;1;3;69.792888791;6
8171953;1;1;1;119.13295669;4
8171967;1;1;1;100.54404977;3
8171967;2;1;2;100.54404977;4
8171971;1;1;1;88.929224706;3
8171971;2;1;2;88.929224706;4
8171973;1;1;1;46.028642359;2
8171982;1;1;1;53.322079846;2
8171982;2;1;2;53.322079846;3
8171985;1;1;1;69.15944967;5
8171985;2;1;2;69.15944967;6
8171985;3;1;3;69.15944967;7
8172011;1;1;1;106.37240054;1
8172012;1;1;1;63.727258127;3
8172022;1;1;1;51.875908627;3
8172050;1;1;1;113.28457337;6
8172050;2;1;2;113.28457337;7
8172055;1;1;1;658.24708105;4
8172059;1;1;1;51.538324087;5
8172062;1;1;1;21.556057774;2
8172084;1;1;1;37.120991025;2
8172118;1;1;1;50.59803785;3
8172152;1;1;1;70.806836826;3
8172156;1;1;1;181.16712604;6
8172156;2;1;2;181.16712604;7
8172165;1;1;1;81.485791349;3
8172186;1;1;1;45.025122574;3
8172192;1;1;1;52.553089415;3
8172196;1;1;1;16.504735841;3
8172214;1;1;1;172.56921802;2
8172216;1;1;1;334.78715276;2
8172217;1;1;1;144.44561101;3
8172251;1;1;1;121.59599317;3
8172258;1;1;1;152.9547952;3
8172258;2;1;2;152.9547952;4
8172262;1;1;1;61.040351783;3
8172283;1;1;1;189.882667;3
8172284;1;1;1;87.987824431;3
8172287;1;1;1;249.54801953;3
8172287;2;1;2;249.54801953;4
8172316;1;1;1;120.03791308;2
8172318;1;1;1;70.668021541;3
8172319;1;1;1;186.4435835;3
8172319;2;1;2;186.4435835;4
8172341;1;1;1;51.351156754;3
8172439;1;1;1;76.762592575;2
8172451;1;1;1;197.58409615;2
8172461;1;1;1;179.51254608;3
8172461;2;1;2;179.51254608;4
8172461;3;1;3;179.51254608;5
8172465;1;1;1;514.28223208;5
8172515;1;1;1;218.90810459;4
8172515;2;1;2;218.90810459;6
8172520;1;1;1;169.51882144;2
8172555;1;1;1;45.336516206;3
8172562;1;1;1;108.0223752;3
8172562;2;1;2;108.0223752;4
8172562;3;1;3;108.0223752;5
8172562;4;1;4;108.0223752;6
8172570;1;1;1;82.327249809;3
8172570;2;1;2;82.327249809;4
8172578;1;1;1;45.336516206;3
8172580;1;1;1;181.02001147;2
8172587;1;1;1;194.94701968;2
8172587;2;1;2;194.94701968;3
8172587;3;1;3;194.94701968;4
8172588;1;1;1;45.336516206;3
8172592;1;1;1;60.814934433;2
8172595;1;1;1;96.536619695;1
8172598;1;1;1;86.376763452;3
8172599;1;1;1;100.04626228;3
8172599;2;1;2;100.04626228;4
8172603;1;1;1;88.421887364;3
8172643;1;1;1;197.38385743;4
8172643;2;1;2;197.38385743;5
8172655;1;1;1;45.903222658;3
8172670;1;1;1;197.38385743;3
8172670;2;1;2;197.38385743;4
8172681;1;1;1;188.29687253;2
8172681;2;1;2;188.29687253;3
8172686;2;1;2;22.356382142;3
8172686;1;1;1;22.356382142;2
8172688;1;1;1;76.457481607;4
8172688;2;1;2;76.457481607;5
8172688;3;1;3;76.457481607;6
8172692;1;1;1;70.545477455;2
8172692;2;1;2;70.545477455;3
8172693;1;1;1;70.372659184;3
8172693;2;1;2;70.372659184;4
8172693;3;1;3;70.372659184;5
8172697;1;1;1;27.388949761;2
8172697;2;1;2;27.388949761;3
8172699;1;1;1;22.356382142;2
8172699;2;1;2;22.356382142;3
8172699;3;1;3;22.356382142;4
8172701;1;1;1;71.219863513;2
8172701;2;1;2;71.219863513;3
8172727;1;1;1;44.318543111;2
8172727;2;1;2;44.318543111;3
8172727;3;1;3;44.318543111;4
8172734;1;1;1;45.987166346;2
8172734;2;1;2;45.987166346;3
8172735;1;1;1;69.003395549;3
8172735;2;1;2;69.003395549;4
8172735;3;1;3;69.003395549;5
8172764;1;1;1;62.0361909;4
8172772;1;1;1;74.783108149;2
8172772;2;1;2;74.783108149;3
8172780;1;1;1;238.47822773;2
8172786;1;1;1;289.07163204;2
8172794;1;1;1;101.35129969;6
8172813;1;1;1;594.6320048;3
8172813;2;1;2;594.6320048;4
8172813;3;1;3;594.6320048;6
8172817;1;1;1;154.60630615;3
8172817;2;1;2;154.60630615;4
8172829;1;1;1;326.30576066;3
8172853;1;1;1;58.28980655;4
8172857;1;1;1;58.28980655;3
8172858;1;1;1;556.07831385;2
8172880;1;1;1;322.36618467;5
8172954;1;1;1;462.65620195;3
8172971;1;1;1;271.81011428;3
8172972;1;1;1;284.97139477;3
8172972;2;1;2;284.97139477;4
8172972;3;1;3;284.97139477;5
8172972;4;1;4;284.97139477;7
8172975;1;1;1;358.80887134;2
8172978;1;1;1;372.78050936;3
8173007;1;1;1;129.15249159;2
8173035;1;1;1;47.479220173;2
8173042;1;1;1;41.370663388;2
8173063;1;1;1;57.35889356;2
8173068;1;1;1;62.587322866;4
8173071;1;1;1;354.45978552;3
8173071;2;1;2;354.45978552;4
8173094;1;1;1;409.15671399;3
8173100;1;1;1;311.54855107;4
8173100;2;1;2;311.54855107;5
8173106;1;1;1;576.48449357;3
8173106;2;1;2;576.48449357;4
8173106;3;1;3;576.48449357;5
8173115;1;1;1;185.83401092;4
8173137;1;1;1;211.88713803;6
8173144;1;1;1;190.1577962;4
8173147;1;1;1;356.76392467;2
8173147;2;1;2;356.76392467;3
8173168;1;1;1;206.68775764;5
8173169;1;1;1;324.98559699;3
8173177;1;1;1;41.099232715;3
8173177;2;1;2;41.099232715;4
8173204;1;1;1;48.04954444;4
8173220;1;1;1;36.721640175;2
8173220;2;1;2;36.721640175;3
8173274;1;1;1;57.750228816;1
8173308;1;1;1;24.41838671;3
8173346;1;1;1;179.99460847;2
8173346;2;1;2;179.99460847;3
8173346;3;1;3;179.99460847;4
8173346;4;1;4;179.99460847;5
8173346;5;1;5;179.99460847;6
8173369;1;1;1;42.210279782;4
8173378;1;1;1;129.73355268;5
8173378;2;1;2;129.73355268;6
8173406;1;1;1;52.719222588;3
8173406;2;1;2;52.719222588;4
8173431;1;1;1;46.456221328;3
8173431;2;1;2;46.456221328;4
8173432;1;1;1;88.05804505;3
8173434;1;1;1;62.073388108;3
8173450;1;1;1;46.541996311;2
8173457;1;1;1;73.623066816;3
8173472;1;1;1;77.567945695;2
8173480;1;1;1;355.71753632;3
8173480;2;1;2;355.71753632;4
8173483;1;1;1;132.02957401;3
8173483;2;1;2;132.02957401;4
8173483;3;1;3;132.02957401;5
8173485;1;1;1;189.73982035;3
8173485;2;1;2;189.73982035;4
8173494;1;1;1;79.300047679;5
8173495;1;1;1;70.914742931;3
8173495;2;1;2;70.914742931;4
8173500;1;1;1;131.23551694;4
8173505;1;1;1;128.8505816;3
8173511;1;1;1;152.67693363;4
8173512;1;1;1;109.04885259;4
8173512;2;1;2;109.04885259;5
8173522;1;1;1;126.74728403;2
8173522;2;1;2;126.74728403;3
8173522;3;1;3;126.74728403;4
8173539;1;1;1;93.658242314;6
8173539;2;1;2;93.658242314;7
8173551;1;1;1;91.93863811;2
8173555;1;1;1;95.222216197;3
8173555;2;1;2;95.222216197;4
8173562;1;1;1;204.51239696;3
8173562;2;1;2;204.51239696;4
8173602;1;1;1;234.32711816;3
8173602;2;1;2;234.32711816;4
8173603;1;1;1;235.71539832;5
8173603;2;1;2;235.71539832;6
8173612;1;1;1;288.34731448;4
8173612;2;1;2;288.34731448;5
8173620;1;1;1;13.364597941;2
8173620;2;1;2;13.364597941;3
8173627;1;1;1;52.999912935;3
8173627;2;1;2;52.999912935;4
8173636;1;1;1;62.587322866;4
8173644;1;1;1;111.91262301;3
8173650;1;1;1;353.15100863;4
8173650;2;1;2;353.15100863;5
8173664;1;1;1;133.57614586;3
8173668;1;1;1;297.05822609;3
8173677;1;1;1;366.86808535;3
8173690;1;1;1;108.13665481;3
8173711;1;1;1;132.93374505;3
8173711;2;1;2;132.93374505;4
8173711;3;1;3;132.93374505;5
8173717;1;1;1;152.7561527;3
8173717;2;1;2;152.7561527;4
8173757;1;1;1;196.65484973;2
8173757;2;1;2;196.65484973;3
8173757;3;1;3;196.65484973;4
8173758;1;1;1;193.86326431;2
8173758;2;1;2;193.86326431;3
8173759;1;1;1;262.90731564;3
8173759;2;1;2;262.90731564;4
8173775;1;1;1;678.43366224;4
8173816;1;1;1;415.1000897;2
8173816;2;1;2;415.1000897;3
8173819;1;1;1;196.52570637;3
8173819;2;1;2;196.52570637;4
8173819;3;1;3;196.52570637;5
8173819;4;1;4;196.52570637;6
8173824;1;1;1;201.40205338;3
8173824;2;1;2;201.40205338;4
8173875;1;1;1;88.05804505;3
8173891;1;1;1;336.06852048;3
8173891;2;1;2;336.06852048;4
8173894;1;1;1;245.93715727;2
8173899;1;1;1;51.094847134;1
8173923;1;1;1;165.43557762;4
8173923;2;1;2;165.43557762;5
8173932;1;1;1;40.940488506;3
8173934;1;1;1;57.009549208;2
8173948;1;1;1;50.971136325;2
8173948;2;1;2;50.971136325;3
8173969;1;1;1;176.22133947;3
8173972;1;1;1;188.40299254;3
8173974;1;1;1;124.90736955;3
8173978;1;1;1;157.379838;3
8174018;1;1;1;197.95716264;3
8174040;1;1;1;202.13949193;3
8174041;1;1;1;57.009549208;2
8174046;1;1;1;143.96071956;3
8174049;1;1;1;204.40736808;4
8174050;1;1;1;142.45012583;2
8174053;1;1;1;161.57869776;6
8174053;2;1;2;161.57869776;7
8174060;1;1;1;124.91442006;2
8174060;2;1;2;124.91442006;3
8174064;1;1;1;40.651500584;3
8174064;2;1;2;40.651500584;4
8174065;1;1;1;240.6923568;1
8174067;1;1;1;218.40844428;3
8174070;1;1;1;217.14195465;3
8174074;2;1;2;161.57869776;4
8174074;1;1;1;161.57869776;3
8174085;1;1;1;130.72337199;4
8174089;1;1;1;245.14106159;4
8174089;2;1;2;245.14106159;5
8174098;1;1;1;37.645786405;3
8174098;2;1;2;37.645786405;4
8174104;1;1;1;244.88668638;3
8174104;2;1;2;244.88668638;4
8174106;1;1;1;272.20961437;3
8174106;2;1;2;272.20961437;4
8174118;1;1;1;2469.3273185;4
8174118;2;1;2;2469.3273185;8
8174122;1;1;1;68.114323019;3
8174130;1;1;1;57.009549208;4
8174138;1;1;1;245.14106159;3
8174138;2;1;2;245.14106159;4
8174138;3;1;3;245.14106159;5
8174141;1;1;1;20.51914141;2
8174168;1;1;1;290.54000319;4
8174169;1;1;1;257.67609036;3
8174186;1;1;1;257.75564618;3
8174186;2;1;2;257.75564618;4
8174187;1;1;1;195.45527837;3
8174198;1;1;1;228.37066963;3
8174198;2;1;2;228.37066963;4
8174211;1;1;1;175.1129682;3
8174218;1;1;1;161.57869776;4
8174218;2;1;2;161.57869776;5
8174220;1;1;1;40.891042647;3
8174227;1;1;1;76.342015049;1
8174227;2;1;2;76.342015049;2
8174227;3;1;3;76.342015049;3
8174237;1;1;1;54.339689238;2
8174241;1;1;1;160.84818301;4
8174241;2;1;2;160.84818301;5
8174246;2;1;2;214.55115046;5
8174246;1;1;1;214.55115046;4
8174247;1;1;1;37.576441339;3
8174257;1;1;1;136.38557647;2
8174257;2;1;2;136.38557647;3
8174264;1;1;1;140.0637981;4
8174269;1;1;1;108.88597699;2
8174279;1;1;1;73.582088234;1
8174284;1;1;1;302.93671933;3
8174284;2;1;2;302.93671933;4
8174285;1;1;1;302.93671933;3
8174285;2;1;2;302.93671933;4
8174295;3;1;3;274.15825628;7
8174295;1;1;1;274.15825628;5
8174295;2;1;2;274.15825628;6
8174296;1;1;1;221.40412413;1
8174305;1;1;1;12.65571186;3
8174306;1;1;1;70.450399844;3
8174308;1;1;1;70.450399844;2
8174308;2;1;2;70.450399844;3
8174361;1;1;1;175.83148338;6
8174365;1;1;1;40.891042647;3
8174367;1;1;1;92.266792412;3
8174386;1;1;1;16.889726906;4
8174387;1;1;1;70.450399844;3
8174394;1;1;1;302.93671933;3
8174394;2;1;2;302.93671933;4
8174407;1;1;1;175.83148338;6
8174407;2;1;2;175.83148338;7
8174411;1;1;1;302.93671933;5
8174423;1;1;1;317.98860931;1
8174438;1;1;1;193.67096257;4
8174440;1;1;1;188.44135436;4
8174441;1;1;1;168.55818072;4
8174448;1;1;1;302.93671933;3
8174448;2;1;2;302.93671933;4
8174450;1;1;1;179.97691332;4
8174453;1;1;1;70.450399844;4
8174453;2;1;2;70.450399844;5
8174457;1;1;1;81.036011208;3
8174457;2;1;2;81.036011208;4
8174460;1;1;1;70.450399844;2
8174464;1;1;1;35.58943199;3
8174473;1;1;1;34.651059455;3
8174482;1;1;1;35.58943199;2
8174482;2;1;2;35.58943199;3
8174486;1;1;1;109.66739986;2
8174491;1;1;1;40.891042647;4
8174506;1;1;1;245.99501916;2
8174506;2;1;2;245.99501916;2
8174506;3;1;3;245.99501916;1
8174508;1;1;1;278.05925529;3
8174508;2;1;2;278.05925529;4
8174526;1;1;1;136.19493712;2
8174526;2;1;2;136.19493712;3
8174526;3;1;3;136.19493712;4
8174531;1;1;1;432.7667419;2
8174596;1;1;1;10.210177111;4
8174596;2;1;2;10.210177111;5
8174596;3;1;3;10.210177111;6
8174626;1;1;1;292.34114431;4
8174626;2;1;2;292.34114431;5
8174636;1;1;1;64.879643721;2
8174636;2;1;2;64.879643721;3
8174658;1;1;1;135.62421655;3
8174667;1;1;1;53.532973524;3
8174669;1;1;1;223.29576586;3
8174669;2;1;2;223.29576586;4
8174671;1;1;1;91.394174359;3
8174678;1;1;1;41.913318713;2
8174678;2;1;2;41.913318713;3
8174678;3;1;3;41.913318713;4
8174679;1;1;1;631.87677981;3
8174679;2;1;2;631.87677981;4
8174679;3;1;3;631.87677981;5
8174695;1;1;1;38.664651437;2
8174695;2;1;2;38.664651437;3
8174699;1;1;1;181.31095911;3
8174703;1;1;1;76.896972065;3
8174703;2;1;2;76.896972065;4
8174735;1;1;1;258.37551905;3
8174736;1;1;1;631.87677981;3
8174736;2;1;2;631.87677981;4
8174736;3;1;3;631.87677981;5
8174736;4;1;4;631.87677981;6
8174819;1;1;1;185.0685404;2
8174819;2;1;2;185.0685404;3
8174842;1;1;1;40.891042647;2
8174842;2;1;2;40.891042647;3
8174914;1;1;1;82.880847475;3
8174914;2;1;2;82.880847475;4
8174961;1;1;1;299.22429284;2
8174961;2;1;2;299.22429284;3
8174961;3;1;3;299.22429284;4
8175015;1;1;1;16.675403392;3
8175015;2;1;2;16.675403392;4
8175018;1;1;1;129.09137601;5
8175018;2;1;2;129.09137601;6
8175033;1;1;1;29.194577762;3
8175051;1;1;1;24.242516109;4
8175075;1;1;1;3.1440688867;6
8175087;1;1;1;13.062876603;3
8175108;1;1;1;4.5414328363;4
8175123;1;1;1;29.221887512;2
8175123;2;1;2;29.221887512;3
8175123;3;1;3;29.221887512;4
8175123;4;1;4;29.221887512;5
8175123;5;1;5;29.221887512;6
8175126;1;1;1;2.9194925376;2
8175126;2;1;2;2.9194925376;3
8175126;3;1;3;2.9194925376;4
8175126;4;1;4;2.9194925376;6
8175130;1;1;1;24.231788062;6
8175130;2;1;2;24.231788062;7
8175130;3;1;3;24.231788062;8
8175163;1;1;1;51.729444043;3
8175163;2;1;2;51.729444043;4
8175163;3;1;3;51.729444043;5
8175166;1;1;1;62.425595871;2
8175166;2;1;2;62.425595871;4
8175167;1;1;1;7.5945323666;1
8175169;1;1;1;204.90394059;3
8175173;1;1;1;129.10691783;2
8175184;1;1;1;87.988496872;3
8175215;1;1;1;157.38799106;4
8175220;1;1;1;141.36504709;1
8175232;1;1;1;152.24514497;3
8175232;2;1;2;152.24514497;4
8175253;1;1;1;95.120393769;5
8175264;1;1;1;7.1657901265;3
8175266;1;1;1;8.195171408;1
8175274;1;1;1;187.33699768;5
8175274;2;1;2;187.33699768;6
8175297;1;1;1;86.078996368;3
8175297;2;1;2;86.078996368;4
8175318;1;1;1;9.5913285138;6
8175318;2;1;2;9.5913285138;7
8175324;1;1;1;146.61780017;1
8175354;1;1;1;229.02676867;3
8175354;2;1;2;229.02676867;4
8175354;3;1;3;229.02676867;5
8175359;1;1;1;63.983454587;2
8175421;1;2;1;683.37972649;3
8175421;2;2;2;683.37972649;4
8175427;1;1;1;5.1091119409;3
8175427;2;1;2;5.1091119409;4
8175427;3;1;3;5.1091119409;5
8175437;1;1;1;265.10560745;4
8175438;1;1;1;47.269708538;5
8175466;1;1;1;4.0872895527;3
8175466;2;1;2;4.0872895527;4
8175468;1;1;1;7.6636679113;3
8175483;1;1;1;134.18060452;2
8175483;2;1;2;134.18060452;3
8175555;1;1;1;212.10553278;3
8175555;2;1;2;212.10553278;4
8175559;1;1;1;75.704967308;2
8175611;1;1;1;30.591055889;3
8175612;1;1;1;101.61628784;3
8175612;2;1;2;101.61628784;4
8175644;1;1;1;28.607713645;5
8175644;2;1;2;28.607713645;6
8175645;1;1;1;22.071811211;2
8175645;2;1;2;22.071811211;3
8175705;1;1;1;387.94173755;4
8175705;2;1;2;387.94173755;5
8175711;1;1;1;85.257284121;2
8175785;1;1;1;524.90986444;2
8175802;1;1;1;573.7364102;3
8175803;1;1;1;81.031517216;3
8175904;1;1;1;210.09373827;3
8175904;2;1;2;210.09373827;4
8175929;1;1;1;93.950569233;4
8175941;1;1;1;3.4060746272;5
8175947;1;1;1;3.4060746272;4
8175947;2;1;2;3.4060746272;5
8175951;1;1;1;3.4060746272;4
8175951;2;1;2;3.4060746272;5
8175951;3;1;3;3.4060746272;6
8175952;1;1;1;28.270419406;6
8175952;2;1;2;28.270419406;7
8175953;1;1;1;3.4060746272;4
8175953;2;1;2;3.4060746272;5
8175954;1;1;1;28.270419406;4
8175954;2;1;2;28.270419406;5
8175954;3;1;3;28.270419406;6
8175962;1;1;1;50.886754931;4
8175962;2;1;2;50.886754931;5
8175962;3;1;3;50.886754931;6
8175963;1;1;1;6.130934329;3
8175963;2;1;2;6.130934329;4
8175980;1;1;1;99.778309244;2
8175983;1;1;1;50.655312333;4
8175983;2;1;2;50.655312333;5
8175983;3;1;3;50.655312333;6
8175996;1;1;1;122.4228575;3
8175996;2;1;2;122.4228575;4
8175996;3;1;3;122.4228575;5
8175996;4;1;4;122.4228575;6
8176002;1;1;1;4.5414328363;4
8176019;1;1;1;310.01891296;2
8176030;1;1;1;5.1091119409;3
8176030;2;1;2;5.1091119409;4
8176030;3;1;3;5.1091119409;5
8176039;1;1;1;200.84510498;3
8176039;2;1;2;200.84510498;4
8176043;1;1;1;2.5545559704;5
8176054;1;1;1;6.9083518569;3
8176054;2;1;2;6.9083518569;4
8176054;3;1;3;6.9083518569;5
8176055;1;1;1;2.5545559704;3
8176055;2;1;2;2.5545559704;5
8176057;1;1;1;21.778208251;3
8176057;2;1;2;21.778208251;4
8176057;3;1;3;21.778208251;5
8176118;1;1;1;134.85712449;3
8176118;2;1;2;134.85712449;4
8176157;1;1;1;765.53446724;6
8176164;1;1;1;155.43362703;2
8176178;1;1;1;107.17312978;1
8176200;1;1;1;14.664373443;1
8176254;1;1;1;149.95595053;3
8176275;1;1;1;48.905715558;2
8176280;1;1;1;41.55380862;5
8176318;1;1;1;178.92444645;6
8176329;1;1;1;100.94873665;3
8176329;2;1;2;100.94873665;4
8176333;1;1;1;448.18776357;3
8176333;2;1;2;448.18776357;4
8176333;3;1;3;448.18776357;5
8176335;1;1;1;152.65542689;3
8176347;1;1;1;155.08513881;3
8176347;2;1;2;155.08513881;4
8176358;1;1;1;434.5451519;6
8176418;1;1;1;201.00565791;3
8176446;1;1;1;77.909416374;4
8176446;2;1;2;77.909416374;5
8176470;1;1;1;18.062868574;6
8176490;1;1;1;147.68667643;3
8176532;1;1;1;36.596571264;2
8176560;1;1;1;140.20732645;1
8176560;2;1;2;140.20732645;2
8176566;1;1;1;201.26322282;3
8176566;2;1;2;201.26322282;4
8176589;1;1;1;373.46190535;3
8176600;1;1;1;56.194027487;3
8176600;2;1;2;56.194027487;4
8176641;1;1;1;14.228329879;3
8176641;2;1;2;14.228329879;4
8176655;1;1;1;78.982094423;1
8176656;1;1;1;24.089007128;2
8176666;1;1;1;29.921949162;5
8176666;2;1;2;29.921949162;6
8176675;1;1;1;14.007724492;6
8176675;2;1;2;14.007724492;7
8176684;1;1;1;17.149280607;3
8176684;2;1;2;17.149280607;6
8176684;3;1;3;17.149280607;7
8176684;4;1;4;17.149280607;8
8176714;1;1;1;62.165194188;3
8176771;1;1;1;121.63498082;3
8176799;1;1;1;52.806550173;3
8176799;2;1;2;52.806550173;4
8176799;3;1;3;52.806550173;5
8176803;1;1;1;38.595615683;2
8176803;2;1;2;38.595615683;3
8176807;1;1;1;31.553548197;2
8176807;2;1;2;31.553548197;3
8176807;3;1;3;31.553548197;4
8176808;1;1;1;68.346705902;4
8176810;1;1;1;44.210960346;3
8176836;1;1;1;90.188909098;3
8176844;1;1;1;29.862804077;3
8176846;1;1;1;80.133663675;3
8176847;1;1;1;36.076712294;4
8176860;1;1;1;35.619980461;2
8176872;1;1;1;22.450067225;4
8176873;1;1;1;58.156680518;4
8176947;1;1;1;35.40657291;2
8176953;1;1;1;146.75435146;2
8176953;2;1;2;146.75435146;3
8176953;3;1;3;146.75435146;4
8176967;1;1;1;95.417038147;4
8176967;2;1;2;95.417038147;5
8176978;1;1;1;153.16000182;2
8176980;1;1;1;142.29975449;4
8176983;1;1;1;385.18914123;3
8176983;2;1;2;385.18914123;4
8177000;1;1;1;128.32414409;4
8177049;1;1;1;17.648705571;3
8177056;1;1;1;38.639144884;4
8177058;1;1;1;57.164073379;3
8177065;1;1;1;83.470176963;4
8177074;1;1;1;350.29185082;3
8177074;2;1;2;350.29185082;4
8177089;1;1;1;97.15396362;3
8177089;2;1;2;97.15396362;4
8177099;1;1;1;332.72039882;3
8177099;2;1;2;332.72039882;4
8177103;1;1;1;1661.9299193;2
8177120;1;1;1;26.318397542;2
8177146;1;1;1;281.39600139;3
8177146;2;1;2;281.39600139;4
8177176;1;1;1;136.01776782;4
8177235;1;1;1;56.223121958;10
8177235;2;1;2;56.223121958;11
8177253;1;1;1;23.332193129;3
8177255;1;1;1;49.903319954;4
8177275;1;1;1;39.746856585;3
8177276;1;1;1;31.657669712;4
8177279;1;1;1;64.472723249;6
8177279;2;1;2;64.472723249;7
8177282;2;1;2;36.434616471;3
8177282;3;1;3;36.434616471;4
8177282;1;1;1;36.434616471;2
8177339;1;1;1;302.3691213;2
8177339;2;1;2;302.3691213;3
8177346;1;1;1;295.17253452;4
8177350;1;1;1;310.53292823;3
8177351;1;1;1;130.07530467;6
8177371;1;1;1;67.029305429;3
8177371;2;1;2;67.029305429;4
8177378;1;1;1;119.95447269;3
8177378;2;1;2;119.95447269;4
8177382;1;1;1;106.55008815;5
8177393;1;1;1;62.634506757;3
8177473;1;1;1;248.61059334;3
8177473;2;1;2;248.61059334;4
8177473;3;1;3;248.61059334;5
8177479;1;1;1;194.5670431;3
8177536;1;1;1;94.685244065;3
8177539;1;1;1;278.60913728;2
8177544;1;1;1;196.91912944;4
8177555;1;1;1;78.589034418;1
8177561;1;1;1;273.1707975;3
8177578;1;1;1;311.83056646;2
8177578;2;1;2;311.83056646;3
8177588;1;1;1;289.02072613;2
8177588;2;1;2;289.02072613;3
8177588;3;1;3;289.02072613;4
8177591;1;1;1;25.889093264;3
8177591;2;1;2;25.889093264;4
8177606;1;1;1;133.66867678;2
8177617;1;1;1;103.30552102;2
8177621;1;1;1;111.24750282;2
8177621;2;1;2;111.24750282;3
8177642;1;1;1;189.4090722;3
8177642;2;1;2;189.4090722;4
8177663;1;1;1;194.78789384;3
8177664;1;1;1;233.47244022;3
8177673;1;1;1;353.87401397;3
8177673;2;1;2;353.87401397;4
8177686;1;1;1;173.88146792;2
8177695;1;1;1;273.1707975;3
8177722;1;1;1;318.30749457;2
8177725;1;1;1;217.97827865;3
8177725;2;1;2;217.97827865;4
8177732;1;1;1;141.51833958;2
8177732;2;1;2;141.51833958;3
8177732;3;1;3;141.51833958;4
8177742;1;1;1;99.490673638;3
8177744;1;1;1;128.32192971;2
8177754;1;1;1;172.00357632;3
8177754;2;1;2;172.00357632;4
8177754;3;1;3;172.00357632;5
8177754;4;1;4;172.00357632;6
8177756;1;1;1;134.30002349;3
8177778;1;1;1;330.55459861;3
8177778;2;1;2;330.55459861;4
8177784;1;1;1;148.13522617;3
8177791;1;1;1;155.56400673;4
8177805;1;1;1;69.949124738;3
8177805;2;1;2;69.949124738;4
8177807;1;1;1;114.09047345;3
8177819;1;1;1;160.67150138;3
8177819;2;1;2;160.67150138;4
8177822;1;1;1;183.99241807;4
8177827;1;1;1;135.6785312;3
8177827;2;1;2;135.6785312;4
8177827;3;1;3;135.6785312;5
8177837;1;1;1;296.47318041;1
8177846;1;1;1;156.48076667;2
8177855;1;1;1;68.086564282;3
8177855;2;1;2;68.086564282;4
8177870;1;1;1;48.960098861;1
8177870;2;1;2;48.960098861;2
8177877;1;1;1;52.085361374;3
8177881;1;1;1;423.17991673;2
8177894;1;1;1;46.548978098;3
8177919;1;1;1;470.30361991;2
8177919;2;1;2;470.30361991;3
8177926;1;1;1;36.892931206;3
8177927;1;1;1;156.48076667;2
8177930;1;1;1;127.49198433;3
8177930;2;1;2;127.49198433;4
8177940;1;1;1;168.80822523;2
8177950;1;1;1;153.42632421;3
8177972;1;1;1;60.389570279;1
8177977;1;1;1;166.30116649;6
8177979;1;1;1;172.88545198;1
8177986;1;1;1;191.0154102;2
8177987;1;1;1;232.81202561;2
8177998;1;1;1;65.181817798;3
8177998;2;1;2;65.181817798;4
8178017;1;1;1;157.63379433;2
8178031;1;1;1;171.06234902;2
8178031;2;1;2;171.06234902;3
8178032;1;1;1;146.29865352;3
8178033;1;1;1;64.388922823;3
8178040;1;1;1;139.28389124;3
8178041;1;1;1;45.956402711;3
8178059;1;1;1;158.73489046;2
8178059;2;1;2;158.73489046;3
8178067;1;1;1;169.2476866;2
8178067;2;1;2;169.2476866;3
8178070;1;1;1;213.07632561;2
8178070;2;1;2;213.07632561;3
8178080;1;1;1;136.19733624;3
8178080;2;1;2;136.19733624;4
8178086;1;1;1;149.08912211;4
8178086;2;1;2;149.08912211;5
8178087;1;1;1;181.22602519;2
8178088;1;1;1;165.03574253;4
8178089;1;1;1;154.05057491;3
8178090;1;1;1;77.606495366;4
8178090;2;1;2;77.606495366;5
8178102;1;1;1;58.49908421;2
8178143;1;1;1;64.219617856;2
8178143;2;1;2;64.219617856;3
8178143;3;1;3;64.219617856;4
8178145;1;1;1;64.862790619;5
8178146;1;1;1;121.761761;6
8178146;2;1;2;121.761761;7
8178148;1;1;1;107.93694626;4
8178150;1;1;1;59.649941837;2
8178156;1;1;1;74.292271318;3
8178180;1;1;1;251.20773659;3
8178237;1;1;1;99.968251159;4
8178245;1;1;1;85.195181472;3
8178269;1;1;1;141.13621918;4
8178273;1;1;1;140.2052082;3
8178273;2;1;2;140.2052082;4
8178279;1;1;1;161.75799701;2
8178279;2;1;2;161.75799701;3
8178318;1;1;1;2876.121825;4
8178506;1;1;1;124.78916342;1
8178512;1;1;1;333.28580205;2
8178531;1;1;1;57.012632631;3
8178531;2;1;2;57.012632631;4
8178531;3;1;3;57.012632631;5
8178536;1;1;1;47.607651206;3
8178536;2;1;2;47.607651206;4
8178536;3;1;3;47.607651206;5
8178545;1;1;1;68.421933858;3
8178545;2;1;2;68.421933858;4
8178545;3;1;3;68.421933858;5
8178545;4;1;4;68.421933858;6
8178547;1;1;1;86.116608663;4
8178571;1;1;1;24.923830442;1
8178574;1;1;1;243.82339053;5
8178574;2;1;2;243.82339053;6
8178574;3;1;3;243.82339053;7
8178578;1;1;1;27.884164943;3
8178578;2;1;2;27.884164943;4
8178634;1;1;1;26.833076756;3
8178634;2;1;2;26.833076756;4
8178640;1;1;1;2506.0657612;4
8178640;2;1;2;2506.0657612;5
8178662;1;1;1;2043.291911;1
8178666;1;1;1;17.371413838;2
8178779;1;1;1;139.49775945;3
8178779;2;1;2;139.49775945;4
8178779;3;1;3;139.49775945;5
8178799;1;1;1;115.23486214;6
8178799;2;1;2;115.23486214;7
8178874;1;1;1;131.44979906;3
8178874;2;1;2;131.44979906;4
8178874;3;1;3;131.44979906;5
8178889;1;1;1;105.39847052;3
8178889;2;1;2;105.39847052;4
8178974;1;1;1;293.69151507;6
8178988;1;1;1;235.48998883;5
8178988;2;1;2;235.48998883;6
8178990;1;1;1;292.54761297;4
8179006;1;1;1;769.26643582;2
8179039;1;1;1;71.894966097;3
8179039;2;1;2;71.894966097;4
8179077;1;1;1;66.553966232;3
8179077;2;1;2;66.553966232;4
8179090;1;1;1;85.425430321;4
8179163;1;1;1;80.952758577;3
8179179;1;1;1;31.632039028;3
8179191;1;1;1;12.426201372;3
8179191;2;1;2;12.426201372;4
8179191;3;1;3;12.426201372;5
8179305;1;1;1;284.45344949;3
8179312;1;1;1;19.267194458;3
8179336;1;1;1;13.179805647;2
8179369;1;1;1;45.309861215;2
8179387;1;1;1;61.56112778;2
8179387;2;1;2;61.56112778;3
8179392;1;1;1;29.179972931;2
8179392;2;1;2;29.179972931;3
8179396;1;1;1;47.566379666;1
8179467;1;1;1;329.32558862;2
8179515;1;1;1;522.89751108;1
8179521;1;1;1;400.58210496;2
8179521;2;1;2;400.58210496;3
8179535;1;1;1;184.56806433;2
8179535;2;1;2;184.56806433;3
8179569;1;1;1;183.7428998;4
8179687;1;1;1;20.187290973;3
8179757;1;1;1;186.77011476;3
8179781;1;1;1;187.08935944;3
8179781;2;1;2;187.08935944;4
8179798;1;1;1;81.07294333;3
8179798;2;1;2;81.07294333;4
8179828;1;1;1;5.669136987;3
8179828;2;1;2;5.669136987;4
8179857;1;1;1;57.481414302;4
8179857;2;1;2;57.481414302;5
8179857;3;1;3;57.481414302;6
8179858;1;1;1;39.851257153;3
8179861;1;1;1;27.578106871;3
8179861;2;1;2;27.578106871;4
8179873;1;1;1;81.72596491;3
8179873;2;1;2;81.72596491;4
8179883;1;1;1;24.42074233;3
8179886;1;1;1;24.42074233;3
8179899;1;1;1;27.909419806;3
8179901;1;1;1;249.84973441;3
8179905;1;1;1;230.02744112;2
8179925;1;1;1;177.76257756;2
8179932;1;1;1;198.64390617;2
8179965;1;1;1;24.42074233;3
8179965;2;1;2;24.42074233;4
8179971;1;1;1;31.367789498;3
8179973;1;1;1;55.118876712;3
8179973;2;1;2;55.118876712;4
8179975;1;1;1;33.19431013;3
8179975;2;1;2;33.19431013;4
8179976;1;1;1;57.291732395;3
8179988;1;1;1;249.31145422;2
8179988;2;1;2;249.31145422;3
8179991;1;1;1;395.12205267;3
8179999;1;1;1;205.43611571;2
8179999;2;1;2;205.43611571;3
8180019;1;1;1;383.75425757;3
8180020;1;1;1;383.75425757;3
8180021;1;1;1;430.85348629;3
8180027;1;1;1;442.11834721;2
8180027;2;1;2;442.11834721;3
8180028;1;1;1;383.75425757;3
8180046;1;1;1;93.582476859;3
8180070;1;1;1;27.578106871;2
8180084;1;1;1;51.237330625;3
8180085;1;1;1;54.220838326;4
8180086;1;1;1;64.388435692;5
8180095;1;1;1;293.72507292;3
8180095;2;1;2;293.72507292;4
8180125;1;1;1;274.79566956;3
8180125;2;1;2;274.79566956;4
8180169;1;1;1;43.491359475;7
8180169;2;1;2;43.491359475;2
8180182;1;1;1;183.54262268;6
8180191;1;1;1;532.01790618;3
8180192;1;1;1;52.963292979;5
8180192;2;1;2;52.963292979;6
8180194;1;1;1;37.693892541;1
8180286;1;1;1;114.73977835;3
8180286;2;1;2;114.73977835;4
8180286;3;1;3;114.73977835;5
8180288;1;1;1;122.05686602;3
8180288;2;1;2;122.05686602;4
8180288;3;1;3;122.05686602;5
8180294;2;1;2;228.05934211;6
8180294;3;1;3;228.05934211;7
8180294;1;1;1;228.05934211;5
8180297;1;1;1;124.29437032;5
8180321;1;1;1;21.804634573;2
8180321;2;1;2;21.804634573;2
8180321;3;1;3;21.804634573;3
8180385;1;1;1;170.39247618;4
8180388;1;1;1;410.80323584;3
8180397;1;1;1;186.70500937;4
8180400;1;1;1;166.2549445;3
8180400;2;1;2;166.2549445;4
8180451;1;1;1;261.95846438;4
8180456;1;1;1;5.8389850753;1
8180459;1;1;1;95.773403647;3
8180467;1;1;1;8.6667736123;3
8180495;1;1;1;293.69392243;3
8180507;1;1;1;258.09118988;3
8180507;2;1;2;258.09118988;4
8180516;1;1;1;464.39675853;3
8180516;2;1;2;464.39675853;4
8180517;1;1;1;161.06592362;2
8180517;2;1;2;161.06592362;3
8180548;1;1;1;23.790089083;3
8180572;1;1;1;3907.8863435;1
8180603;1;1;1;70.508552231;3
8180603;2;1;2;70.508552231;4
8180603;3;1;3;70.508552231;5
8180653;1;1;1;342.76258867;3
8180653;2;1;2;342.76258867;4
8180653;3;1;3;342.76258867;5
8180678;1;1;1;27.272538205;1
8180678;2;1;2;27.272538205;2
8180678;3;1;3;27.272538205;3
8180696;1;1;1;164.66935555;4
8180697;1;1;1;331.81496249;3
8180697;2;1;2;331.81496249;4
8180699;1;1;1;227.63045611;3
8180699;2;1;2;227.63045611;4
8180699;3;1;3;227.63045611;5
8180740;1;1;1;89.299891433;1
8180766;1;1;1;579.73885058;1
8180823;1;1;1;2.5545559704;3
8180823;2;1;2;2.5545559704;4
8180823;3;1;3;2.5545559704;5
8180826;1;1;1;2.5545559704;3
8180826;2;1;2;2.5545559704;4
8180844;1;1;1;95.688694988;3
8180844;2;1;2;95.688694988;4
8180844;3;1;3;95.688694988;5
8180845;1;1;1;93.422963414;4
8180881;1;1;1;58.263997526;4
8180905;1;1;1;91.608703778;3
8180905;2;1;2;91.608703778;4
8180906;1;1;1;78.02246722;3
8180906;2;1;2;78.02246722;4
8180929;1;1;1;13.988454351;3
8180971;1;1;1;88.389408088;5
8180971;2;1;2;88.389408088;2
8181009;1;1;1;164.88727006;4
8181057;1;1;1;201.72135087;1
8181084;1;1;1;679.66685598;6
8181085;1;1;1;133.43813855;5
8181086;1;1;1;289.75863199;4
8181095;1;1;1;325.13022406;3
8181117;1;1;1;572.14106545;5
8181122;1;1;1;297.29745421;3
8181124;1;1;1;139.57447073;3
8181129;1;1;1;86.211056386;2
8181141;1;1;1;133.43813855;5
8181164;1;1;1;159.58381979;3
8181183;1;1;1;146.82980028;1
8181190;1;1;1;36.366385272;3
8181202;1;1;1;44.853055769;6
8181274;1;1;1;325.36920155;5
8181274;2;1;2;325.36920155;6
8181274;3;1;3;325.36920155;7
8181274;4;1;4;325.36920155;8
8181282;1;1;1;20.575622741;3
8181284;1;1;1;95.410238071;3
8181286;1;1;1;271.75030959;3
8181289;1;1;1;403.81716715;3
8181346;1;1;1;9.407169772;3
8181348;1;1;1;22.229013096;2
8181348;2;1;2;22.229013096;3
8181445;1;1;1;11.379829812;5
8181486;1;1;1;285.86664978;3
8181501;1;1;1;49.906756662;3
8181501;2;1;2;49.906756662;4
8181503;1;1;1;377.55253625;2
8181503;2;1;2;377.55253625;3
8181503;3;1;3;377.55253625;4
8181525;1;1;1;305.37751567;3
8181525;2;1;2;305.37751567;4
8181560;1;1;1;48.519705742;3
8181576;1;1;1;165.699166;1
8181576;2;1;2;165.699166;2
8181605;1;1;1;33.429772428;3
8181607;1;1;1;324.05309428;2
8181658;1;1;1;414.97546416;2
8181658;2;1;2;414.97546416;3
8181658;3;1;3;414.97546416;4
8181700;1;1;1;47.616109152;3
8181707;1;1;1;124.33855714;5
8181732;1;1;1;102.97434856;3
8181756;1;1;1;17.588558634;4
8181756;2;1;2;17.588558634;5
8181781;1;1;1;51.450916886;3
8181788;1;1;1;116.89985573;1
8181789;1;1;1;116.89985573;3
8181789;2;1;2;116.89985573;4
8181789;3;1;3;116.89985573;5
8181792;1;1;1;67.900049626;3
8181796;1;1;1;29.224963933;2
8181892;1;1;1;34.526974894;2
8181894;1;1;1;78.566491817;4
8181894;2;1;2;78.566491817;5
8181919;1;1;1;41.819930546;3
8181920;1;1;1;17.274386165;4
8181920;2;1;2;17.274386165;5
8181920;3;1;3;17.274386165;6
8181920;4;1;4;17.274386165;7
8181924;1;1;1;13.30366769;4
8181945;1;1;1;42.328326395;5
8181945;2;1;2;42.328326395;6
8181952;1;1;1;49.536699009;3
8181959;1;1;1;29.224963933;3
8181975;1;1;1;99.857390982;3
8182000;1;1;1;29.224963933;4
8182000;2;1;2;29.224963933;5
8182028;1;1;1;116.89985573;3
8182028;2;1;2;116.89985573;4
8182037;1;1;1;90.288680405;1
8182048;1;1;1;136.11281247;2
8182048;2;1;2;136.11281247;3
8182071;1;1;1;91.510813366;3
8182099;1;1;1;95.497407829;1
8182157;1;1;1;197.69770513;3
8182159;1;1;1;164.34889257;2
8182168;1;1;1;49.854548051;3
8182218;1;1;1;438.34537859;2
8182218;2;1;2;438.34537859;3
8182225;1;1;1;331.89847677;3
8182286;1;1;1;44.465934802;5
8182320;1;1;1;147.215713;2
8182320;2;1;2;147.215713;3
8182375;1;1;1;177.76257756;2
8182376;1;1;1;233.64793405;3
8182394;1;1;1;451.32829419;1
8182394;2;1;2;451.32829419;2
8182402;1;1;1;218.91031307;2
8182406;1;1;1;248.35491388;2
8182470;1;1;1;289.23033497;1
8182478;1;1;1;163.93736746;3
8182478;2;1;2;163.93736746;4
8182478;3;1;3;163.93736746;5
8182496;1;1;1;26.401888821;3
8182496;2;1;2;26.401888821;4
8182497;1;1;1;50.688423941;3
8182497;2;1;2;50.688423941;4
8182500;1;1;1;84.980163126;3
8182503;1;1;1;109.42788252;2
8182563;1;1;1;256.36556485;5
8182575;1;1;1;43.189684224;5
8182575;2;1;2;43.189684224;6
8182629;1;1;1;57.586440784;1
8182630;1;1;1;458.31809648;3
8182633;1;1;1;17.334271272;3
8182654;1;1;1;11.243061214;2
8182670;1;1;1;167.4518683;3
8182670;2;1;2;167.4518683;4
8182670;3;1;3;167.4518683;5
8182684;1;1;1;189.04952826;1
8182696;1;1;1;130.37609649;4
8182698;1;1;1;510.1137675;4
8182702;1;1;1;47.738080073;3
8182702;2;1;2;47.738080073;4
8182712;1;1;1;57.309974048;4
8182747;1;1;1;68.823258607;1
8182750;1;1;1;156.91230433;3
8182750;2;1;2;156.91230433;4
8182786;1;1;1;43.672189097;5
8182792;1;1;1;158.56123718;3
8182808;1;1;1;162.89974742;3
8182847;1;1;1;32.010940761;3
8182872;1;1;1;84.255146671;3
8182872;2;1;2;84.255146671;4
8182891;1;1;1;13.925938764;3
8182897;1;1;1;47.364221758;2
8182897;2;1;2;47.364221758;3
8182905;1;1;1;100.50302808;2
8183014;1;1;1;91.059601226;5
8183081;1;1;1;799.09464829;3
8183081;2;1;2;799.09464829;4
8183081;3;1;3;799.09464829;5
8183092;1;1;1;37.429603606;5
8183092;2;1;2;37.429603606;6
8183098;1;1;1;347.36859142;3
8183100;1;1;1;19.699040469;4
8183168;1;1;1;42.920982504;3
8183168;2;1;2;42.920982504;4
8183168;3;1;3;42.920982504;5
8183245;1;1;1;118.290933;4
8183245;2;1;2;118.290933;5
8183259;1;1;1;139.46443797;3
8183259;2;1;2;139.46443797;4
8183266;1;1;1;31.045402061;3
8183266;2;1;2;31.045402061;4
8183289;1;1;1;251.42955347;2
8183307;1;1;1;389.81182481;4
8183319;1;1;1;325.20636664;2
8183408;1;1;1;183.40274452;3
8183408;2;1;2;183.40274452;4
8183408;3;1;3;183.40274452;5
8183408;4;1;4;183.40274452;6
8183439;1;1;1;295.37165504;3
8183439;2;1;2;295.37165504;4
8183448;1;1;1;8.007965265;3
8183459;1;1;1;1018.4480929;2
8183459;2;1;2;1018.4480929;3
8183475;1;1;1;26.821221838;3
8183487;1;1;1;792.88340551;2
8183525;1;1;1;34.692693181;3
8183525;2;1;2;34.692693181;4
8183527;1;1;1;37.068212732;4
8183527;2;1;2;37.068212732;5
8183546;1;1;1;37.633176723;1
8183546;2;1;2;37.633176723;2
8183546;3;1;3;37.633176723;3
8183546;4;1;4;37.633176723;4
8183595;1;1;1;52.167754515;1
8183622;1;1;1;57.40179825;3
8183684;1;1;1;293.9583808;3
8183700;1;1;1;35.212656412;2
8183704;1;1;1;42.028907399;2
8183704;2;1;2;42.028907399;3
8183721;1;1;1;88.05804505;3
8183739;1;1;1;13.099467619;4
8183747;1;1;1;33.590628585;3
8183757;1;1;1;19.234892317;1
8183767;1;1;1;4.903228069;3
8183767;2;1;2;4.903228069;4
8183801;1;1;1;264.91386754;8
8183801;2;1;2;264.91386754;9
8183801;3;1;3;264.91386754;10
8183807;1;1;1;53.92761642;1
8183810;1;1;1;45.590336148;4
8183826;1;1;1;47.596379821;3
8183826;2;1;2;47.596379821;4
8183831;1;1;1;551.26908012;2
8183833;1;1;1;320.59521898;1
8183849;1;1;1;251.90193811;3
8183849;2;1;2;251.90193811;4
8183849;3;1;3;251.90193811;5
8183877;1;1;1;254.72732699;1
8183883;1;1;1;266.53603179;2
8183891;1;1;1;557.01171476;6
8183891;2;1;2;557.01171476;7
8183900;1;1;1;1248.3263907;3
8183900;2;1;2;1248.3263907;4
8183900;3;1;3;1248.3263907;5
8183901;1;1;1;1468.007089;3
8183901;2;1;2;1468.007089;4
8183916;2;1;2;486.98654206;3
8183916;1;1;1;486.98654206;2
8183929;1;1;1;5.8838736828;3
8183952;1;1;1;496.73319611;2
8183952;2;1;2;496.73319611;3
8183954;1;1;1;377.71623585;2
8183981;1;1;1;646.89811728;2
8183981;2;1;2;646.89811728;3
8183997;1;1;1;41.819930546;4
8184001;1;1;1;555.03554271;4
8184064;1;1;1;770.98571536;3
8184126;1;1;1;22.253440301;1
8184141;1;1;1;37.970883284;3
8184186;1;1;1;94.404563904;3
8184186;2;1;2;94.404563904;4
8184224;1;1;1;124.07603793;2
8184231;1;1;1;110.54891537;4
8184252;1;1;1;228.61584549;3
8184252;2;1;2;228.61584549;4
8184252;3;1;3;228.61584549;5
8184317;1;1;1;824.31179464;3
8184324;1;1;1;336.04342502;3
8184324;2;1;2;336.04342502;4
8184338;1;1;1;74.35724254;3
8184338;2;1;2;74.35724254;4
8184338;3;1;3;74.35724254;5
8184346;1;1;1;196.2637635;2
8184397;1;1;1;196.45307148;1
8184405;1;1;1;227.56953937;1
8184405;2;1;2;227.56953937;2
8184452;1;1;1;620.09669633;3
8184452;2;1;2;620.09669633;4
8184466;1;1;1;311.3312242;2
8184479;1;1;1;232.60890489;2
8184513;1;1;1;64.555340305;2
8184516;1;1;1;720.4093619;4
8184516;2;1;2;720.4093619;5
8184529;1;1;1;835.94761191;3
8184529;2;1;2;835.94761191;4
8184540;1;1;1;610.97696599;3
8184540;2;1;2;610.97696599;4
8184546;1;1;1;483.03116745;2
8184549;1;1;1;566.49672986;2
8184570;1;1;1;506.87294821;2
8184570;2;1;2;506.87294821;3
8184570;3;1;3;506.87294821;4
8184575;1;1;1;9.3566668604;3
8184578;1;1;1;387.39066734;3
8184683;1;1;1;83.999474754;3
8184683;2;1;2;83.999474754;4
8184708;1;1;1;367.78624774;4
8184732;1;1;1;65.109420267;2
8184732;2;1;2;65.109420267;3
8184732;3;1;3;65.109420267;4
8184770;1;1;1;7.8297861885;5
8184929;1;1;1;10.264315182;2
8184929;2;1;2;10.264315182;3
8184929;3;1;3;10.264315182;4
8184929;4;1;4;10.264315182;5
8185054;1;1;1;7.2155524593;2
8185054;2;1;2;7.2155524593;3
8185054;3;1;3;7.2155524593;4
8185054;4;1;4;7.2155524593;5
8185167;1;1;1;105.08799507;3
8185167;2;1;2;105.08799507;4
8185194;1;2;1;80.940544307;3
8185369;1;1;1;810.47977779;3
8185379;1;1;1;232.59138262;5
8185382;1;1;1;414.22621732;2
8185440;1;1;1;174.24091649;5
8185440;2;1;2;174.24091649;6
8185453;1;1;1;60.746414298;3
8185455;1;1;1;69.284416803;4
8185460;1;1;1;171.82437389;2
8185460;2;1;2;171.82437389;3
8185464;1;1;1;123.15848614;2
8185464;2;1;2;123.15848614;3
8185464;3;1;3;123.15848614;4
8185466;1;1;1;208.74997902;3
8185466;2;1;2;208.74997902;4
8185468;1;1;1;115.14967323;3
8185517;1;1;1;759.75442038;3
8185523;1;1;1;68.488009109;2
8185523;2;1;2;68.488009109;3
8185525;1;1;1;152.49904409;3
8185527;1;1;1;244.18924148;3
8185527;2;1;2;244.18924148;4
8185527;3;1;3;244.18924148;5
8185541;1;1;1;274.60255899;4
8185547;1;1;1;186.91662497;3
8185549;1;1;1;150.05317634;3
8185552;1;1;1;50.620820553;5
8185552;2;1;2;50.620820553;6
8185552;3;1;3;50.620820553;7
8185598;1;1;1;69.289296009;3
8185598;2;1;2;69.289296009;4
8185598;3;1;3;69.289296009;5
8185621;1;1;1;96.600507192;2
8185626;1;1;1;87.428680363;2
8185660;1;1;1;62.044598103;2
8185661;1;1;1;86.290746325;2
8185661;2;1;2;86.290746325;3
8185662;1;1;1;82.952912395;3
8185662;2;1;2;82.952912395;4
8185662;3;1;3;82.952912395;5
8185710;1;1;1;56.312872043;2
8185710;2;1;2;56.312872043;3
8185862;1;1;1;68.627054099;4
8185862;2;1;2;68.627054099;5
8185917;1;1;1;25.161567475;3
8185917;2;1;2;25.161567475;4
8186063;1;1;1;565.60924412;2
8186132;1;1;1;7.7162560548;1
8186144;3;1;3;108.75928603;6
8186144;1;1;1;108.75928603;4
8186144;2;1;2;108.75928603;5
8186169;1;1;1;9.0752581432;2
8186178;1;1;1;75.98541821;3
8186179;1;1;1;123.49821835;3
8186179;2;1;2;123.49821835;4
8186185;1;1;1;100.2926497;3
8186189;1;1;1;59.157272803;4
8186189;2;1;2;59.157272803;5
8186189;3;1;3;59.157272803;6
8186190;1;1;1;45.687874553;3
8186193;1;1;1;67.988434217;4
8186193;2;1;2;67.988434217;5
8186196;1;1;1;57.41496675;2
8186196;2;1;2;57.41496675;3
8186198;1;1;1;63.073726027;4
8186198;2;1;2;63.073726027;5
8186214;1;1;1;253.31263206;2
8186216;1;1;1;113.81695121;5
8186226;1;1;1;53.588800166;3
8186226;2;1;2;53.588800166;4
8186227;1;1;1;36.857793768;3
8186232;1;1;1;41.483951915;3
8186259;1;1;1;319.40461662;3
8186259;2;1;2;319.40461662;4
8186264;1;1;1;956.43803921;3
8186298;1;1;1;243.2565772;4
8186301;1;1;1;245.68109293;2
8186318;1;1;1;74.460706708;3
8186318;2;1;2;74.460706708;4
8186323;1;1;1;108.94004622;2
8186344;1;1;1;765.04961359;4
8186346;1;1;1;930.36553047;3
8186379;1;1;1;318.44767334;2
8186447;1;1;1;17.655319336;2
8186447;2;1;2;17.655319336;3
8186447;3;1;3;17.655319336;4
8186448;1;1;1;17.655319336;3
8186462;1;1;1;350.60925057;1
8186479;1;1;1;5.1091119409;1
8186493;1;1;1;33.924503287;1
8186493;2;1;2;33.924503287;2
8186496;1;1;1;63.608443664;1
8186496;2;1;2;63.608443664;3
8186496;3;1;3;63.608443664;4
8186496;4;1;4;63.608443664;5
8186496;5;1;5;63.608443664;6
8186502;1;1;1;182.30813959;1
8186507;1;1;1;34.984331183;1
8186507;2;1;2;34.984331183;2
8186532;1;1;1;53.931409568;2
8186532;2;1;2;53.931409568;3
8186532;3;1;3;53.931409568;4
8186552;1;1;1;46.472040397;2
8186569;1;1;1;15.406452245;4
8186588;1;1;1;20.238203461;2
8186644;1;1;1;93.144331079;3
8186678;1;1;1;53.452517441;2
8186681;1;1;1;113.1280448;5
8186681;2;1;2;113.1280448;6
8186735;1;1;1;130.36256151;4
8186746;1;1;1;28.792817093;2
8186746;2;1;2;28.792817093;3
8186748;1;1;1;28.792817093;7
8186759;1;1;1;85.578947517;3
8186759;2;1;2;85.578947517;4
8186780;1;1;1;34.505552239;3
8186784;1;1;1;72.161685786;1
8186844;1;1;1;9.8773194388;5
8186850;1;1;1;74.594804642;4
8186850;2;1;2;74.594804642;5
8186850;3;1;3;74.594804642;6
8186861;1;1;1;109.67193825;3
8186886;1;1;1;10.77525757;3
8186886;2;1;2;10.77525757;4
8186896;1;1;1;640.27908777;3
8186909;1;1;1;58.904740011;3
8186919;1;1;1;16.081851268;3
8186919;2;1;2;16.081851268;4
8186920;1;1;1;16.929303613;3
8186920;2;1;2;16.929303613;4
8186923;1;1;1;24.662939653;3
8186925;1;1;1;19.112429337;6
8186941;1;1;1;194.53947313;4
8186942;1;1;1;34.695514726;5
8186942;2;1;2;34.695514726;6
8186945;1;1;1;124.38677848;3
8186945;2;1;2;124.38677848;4
8186973;1;1;1;137.26891899;3
8187013;1;1;1;58.550312065;5
8187013;2;1;2;58.550312065;6
8187072;1;1;1;200.43750828;3
8187073;1;1;1;57.620010492;3
8187073;2;1;2;57.620010492;4
8187073;3;1;3;57.620010492;5
8187073;4;1;4;57.620010492;6
8187075;1;1;1;237.69950685;2
8187085;1;1;1;216.50960821;1
8187182;1;1;1;86.227635645;3
8187182;2;1;2;86.227635645;4
8187215;1;1;1;506.6760673;2
8187215;2;1;2;506.6760673;3
8187216;1;1;1;394.71392493;2
8187216;2;1;2;394.71392493;3
8194542;1;1;1;461.97521721;5
8194542;2;1;2;461.97521721;6
8194545;1;1;1;51.686678436;4
8194553;1;1;1;133.74684728;3
8194553;2;1;2;133.74684728;5
8194639;1;1;1;61.233074471;5
8194639;2;1;2;61.233074471;8
8194643;1;1;1;47.438653682;2
8194722;1;1;1;132.82904046;3
8194745;1;1;1;225.3098055;4
8194745;1;2;1;225.3098055;2
8194748;1;1;1;1091.8899319;3
8194758;1;1;1;23.415285189;3
8194792;1;1;1;18.02984669;1
8194876;1;1;1;440.89726458;3
8194885;1;1;1;250.87822325;1
8194906;1;1;1;17.449967904;1
8194921;1;1;1;55.535390066;3
8194958;1;1;1;139.85877037;3
8194958;2;1;2;139.85877037;4
8194971;1;1;1;127.65308453;4
8194998;1;1;1;212.37999465;3
8194998;2;1;2;212.37999465;4
8194998;3;1;3;212.37999465;5
8195016;1;1;1;72.946117884;3
8195069;1;1;1;113.75643254;3
8195094;1;1;1;176.18879213;3
8195144;1;1;1;124.84655936;3
8195160;1;1;1;148.45651648;3
8195241;1;1;1;16.890172778;3
8195241;2;1;2;16.890172778;4
8195244;1;1;1;16.890172778;3
8195245;1;1;1;369.86442124;3
8195293;1;1;1;100.29436508;3
8195326;1;1;1;27.024276445;3
8195362;1;1;1;21.461324361;3
8195401;1;1;1;177.03122845;3
8195407;1;1;1;23.02895664;2
8195439;1;1;1;45.68278259;3
8195454;1;1;1;37.748961265;3
8195455;1;1;1;37.639678369;2
8195455;2;1;2;37.639678369;3
8195476;1;1;1;50.386483795;3
8195492;1;1;1;251.7488344;3
8195492;2;1;2;251.7488344;4
8195505;1;1;1;172.43881782;3
8195525;1;1;1;306.90025747;2
8195525;2;1;2;306.90025747;3
8195525;3;1;3;306.90025747;4
8195558;1;1;1;741.9003179;2
8195558;2;1;2;741.9003179;3
8195558;3;1;3;741.9003179;4
8195592;1;1;1;42.196408736;3
8195597;1;1;1;27.677724223;4
8195624;1;1;1;89.756490565;2
8195629;1;1;1;37.251256865;2
8195708;1;1;1;26.560029656;2
8195709;1;1;1;32.696600586;2
8195709;2;1;2;32.696600586;3
8195746;1;1;1;33.235607362;3
8195761;1;1;1;21.822484841;3
8195775;1;1;1;123.41475758;3
8195775;2;1;2;123.41475758;4
8195808;1;1;1;303.1684775;4
8195808;2;1;2;303.1684775;5
8196017;1;1;1;118.50346364;2
8196020;1;1;1;307.53151196;3
8196096;1;1;1;101.54830314;4
8196109;2;1;2;184.64403272;5
8196109;1;1;1;184.64403272;4
8196117;1;1;1;21.17431576;3
8196118;1;1;1;129.82107075;3
8196123;1;1;1;135.88531254;2
8196136;1;1;1;21.125662543;4
8196146;1;1;1;275.4037052;1
8196146;2;1;2;275.4037052;2
8196146;3;1;3;275.4037052;3
8196146;4;1;4;275.4037052;4
8196147;1;1;1;338.76482435;2
8196147;2;1;2;338.76482435;3
8196162;1;2;1;63.493718616;2
8196162;2;2;2;63.493718616;3
8196162;3;2;3;63.493718616;4
8196162;4;2;4;63.493718616;5
8196162;1;3;1;63.493718616;3
8196162;2;3;2;63.493718616;4
8196207;1;1;1;104.79013073;3
8196207;2;1;2;104.79013073;4
8196244;1;1;1;206.16517876;4
8196276;1;1;1;31.06036068;3
8196279;1;1;1;37.518685894;4
8196341;1;1;1;58.123207764;4
8196347;1;1;1;96.792036669;4
8196486;1;1;1;21.158704023;2
8196496;1;1;1;91.458588423;5
8196522;1;1;1;64.111319369;3
8196522;2;1;2;64.111319369;4
8196523;1;1;1;36.355925746;1
8196530;1;1;1;91.151282353;3
8196610;1;1;1;783.60621086;3
8196610;2;1;2;783.60621086;4
8196610;3;1;3;783.60621086;5
8196614;1;1;1;195.90155271;3
8198360;1;1;1;249.36719373;3
8198388;1;1;1;121.87328277;4
8198388;2;1;2;121.87328277;5
8198418;1;1;1;296.25568957;3
8198426;1;1;1;4.2439324599;4
8198439;1;1;1;143.03717109;3
8198448;1;1;1;46.664762109;3
8198450;1;1;1;113.98651178;2
8198450;1;2;1;113.98651178;1
8198477;1;1;1;14.281102886;3
8198483;1;1;1;5.6570847693;2
8198530;1;1;1;3.4941443424;2
8198530;2;1;2;3.4941443424;3
8198530;3;1;3;3.4941443424;4
8198542;1;1;1;49.019508776;3
8198567;1;1;1;112.95897712;8
8198567;2;1;2;112.95897712;9
8198582;1;1;1;73.541016646;1
8198582;2;1;2;73.541016646;2
8198582;3;1;3;73.541016646;3
8198583;1;1;1;31.552408913;1
8198583;2;1;2;31.552408913;3
8198583;3;1;3;31.552408913;3
8198642;1;1;1;88.449834028;3
8198722;1;1;1;17.520663126;3
8198722;2;1;2;17.520663126;4
8198722;3;1;3;17.520663126;5
8198737;1;1;1;4.1122777148;3
8198737;2;1;2;4.1122777148;4
8198765;1;1;1;4.277071877;4
8198765;2;1;2;4.277071877;5
8198777;1;1;1;4.277071877;3
8198777;2;1;2;4.277071877;4
8198777;3;1;3;4.277071877;5
8198790;1;1;1;12.179318414;2
8198790;2;1;2;12.179318414;3
8198815;1;1;1;14.561955203;3
8198853;1;1;1;56.942016908;3
8198853;2;1;2;56.942016908;4
8198901;1;1;1;257.8945855;3
8198912;2;1;2;70.507930228;6
8198912;1;1;1;70.507930228;5
8198918;1;1;1;103.18847037;3
8198918;2;1;2;103.18847037;4
8198939;1;1;1;6.9176083911;5
8198939;2;1;2;6.9176083911;6
8198952;1;1;1;232.27033545;4
8198955;1;1;1;51.291332697;4
8198955;2;1;2;51.291332697;5
8198955;3;1;3;51.291332697;6
8198963;1;1;1;119.756974;1
8198964;1;1;1;52.156700273;2
8198964;2;1;2;52.156700273;3
8198975;1;1;1;85.701818646;3
8199011;1;1;1;46.210378226;4
8199011;2;1;2;46.210378226;5
8199012;1;1;1;46.210378226;3
8199012;2;1;2;46.210378226;4
8199012;3;1;3;46.210378226;5
8199014;1;1;1;6.5179259942;3
8199015;1;1;1;46.210378226;3
8199015;2;1;2;46.210378226;4
8199015;3;1;3;46.210378226;5
8199022;1;1;1;84.52534515;3
8199030;1;1;1;61.971834605;3
8199038;1;1;1;5.8761914196;4
8199038;2;1;2;5.8761914196;5
8199054;1;1;1;132.92421873;3
8199060;1;1;1;151.202951;7
8199060;2;1;2;151.202951;8
8199082;1;1;1;78.437904663;3
8199082;2;1;2;78.437904663;4
8199082;3;1;3;78.437904663;5
8199096;1;1;1;59.966922721;3
8199113;1;1;1;266.56214183;4
8199113;2;1;2;266.56214183;5
8199113;3;1;3;266.56214183;6
8199132;1;1;1;150.58935667;3
8199132;2;1;2;150.58935667;4
8199150;1;1;1;37.230444275;2
8199150;2;1;2;37.230444275;3
8199178;1;1;1;67.894482647;3
8199178;2;1;2;67.894482647;4
8199186;1;1;1;493.18147325;2
8199186;2;1;2;493.18147325;3
8199230;1;1;1;85.264953501;2
8199230;2;1;2;85.264953501;2
8199238;1;1;1;14.740514425;2
8199249;2;1;2;9.5904749327;4
8199249;3;1;3;9.5904749327;5
8199249;1;1;1;9.5904749327;3
8199251;2;1;2;140.71330491;3
8199251;1;1;1;140.71330491;2
8199269;1;1;1;64.409187041;3
8199273;1;1;1;63.476142495;4
8199312;1;1;1;142.74886412;2
8199340;1;1;1;62.855197659;2
8199340;2;1;2;62.855197659;3
8199352;1;1;1;154.41528212;3
8199352;2;1;2;154.41528212;4
8199352;3;1;3;154.41528212;5
8199352;4;1;4;154.41528212;6
8199352;5;1;5;154.41528212;7
8199390;1;1;1;18.89412854;3
8199390;2;1;2;18.89412854;4
8199447;1;1;1;264.55494079;4
8199458;1;1;1;8.3758234543;3
8199459;1;1;1;27.031869857;4
8199478;1;1;1;280.83362429;3
8199478;2;1;2;280.83362429;4
8199529;1;1;1;29.561641899;6
8199557;1;1;1;23.669061811;4
8199561;1;1;1;90.145411741;5
8199561;2;1;2;90.145411741;6
8199579;1;1;1;465.18001388;2
8199579;2;1;2;465.18001388;3
8199579;3;1;3;465.18001388;4
8199587;1;1;1;215.69359088;3
8199587;2;1;2;215.69359088;4
8199587;3;1;3;215.69359088;5
8199611;1;1;1;104.47088414;3
8199611;2;1;2;104.47088414;4
8199614;1;1;1;23.231675757;3
8199773;1;1;1;679.66783149;3
8199805;1;1;1;49.578564716;2
8199814;1;1;1;52.607294691;3
8199814;2;1;2;52.607294691;4
8199819;1;1;1;110.80055086;2
8199819;2;1;2;110.80055086;3
8199831;1;1;1;292.22418397;3
8199831;2;1;2;292.22418397;3
8199833;1;1;1;215.90953709;4
8199834;1;1;1;139.88428132;3
8199834;2;1;2;139.88428132;4
8199837;1;1;1;95.075672253;3
8199849;1;1;1;78.962538525;3
8199853;1;1;1;157.27575879;2
8199882;1;1;1;21.293396907;3
8199882;2;1;2;21.293396907;4
8199882;3;1;3;21.293396907;5
8199900;1;1;1;74.499788772;2
8199904;1;1;1;60.993381557;3
8199909;1;1;1;154.02018599;3
8199909;2;1;2;154.02018599;4
8199936;1;1;1;249.5729315;2
8199936;2;1;2;249.5729315;3
8199947;1;1;1;509.68542725;2
8199964;2;1;2;137.2217846;4
8199964;1;1;1;137.2217846;3
8199965;1;1;1;104.32185149;5
8199967;1;1;1;84.673498179;2
8200014;1;1;1;96.301507066;3
8200017;3;1;3;9.4677487671;5
8200017;2;1;2;9.4677487671;4
8200017;1;1;1;9.4677487671;3
8200018;1;1;1;96.773816679;3
8200018;2;1;2;96.773816679;4
8200030;1;1;1;76.906193159;4
8200030;2;1;2;76.906193159;5
8200063;1;1;1;200.743166;3
8200063;2;1;2;200.743166;4
8200064;1;1;1;194.02771775;2
8200064;2;1;2;194.02771775;3
8200064;3;1;3;194.02771775;4
8200064;4;1;4;194.02771775;5
8200067;1;1;1;256.72169784;3
8200078;1;1;1;56.725067582;5
8200078;2;1;2;56.725067582;6
8200167;2;1;2;162.78773105;3
8200167;3;1;3;162.78773105;4
8200167;1;1;1;162.78773105;2
8200168;1;1;1;248.2044748;3
8200168;2;1;2;248.2044748;4
8200172;1;1;1;125.26683432;2
8200181;1;1;1;143.88542692;3
8200187;1;1;1;146.25351431;2
8200187;2;1;2;146.25351431;3
8200199;1;1;1;487.34354273;3
8200221;1;1;1;49.986433529;2
8200224;1;1;1;7.5633540401;2
8200225;1;1;1;51.888410409;2
8200231;1;1;1;9.942817586;2
8200236;1;1;1;9.2228496533;5
8200240;1;1;1;6.5244903844;5
8200250;1;1;1;6.3863899261;3
8200250;2;1;2;6.3863899261;4
8200265;1;1;1;1634.8101563;2
8200379;1;1;1;6.4116548;2
8200380;1;1;1;16.650868605;3
8200452;1;1;1;80.70577332;5
8200553;1;1;1;45.530961938;3
8200609;1;1;1;88.76355954;3
8200611;1;1;1;58.212106886;3
8200614;1;1;1;99.105145012;2
8200614;2;1;2;99.105145012;3
8200614;3;1;3;99.105145012;4
8200631;1;1;1;48.81812857;3
8200633;1;1;1;30.249339786;3
8200639;1;1;1;44.12342422;4
8200641;1;1;1;61.616992903;5
8200641;2;1;2;61.616992903;6
8200648;2;1;2;87.573282628;4
8200648;1;1;1;87.573282628;3
8200654;1;1;1;108.59471301;4
8200660;1;1;1;97.610419247;2
8200661;1;1;1;80.401173259;2
8200666;1;1;1;57.661612078;2
8200679;1;1;1;59.906664767;3
8200686;1;1;1;52.910203132;3
8200690;1;1;1;60.405162373;4
8200693;1;1;1;117.57690364;3
8200713;1;1;1;104.59669787;2
8200720;1;1;1;60.043692406;2
8200723;1;1;1;43.784098703;3
8200724;1;1;1;89.514474949;3
8200724;2;1;2;89.514474949;4
8200742;1;1;1;134.27171242;4
8200744;1;1;1;134.27171242;3
8200744;2;1;2;134.27171242;4
8200747;1;1;1;113.84827935;3
8200747;2;1;2;113.84827935;4
8200783;1;1;1;336.50821662;5
8200786;1;1;1;113.11954242;2
8200861;1;1;1;108.56669281;3
8200861;2;1;2;108.56669281;4
8200862;1;1;1;100.34294847;4
8200866;1;1;1;169.36047973;4
8200881;1;1;1;242.91159995;4
8200930;1;1;1;32.791220874;4
8200930;2;1;2;32.791220874;5
8200968;1;1;1;15.755159005;2
8200985;1;1;1;7.5369853943;3
8200985;2;1;2;7.5369853943;4
8200997;1;1;1;17.004715686;3
8200997;2;1;2;17.004715686;4
8201017;1;1;1;38.820469431;4
8201021;1;1;1;11.336477124;4
8201049;1;1;1;7.3185452635;2
8201049;2;1;2;7.3185452635;3
8201097;1;1;1;58.383342564;3
8201115;1;1;1;67.159458576;3
8201115;2;1;2;67.159458576;4
8201115;3;1;3;67.159458576;5
8201117;1;1;1;46.386898732;3
8201117;2;1;2;46.386898732;4
8201175;1;1;1;37.644049118;2
8201180;1;1;1;126.09497806;3
8201194;1;1;1;65.418620331;4
8201241;1;1;1;36.510961212;3
8201241;2;1;2;36.510961212;4
8201245;1;1;1;49.663561084;6
8201289;1;1;1;25.212970453;3
8201292;1;1;1;38.444529471;2
8201292;2;1;2;38.444529471;3
8201300;1;1;1;16.861601038;2
8201300;2;1;2;16.861601038;3
8201302;1;1;1;182.18710269;3
8201330;1;1;1;20.995329664;2
8201338;1;1;1;220.99456545;3
8201338;2;1;2;220.99456545;4
8201343;1;1;1;21.710281424;3
8201343;2;1;2;21.710281424;4
8201358;1;1;1;39.362282019;2
8201376;1;1;1;135.26337064;3
8201424;1;1;1;47.780645999;4
8201440;1;1;1;391.02804741;3
8201440;2;1;2;391.02804741;4
8201440;3;1;3;391.02804741;5
8201444;1;1;1;415.34198333;3
8201444;2;1;2;415.34198333;5
8201448;1;1;1;321.23103282;3
8201448;2;1;2;321.23103282;4
8201509;1;1;1;11.086583212;4
8201509;2;1;2;11.086583212;5
8201528;1;1;1;43.805931681;1
8201535;1;1;1;169.60297886;2
8201550;1;1;1;52.483576624;3
8201560;1;1;1;124.32123411;2
8201575;1;1;1;37.316164025;2
8201586;1;1;1;261.34250797;3
8201644;1;1;1;189.57067877;6
8201656;1;1;1;57.009549208;1
8201657;1;1;1;245.14106159;3
8201657;2;1;2;245.14106159;4
8201657;3;1;3;245.14106159;5
8201747;1;1;1;107.04973288;1
8201747;2;1;2;107.04973288;1
8201747;3;1;3;107.04973288;1
8201826;1;1;1;24.89519808;2
8201837;1;1;1;208.41601374;4
8201837;2;1;2;208.41601374;5
8201918;1;1;1;108.53618709;2
